op,c,t,p50_ms
moe_mixed,0,8,0.08885
moe_mixed,256,8,0.18848
moe_mixed,512,8,0.23983
moe_mixed,1024,8,0.31842
moe_mixed,2048,8,0.44574
moe_mixed,4096,8,0.68653
moe_mixed,8192,8,1.13
moe_mixed,0,32,0.14187
moe_mixed,256,32,0.21721
moe_mixed,512,32,0.25858
moe_mixed,1024,32,0.3248
moe_mixed,2048,32,0.42836
moe_mixed,4096,32,0.67817
moe_mixed,8192,32,1.1739
moe_mixed,0,64,0.18467
moe_mixed,256,64,0.25184
moe_mixed,512,64,0.28193
moe_mixed,1024,64,0.34042
moe_mixed,2048,64,0.46701
moe_mixed,4096,64,0.69786
moe_mixed,8192,64,1.15405
