op,layers,c,t,p50_ms,min_run_ms,max_run_ms,n_runs,clock_mean_mhz,clock_min_mhz,host_ms,spread_pct,us_per_token,power_capped
dense_attn,16,1,0,0.077655,0.07753,0.07778,2,1980.0,1980,0.103295,0.321937,77.655,False
dense_attn,16,8,0,0.085355,0.08533,0.08538,2,1980.0,1980,0.12684,0.0585789,10.6694,False
dense_attn,16,16,0,0.0865,0.0865,0.0865,2,1980.0,1980,0.122485,0.0,5.40625,False
dense_attn,16,32,0,0.08563,0.08563,0.08563,2,1980.0,1980,0.123095,0.0,2.67594,False
dense_attn,16,64,0,0.089155,0.08915,0.08916,2,1980.0,1980,0.123495,0.0112164,1.39305,False
dense_gdn,48,1,0,0.08206,0.082,0.08212,2,1980.0,1980,0.18096,0.146234,82.06,False
dense_gdn,48,8,0,0.085605,0.08557,0.08564,2,1980.0,1980,0.20223,0.0817709,10.7006,False
dense_gdn,48,16,0,0.0863,0.08625,0.08635,2,1980.0,1980,0.200235,0.115875,5.39375,False
dense_gdn,48,32,0,0.087405,0.08726,0.08755,2,1980.0,1980,0.20352,0.331789,2.73141,False
dense_gdn,48,64,0,0.08908,0.08906,0.0891,2,1980.0,1980,0.207945,0.0449035,1.39187,False
dense_mlp,64,1,0,0.15163,0.1513,0.15196,2,1980.0,1980,0.04788,0.43527,151.63,False
dense_mlp,64,8,0,0.1525,0.15243,0.15257,2,1980.0,1980,0.047395,0.0918033,19.0625,False
dense_mlp,64,16,0,0.15368,0.15356,0.1538,2,1980.0,1980,0.04495,0.156169,9.605,False
dense_mlp,64,32,0,0.152995,0.15288,0.15311,2,1980.0,1980,0.044605,0.150332,4.78109,False
dense_mlp,64,64,0,0.159455,0.15942,0.15949,2,1980.0,1980,0.044905,0.0438995,2.49148,False
gdn_decode,48,1,0,0.00326,0.00326,0.00326,2,1980.0,1980,0.108315,0.0,3.26,False
gdn_decode,48,8,0,0.01898,0.01881,0.01915,2,1980.0,1980,0.083655,1.79136,2.3725,False
gdn_decode,48,16,0,0.03119,0.03113,0.03125,2,1980.0,1980,0.081885,0.384739,1.94938,False
gdn_decode,48,32,0,0.056095,0.05609,0.0561,2,1980.0,1980,0.10836,0.0178269,1.75297,False
gdn_decode,48,64,0,0.10681,0.10676,0.10686,2,1980.0,1980,0.104945,0.0936242,1.66891,False
fa_decode,16,1,4096,0.017765,0.01776,0.01777,2,1980.0,1980,0.04449,0.0562905,17.765,False
fa_decode,16,1,16384,0.034585,0.03452,0.03465,2,1980.0,1980,0.054185,0.375885,34.585,False
fa_decode,16,1,32768,0.053735,0.05368,0.05379,2,1980.0,1980,0.05905,0.204708,53.735,False
fa_decode,16,1,65536,0.086445,0.08638,0.08651,2,1980.0,1980,0.09637,0.150385,86.445,False
fa_decode,16,1,131072,0.148545,0.14851,0.14858,2,1980.0,1980,0.05776,0.0471238,148.545,False
fa_decode,16,1,262144,0.27402,0.2738,0.27424,2,1980.0,1980,0.05511,0.160572,274.02,False
fa_decode,16,8,4096,0.049805,0.04977,0.04984,2,1980.0,1980,0.052995,0.140548,6.22562,False
fa_decode,16,8,16384,0.14172,0.14171,0.14173,2,1980.0,1980,0.0558,0.0141123,17.715,False
fa_decode,16,8,32768,0.26073,0.26072,0.26074,2,1974.0,1935,0.05753,0.00767077,32.5913,True
fa_decode,16,8,65536,0.500975,0.50085,0.5011,2,1927.0,1740,0.0552,0.0499027,62.6219,True
fa_decode,16,8,131072,1.02296,0.9651,1.08082,2,1625.5,1425,0.05461,11.3123,127.87,True
fa_decode,16,8,262144,1.92431,1.92274,1.92589,2,1321.5,1230,0.056535,0.163695,240.539,True
fa_decode,16,16,4096,0.080845,0.08084,0.08085,2,1980.0,1980,0.043295,0.0123693,5.05281,False
fa_decode,16,16,16384,0.26091,0.26065,0.26117,2,1972.0,1950,0.05455,0.199302,16.3069,True
fa_decode,16,16,32768,0.50113,0.50055,0.50171,2,1816.0,1575,0.05505,0.231477,31.3206,True
fa_decode,16,16,65536,0.968525,0.96686,0.97019,2,1484.0,1305,0.054985,0.343822,60.5328,True
fa_decode,16,16,131072,1.93204,1.92906,1.93502,2,1353.5,1230,0.060955,0.308482,120.752,True
fa_decode,16,16,262144,3.96297,3.9621,3.96384,2,1352.0,1230,0.055235,0.0439065,247.686,True
fa_decode,16,32,4096,0.1398,0.13974,0.13986,2,1980.0,1980,0.054535,0.0858369,4.36875,False
fa_decode,16,32,16384,0.499155,0.49896,0.49935,2,1779.5,1485,0.055125,0.078132,15.5986,True
fa_decode,16,32,32768,0.98333,0.97984,0.98682,2,1708.0,1425,0.05424,0.709833,30.7291,True
fa_decode,16,32,65536,1.93115,1.92883,1.93347,2,1361.0,1290,0.05632,0.240271,60.3484,True
fa_decode,16,32,131072,3.9695,3.96379,3.97522,2,1369.5,1215,0.056985,0.287945,124.047,True
fa_decode,16,32,262144,9.01975,9.00229,9.0372,2,1212.0,795,0.055785,0.38704,281.867,True
fa_decode,16,64,4096,0.261475,0.26143,0.26152,2,1976.5,1965,0.058015,0.0344201,4.08555,True
fa_decode,16,64,16384,0.97158,0.96982,0.97334,2,1782.0,1305,0.05544,0.362296,15.1809,True
fa_decode,16,64,32768,1.92867,1.92786,1.92947,2,1323.0,1230,0.055365,0.0834774,30.1354,True
fa_decode,16,64,65536,3.95938,3.94373,3.97502,2,1363.0,1230,0.055535,0.790276,61.8652,True
fa_decode,16,64,131072,9.06287,8.87885,9.24688,2,1194.5,735,0.05574,4.06086,141.607,True
fa_decode,16,64,262144,17.1923,16.9825,17.402,2,1287.5,1125,0.05569,2.44034,268.629,True
