draw,decode_batch,c,config,p50_ms,p99_ms,min_ms,max_ms,n,experts_touched,sm_clock_mean_mhz,sm_clock_min_mhz,power_max_w
0,8,0,default,0.09081,0.09118,0.09034,0.09118,30,46,1980,1980,147
0,8,0,M1,0.09460,0.09492,0.09415,0.09492,30,46,1980,1980,187
0,8,0,M2,0.09774,0.09817,0.09707,0.09817,30,46,1980,1980,202
0,8,0,M4,0.09090,0.09154,0.09051,0.09154,30,46,1980,1980,234
0,8,0,M16,0.08885,0.08931,0.08838,0.08931,30,46,1980,1980,234
0,8,0,M24,0.09572,0.09906,0.09505,0.09906,30,46,1980,1980,238
0,8,0,M48,0.08951,0.08998,0.08920,0.08998,30,46,1980,1980,202
0,8,0,M96,0.09079,0.09136,0.09029,0.09136,30,46,1980,1980,203
0,8,0,M128,0.09490,0.09545,0.09441,0.09545,30,46,1980,1980,202
0,8,0,M512,0.10257,0.10302,0.10203,0.10302,30,46,1980,1980,202
0,8,0,M1024,0.09223,0.09254,0.09178,0.09254,30,46,1980,1980,199
0,8,0,M1536,0.09613,0.09674,0.09555,0.09674,30,46,1980,1980,198
0,8,0,M2048,0.10606,0.10651,0.10560,0.10651,30,46,1980,1980,201
0,8,0,M4096,0.12786,0.12835,0.12705,0.12835,30,46,1980,1980,174
0,8,256,default,0.20792,0.20895,0.20715,0.20895,30,140,1980,1980,195
0,8,256,M1,0.22490,0.22560,0.22370,0.22560,30,140,1980,1980,204
0,8,256,M2,0.19094,0.19144,0.19040,0.19144,30,140,1980,1980,243
0,8,256,M4,0.19849,0.19888,0.19777,0.19888,30,140,1980,1980,200
0,8,256,M16,0.18848,0.18923,0.18762,0.18923,30,140,1980,1980,213
0,8,256,M24,0.20819,0.20886,0.20746,0.20886,30,140,1980,1980,250
0,8,256,M48,0.18890,0.18963,0.18844,0.18963,30,140,1980,1980,254
0,8,256,M96,0.18991,0.19473,0.18939,0.19473,30,140,1980,1980,242
0,8,256,M128,0.19305,0.19376,0.19193,0.19376,30,140,1980,1980,243
0,8,256,M512,0.20262,0.20339,0.20196,0.20339,30,140,1980,1980,268
0,8,256,M1024,0.19045,0.19159,0.18978,0.19159,30,140,1980,1980,328
0,8,256,M1536,0.18918,0.19446,0.18839,0.19446,30,140,1980,1980,354
0,8,256,M2048,0.20651,0.20779,0.20600,0.20779,30,140,1980,1980,379
0,8,256,M4096,0.22483,0.22670,0.22241,0.22670,30,140,1980,1980,415
0,8,512,default,0.30270,0.31268,0.30167,0.31268,30,175,1980,1980,410
0,8,512,M1,0.33642,0.33794,0.33534,0.33794,30,175,1980,1980,413
0,8,512,M2,0.24541,0.24646,0.24467,0.24646,30,175,1980,1980,422
0,8,512,M4,0.26252,0.26350,0.26111,0.26350,30,175,1980,1980,423
0,8,512,M16,0.25988,0.26118,0.25888,0.26118,30,175,1980,1980,436
0,8,512,M24,0.29077,0.29169,0.28975,0.29169,30,175,1980,1980,439
0,8,512,M48,0.27263,0.27426,0.27088,0.27426,30,175,1980,1980,440
0,8,512,M96,0.27360,0.27517,0.27248,0.27517,30,175,1980,1980,468
0,8,512,M128,0.28221,0.28458,0.28053,0.28458,30,175,1980,1980,468
0,8,512,M512,0.30291,0.30406,0.30173,0.30406,30,175,1980,1980,464
0,8,512,M1024,0.24326,0.24543,0.24170,0.24543,30,175,1980,1980,463
0,8,512,M1536,0.24227,0.24360,0.24095,0.24360,30,175,1980,1980,459
0,8,512,M2048,0.23983,0.24047,0.23901,0.24047,30,175,1980,1980,460
0,8,512,M4096,0.25873,0.25963,0.25821,0.25963,30,175,1980,1980,457
0,8,1024,default,0.33885,0.34015,0.33769,0.34015,30,208,1980,1980,450
0,8,1024,M1,0.55220,0.55331,0.55082,0.55331,30,208,1980,1980,449
0,8,1024,M2,0.35698,0.35957,0.35506,0.35957,30,208,1980,1980,452
0,8,1024,M4,0.38509,0.38967,0.38375,0.38967,30,208,1980,1980,456
0,8,1024,M16,0.41865,0.42055,0.41657,0.42055,30,208,1980,1980,471
0,8,1024,M24,0.45531,0.45612,0.45391,0.45612,30,208,1980,1980,487
0,8,1024,M48,0.42271,0.42450,0.42119,0.42450,30,208,1980,1980,493
0,8,1024,M96,0.42552,0.42683,0.42381,0.42683,30,208,1980,1980,500
0,8,1024,M128,0.43268,0.43411,0.43098,0.43411,30,208,1980,1980,511
0,8,1024,M512,0.46057,0.46227,0.45855,0.46227,30,208,1980,1980,511
0,8,1024,M1024,0.33960,0.34051,0.33850,0.34051,30,208,1980,1980,514
0,8,1024,M1536,0.31842,0.32103,0.31539,0.32103,30,208,1980,1980,514
0,8,1024,M2048,0.32392,0.32493,0.32311,0.32493,30,208,1980,1980,514
0,8,1024,M4096,0.33830,0.33930,0.33772,0.33930,30,208,1980,1980,510
0,8,2048,default,0.44790,0.45011,0.44694,0.45011,30,253,1980,1980,496
0,8,2048,M1,0.95698,0.97234,0.95397,0.97234,30,253,1980,1980,499
0,8,2048,M2,0.54643,0.54777,0.54473,0.54777,30,253,1980,1980,499
0,8,2048,M4,0.63714,0.64232,0.63363,0.64232,30,253,1980,1980,501
0,8,2048,M16,0.70050,0.70450,0.69787,0.70450,30,253,1980,1980,516
0,8,2048,M24,0.76717,0.76896,0.76538,0.76896,30,253,1980,1980,526
0,8,2048,M48,0.70978,0.71269,0.70816,0.71269,30,253,1980,1980,530
0,8,2048,M96,0.72642,0.73814,0.72381,0.73814,30,253,1974,1965,546
0,8,2048,M128,0.73572,0.73806,0.73388,0.73806,30,253,1959,1950,562
0,8,2048,M512,0.77738,0.78118,0.77482,0.78118,30,253,1958,1950,562
0,8,2048,M1024,0.51342,0.51453,0.51239,0.51453,30,253,1965,1965,568
0,8,2048,M1536,0.44574,0.44755,0.44370,0.44755,30,253,1976,1965,570
0,8,2048,M2048,0.44807,0.44980,0.44727,0.44980,30,253,1980,1980,575
0,8,2048,M4096,0.46672,0.46773,0.46532,0.46773,30,253,1980,1980,575
0,8,4096,default,0.68653,0.68845,0.68464,0.68845,30,270,1980,1980,561
0,8,4096,M1,1.76982,1.77590,1.76742,1.77590,30,270,1980,1980,555
0,8,4096,M2,0.92344,0.92750,0.91966,0.92750,30,270,1980,1980,555
0,8,4096,M4,1.15451,1.15954,1.15179,1.15954,30,270,1980,1980,554
0,8,4096,M16,1.27936,1.30403,1.27274,1.30403,30,270,1980,1980,554
0,8,4096,M24,1.40040,1.40469,1.39445,1.40469,30,270,1980,1980,571
0,8,4096,M48,1.28861,1.29235,1.28387,1.29235,30,270,1965,1965,578
0,8,4096,M96,1.32470,1.32944,1.32067,1.32944,30,270,1965,1965,568
0,8,4096,M128,1.34040,1.34334,1.33534,1.34334,30,270,1965,1965,580
0,8,4096,M512,1.40477,1.41322,1.39965,1.41322,30,270,1965,1965,580
0,8,4096,M1024,0.86906,0.87321,0.86068,0.87321,30,270,1965,1965,585
0,8,4096,M1536,0.69502,0.69830,0.69206,0.69830,30,270,1957,1950,585
0,8,4096,M2048,0.70643,0.70858,0.70477,0.70858,30,270,1950,1950,570
0,8,4096,M4096,0.68662,0.69515,0.68458,0.69515,30,270,1960,1950,565
0,8,8192,default,1.13083,1.13509,1.12667,1.13509,30,270,1952,1950,559
0,8,8192,M1,3.37733,3.38315,3.37422,3.38315,30,270,1964,1950,560
0,8,8192,M2,1.69645,1.70070,1.68358,1.70070,30,270,1965,1965,571
0,8,8192,M4,2.20858,2.22349,2.20112,2.22349,30,270,1965,1965,577
0,8,8192,M16,2.46651,2.47570,2.43387,2.47570,30,270,1947,1920,606
0,8,8192,M24,2.65334,2.65747,2.64739,2.65747,30,270,1940,1920,624
0,8,8192,M48,2.43859,2.45357,2.40886,2.45357,30,270,1965,1965,627
0,8,8192,M96,2.51486,2.53656,2.50965,2.53656,30,270,1956,1950,653
0,8,8192,M128,2.53592,2.54114,2.53243,2.54114,30,270,1965,1965,653
0,8,8192,M512,2.64934,2.66058,2.63475,2.66058,30,270,1965,1965,652
0,8,8192,M1024,1.57402,1.63619,1.56749,1.63619,30,270,1976,1965,647
0,8,8192,M1536,1.19973,1.26443,1.19304,1.26443,30,270,1887,1860,635
0,8,8192,M2048,1.20131,1.20429,1.19782,1.20429,30,270,1907,1860,629
0,8,8192,M4096,1.13000,1.13253,1.12600,1.13253,30,270,1932,1920,629
0,32,0,default,0.15194,0.15240,0.15154,0.15240,30,113,1965,1965,608
0,32,0,M1,0.16531,0.16599,0.16434,0.16599,30,113,1965,1965,578
0,32,0,M2,0.15878,0.15912,0.15815,0.15912,30,113,1979,1965,547
0,32,0,M4,0.14731,0.14799,0.14615,0.14799,30,113,1980,1980,498
0,32,0,M16,0.14422,0.14511,0.14377,0.14511,30,113,1980,1980,480
0,32,0,M24,0.15145,0.15208,0.15095,0.15208,30,113,1980,1980,443
0,32,0,M48,0.14236,0.14280,0.14170,0.14280,30,113,1980,1980,423
0,32,0,M96,0.14187,0.14224,0.14128,0.14224,30,113,1980,1980,397
0,32,0,M128,0.14547,0.14624,0.14485,0.14624,30,113,1980,1980,397
0,32,0,M512,0.15200,0.15252,0.15109,0.15252,30,113,1980,1980,396
0,32,0,M1024,0.14874,0.14938,0.14786,0.14938,30,113,1980,1980,394
0,32,0,M1536,0.16480,0.16526,0.16448,0.16526,30,113,1980,1980,394
0,32,0,M2048,0.15550,0.15602,0.15507,0.15602,30,113,1980,1980,395
0,32,0,M4096,0.17093,0.17162,0.16999,0.17162,30,113,1980,1980,395
0,32,256,default,0.23629,0.23705,0.23509,0.23705,30,183,1980,1980,402
0,32,256,M1,0.25741,0.25836,0.25678,0.25836,30,183,1980,1980,407
0,32,256,M2,0.22958,0.23113,0.22868,0.23113,30,183,1980,1980,411
0,32,256,M4,0.22938,0.23097,0.22715,0.23097,30,183,1980,1980,431
0,32,256,M16,0.22217,0.22286,0.22049,0.22286,30,183,1980,1980,432
0,32,256,M24,0.23620,0.23697,0.23523,0.23697,30,183,1980,1980,438
0,32,256,M48,0.23142,0.23267,0.23080,0.23267,30,183,1980,1980,457
0,32,256,M96,0.23211,0.23307,0.23139,0.23307,30,183,1980,1980,457
0,32,256,M128,0.23921,0.24125,0.23737,0.24125,30,183,1980,1980,456
0,32,256,M512,0.25257,0.25366,0.25183,0.25366,30,183,1980,1980,453
0,32,256,M1024,0.21721,0.21888,0.21596,0.21888,30,183,1980,1980,447
0,32,256,M1536,0.21914,0.22045,0.21809,0.22045,30,183,1980,1980,446
0,32,256,M2048,0.23214,0.23318,0.23119,0.23318,30,183,1980,1980,445
0,32,256,M4096,0.24925,0.24992,0.24858,0.24992,30,183,1980,1980,441
0,32,512,default,0.31861,0.31988,0.31686,0.31988,30,204,1980,1980,438
0,32,512,M1,0.35474,0.35552,0.35387,0.35552,30,204,1980,1980,441
0,32,512,M2,0.27622,0.27701,0.27556,0.27701,30,204,1980,1980,439
0,32,512,M4,0.27720,0.27961,0.27561,0.27961,30,204,1980,1980,449
0,32,512,M16,0.28885,0.29077,0.28722,0.29077,30,204,1980,1980,463
0,32,512,M24,0.31017,0.31097,0.30882,0.31097,30,204,1980,1980,463
0,32,512,M48,0.29073,0.29152,0.28994,0.29152,30,204,1980,1980,471
0,32,512,M96,0.29217,0.29320,0.29146,0.29320,30,204,1980,1980,485
0,32,512,M128,0.30112,0.30207,0.30011,0.30207,30,204,1980,1980,490
0,32,512,M512,0.31876,0.32050,0.31763,0.32050,30,204,1980,1980,490
0,32,512,M1024,0.26471,0.26562,0.26308,0.26562,30,204,1980,1980,498
0,32,512,M1536,0.25858,0.26002,0.25776,0.26002,30,204,1980,1980,494
0,32,512,M2048,0.25980,0.26027,0.25886,0.26027,30,204,1980,1980,487
0,32,512,M4096,0.29619,0.29671,0.29406,0.29671,30,204,1980,1980,476
0,32,1024,default,0.34698,0.34875,0.34592,0.34875,30,219,1980,1980,475
0,32,1024,M1,0.56327,0.56443,0.56194,0.56443,30,219,1980,1980,465
0,32,1024,M2,0.36068,0.36177,0.35969,0.36177,30,219,1980,1980,468
0,32,1024,M4,0.39296,0.39501,0.39104,0.39501,30,219,1980,1980,482
0,32,1024,M16,0.42753,0.42852,0.42589,0.42852,30,219,1980,1980,496
0,32,1024,M24,0.46621,0.46932,0.46519,0.46932,30,219,1980,1980,507
0,32,1024,M48,0.43318,0.43428,0.43186,0.43428,30,219,1980,1980,531
0,32,1024,M96,0.43681,0.43858,0.43548,0.43858,30,219,1980,1980,541
0,32,1024,M128,0.44930,0.45026,0.44789,0.45026,30,219,1980,1980,543
0,32,1024,M512,0.47860,0.48032,0.47612,0.48032,30,219,1980,1980,549
0,32,1024,M1024,0.34513,0.34728,0.34399,0.34728,30,219,1980,1980,549
0,32,1024,M1536,0.32480,0.32564,0.32295,0.32564,30,219,1980,1980,544
0,32,1024,M2048,0.33126,0.33307,0.33002,0.33307,30,219,1980,1980,537
0,32,1024,M4096,0.34245,0.34398,0.34156,0.34398,30,219,1980,1980,531
0,32,2048,default,0.44062,0.44194,0.43872,0.44194,30,244,1980,1980,518
0,32,2048,M1,0.95867,0.96082,0.95640,0.96082,30,244,1980,1980,518
0,32,2048,M2,0.54333,0.54461,0.54094,0.54461,30,244,1980,1980,518
0,32,2048,M4,0.63887,0.64081,0.63729,0.64081,30,244,1980,1980,525
0,32,2048,M16,0.71026,0.71367,0.70239,0.71367,30,244,1980,1980,534
0,32,2048,M24,0.77327,0.77527,0.77044,0.77527,30,244,1967,1965,541
0,32,2048,M48,0.71966,0.73424,0.71629,0.73424,30,244,1965,1965,553
0,32,2048,M96,0.72940,0.73121,0.72759,0.73121,30,244,1965,1965,561
0,32,2048,M128,0.74340,0.75063,0.73972,0.75063,30,244,1965,1965,570
0,32,2048,M512,0.78762,0.79680,0.78482,0.79680,30,244,1965,1965,570
0,32,2048,M1024,0.51390,0.51546,0.51195,0.51546,30,244,1965,1965,559
0,32,2048,M1536,0.42836,0.42946,0.42691,0.42946,30,244,1976,1965,563
0,32,2048,M2048,0.44057,0.44317,0.43940,0.44317,30,244,1980,1980,563
0,32,2048,M4096,0.46067,0.46433,0.45751,0.46433,30,244,1980,1980,543
0,32,4096,default,0.67817,0.67958,0.67679,0.67958,30,265,1980,1980,532
0,32,4096,M1,1.75915,1.76338,1.75701,1.76338,30,265,1980,1980,524
0,32,4096,M2,0.92528,0.92954,0.92131,0.92954,30,265,1980,1980,533
0,32,4096,M4,1.15192,1.15634,1.14878,1.15634,30,265,1980,1980,533
0,32,4096,M16,1.28288,1.28886,1.27779,1.28886,30,265,1980,1980,540
0,32,4096,M24,1.40094,1.40600,1.39714,1.40600,30,265,1969,1965,549
0,32,4096,M48,1.29013,1.29486,1.28632,1.29486,30,265,1965,1965,549
0,32,4096,M96,1.32650,1.33334,1.32218,1.33334,30,265,1965,1965,546
0,32,4096,M128,1.34064,1.34390,1.33542,1.34390,30,265,1965,1965,562
0,32,4096,M512,1.39898,1.40480,1.39219,1.40480,30,265,1966,1965,583
0,32,4096,M1024,0.86546,0.87909,0.86347,0.87909,30,265,1980,1980,584
0,32,4096,M1536,0.69019,0.69280,0.68702,0.69280,30,265,1971,1965,584
0,32,4096,M2048,0.70165,0.70624,0.69922,0.70624,30,265,1965,1965,551
0,32,4096,M4096,0.68196,0.68761,0.68026,0.68761,30,265,1965,1965,551
0,32,8192,default,1.17405,1.18096,1.16877,1.18096,30,318,1965,1965,547
0,32,8192,M1,3.41214,3.41982,3.40901,3.41982,30,318,1965,1965,535
0,32,8192,M2,1.72458,1.74131,1.71200,1.74131,30,318,1965,1965,551
0,32,8192,M4,2.24893,2.25613,2.23328,2.25613,30,318,1965,1965,551
0,32,8192,M16,2.47842,2.50728,2.45858,2.50728,30,318,1940,1920,599
0,32,8192,M24,2.68933,2.69358,2.68270,2.69358,30,318,1947,1935,607
0,32,8192,M48,2.46432,2.46739,2.44045,2.46739,30,318,1965,1965,619
0,32,8192,M96,2.55600,2.56490,2.53430,2.56490,30,318,1957,1950,647
0,32,8192,M128,2.56818,2.57275,2.56434,2.57275,30,318,1956,1950,639
0,32,8192,M512,2.67850,2.69562,2.67046,2.69562,30,318,1968,1965,637
0,32,8192,M1024,1.63698,1.64395,1.59726,1.64395,30,318,1980,1980,630
0,32,8192,M1536,1.22440,1.22952,1.21691,1.22952,30,318,1970,1950,630
0,32,8192,M2048,1.22654,1.22987,1.22226,1.22987,30,318,1956,1950,623
0,32,8192,M4096,1.17390,1.17656,1.16984,1.17656,30,318,1965,1965,607
0,64,0,default,0.18795,0.18860,0.18693,0.18860,30,165,1965,1965,607
0,64,0,M1,0.20068,0.20136,0.19973,0.20136,30,165,1965,1965,580
0,64,0,M2,0.19324,0.19415,0.19219,0.19415,30,165,1971,1965,555
0,64,0,M4,0.18467,0.18542,0.18408,0.18542,30,165,1980,1980,532
0,64,0,M16,0.19547,0.19620,0.19498,0.19620,30,165,1980,1980,495
0,64,0,M24,0.18730,0.18813,0.18625,0.18813,30,165,1980,1980,484
0,64,0,M48,0.18845,0.18907,0.18795,0.18907,30,165,1980,1980,437
0,64,0,M96,0.18778,0.18855,0.18709,0.18855,30,165,1980,1980,419
0,64,0,M128,0.19172,0.19254,0.19061,0.19254,30,165,1980,1980,411
0,64,0,M512,0.20010,0.20081,0.19931,0.20081,30,165,1980,1980,409
0,64,0,M1024,0.19423,0.19477,0.19350,0.19477,30,165,1980,1980,410
0,64,0,M1536,0.19292,0.19363,0.19230,0.19363,30,165,1980,1980,409
0,64,0,M2048,0.20992,0.21099,0.20903,0.21099,30,165,1980,1980,413
0,64,0,M4096,0.22858,0.22925,0.22786,0.22925,30,165,1980,1980,417
0,64,256,default,0.27360,0.27470,0.27243,0.27470,30,223,1980,1980,417
0,64,256,M1,0.28772,0.28843,0.28704,0.28843,30,223,1980,1980,431
0,64,256,M2,0.25834,0.25971,0.25726,0.25971,30,223,1980,1980,434
0,64,256,M4,0.25313,0.25445,0.25189,0.25445,30,223,1980,1980,442
0,64,256,M16,0.25540,0.25657,0.25459,0.25657,30,223,1980,1980,442
0,64,256,M24,0.27318,0.27423,0.27203,0.27423,30,223,1980,1980,453
0,64,256,M48,0.25255,0.25379,0.25188,0.25379,30,223,1980,1980,465
0,64,256,M96,0.25377,0.25543,0.25274,0.25543,30,223,1980,1980,462
0,64,256,M128,0.25896,0.26005,0.25843,0.26005,30,223,1980,1980,471
0,64,256,M512,0.27236,0.27987,0.27104,0.27987,30,223,1980,1980,473
0,64,256,M1024,0.25184,0.25311,0.25027,0.25311,30,223,1980,1980,470
0,64,256,M1536,0.25617,0.25677,0.25560,0.25677,30,223,1980,1980,470
0,64,256,M2048,0.25879,0.25972,0.25843,0.25972,30,223,1980,1980,467
0,64,256,M4096,0.29482,0.29560,0.29382,0.29560,30,223,1980,1980,464
0,64,512,default,0.34164,0.34305,0.34039,0.34305,30,239,1980,1980,474
0,64,512,M1,0.38547,0.38643,0.38453,0.38643,30,239,1980,1980,474
0,64,512,M2,0.30299,0.30449,0.30204,0.30449,30,239,1980,1980,475
0,64,512,M4,0.30287,0.30405,0.30024,0.30405,30,239,1980,1980,485
0,64,512,M16,0.31047,0.31161,0.30982,0.31161,30,239,1980,1980,485
0,64,512,M24,0.34000,0.34165,0.33864,0.34165,30,239,1980,1980,488
0,64,512,M48,0.31327,0.31465,0.31262,0.31465,30,239,1980,1980,485
0,64,512,M96,0.31505,0.31604,0.31384,0.31604,30,239,1980,1980,486
0,64,512,M128,0.32238,0.32468,0.32060,0.32468,30,239,1980,1980,500
0,64,512,M512,0.34213,0.34332,0.34030,0.34332,30,239,1980,1980,503
0,64,512,M1024,0.28497,0.28644,0.28417,0.28644,30,239,1980,1980,496
0,64,512,M1536,0.28193,0.28276,0.28116,0.28276,30,239,1980,1980,493
0,64,512,M2048,0.30535,0.30664,0.30467,0.30664,30,239,1980,1980,503
0,64,512,M4096,0.31819,0.31956,0.31688,0.31956,30,239,1980,1980,503
0,64,1024,default,0.35711,0.35854,0.35541,0.35854,30,249,1980,1980,491
0,64,1024,M1,0.58202,0.58334,0.58081,0.58334,30,249,1980,1980,492
0,64,1024,M2,0.38438,0.38670,0.38197,0.38670,30,249,1980,1980,492
0,64,1024,M4,0.41074,0.41186,0.40897,0.41186,30,249,1980,1980,502
0,64,1024,M16,0.43773,0.43959,0.43575,0.43959,30,249,1980,1980,507
0,64,1024,M24,0.48429,0.48570,0.48301,0.48570,30,249,1975,1965,515
0,64,1024,M48,0.45604,0.45859,0.45315,0.45859,30,249,1965,1965,520
0,64,1024,M96,0.45841,0.46271,0.45627,0.46271,30,249,1965,1965,528
0,64,1024,M128,0.46537,0.46825,0.46348,0.46825,30,249,1974,1965,538
0,64,1024,M512,0.49629,0.49862,0.49469,0.49862,30,249,1980,1980,549
0,64,1024,M1024,0.35696,0.35930,0.35582,0.35930,30,249,1980,1980,544
0,64,1024,M1536,0.34042,0.34129,0.33791,0.34129,30,249,1980,1980,544
0,64,1024,M2048,0.34442,0.34526,0.34306,0.34526,30,249,1980,1980,539
0,64,1024,M4096,0.37520,0.37649,0.37404,0.37649,30,249,1980,1980,539
0,64,2048,default,0.48369,0.48636,0.48271,0.48636,30,275,1980,1980,532
0,64,2048,M1,0.98579,0.98982,0.98310,0.98982,30,275,1980,1980,533
0,64,2048,M2,0.56427,0.56548,0.56196,0.56548,30,275,1980,1980,533
0,64,2048,M4,0.66021,0.66389,0.65698,0.66389,30,275,1980,1980,542
0,64,2048,M16,0.72604,0.74993,0.72242,0.74993,30,275,1965,1965,543
0,64,2048,M24,0.79804,0.80455,0.79567,0.80455,30,275,1870,1860,560
0,64,2048,M48,0.73787,0.74027,0.73502,0.74027,30,275,1965,1965,560
0,64,2048,M96,0.75492,0.76590,0.75079,0.76590,30,275,1965,1965,545
0,64,2048,M128,0.76431,0.76687,0.76073,0.76687,30,275,1965,1965,558
0,64,2048,M512,0.80858,0.81178,0.80484,0.81178,30,275,1965,1965,562
0,64,2048,M1024,0.53547,0.53829,0.53375,0.53829,30,275,1965,1965,563
0,64,2048,M1536,0.46701,0.46845,0.46563,0.46845,30,275,1977,1965,572
0,64,2048,M2048,0.48524,0.48659,0.48409,0.48659,30,275,1955,1950,572
0,64,2048,M4096,0.48682,0.48847,0.48557,0.48847,30,275,1965,1965,577
0,64,4096,default,0.70550,0.70803,0.70283,0.70803,30,275,1968,1965,565
0,64,4096,M1,1.79106,1.79714,1.78901,1.79714,30,275,1973,1965,569
0,64,4096,M2,0.94262,0.94723,0.93914,0.94723,30,275,1965,1965,582
0,64,4096,M4,1.17189,1.17576,1.16450,1.17576,30,275,1965,1965,582
0,64,4096,M16,1.29981,1.30918,1.29312,1.30918,30,275,1965,1965,581
0,64,4096,M24,1.41518,1.41822,1.41070,1.41822,30,275,1965,1965,591
0,64,4096,M48,1.30482,1.31106,1.30072,1.31106,30,275,1965,1965,591
0,64,4096,M96,1.33160,1.33778,1.32805,1.33778,30,275,1970,1965,545
0,64,4096,M128,1.34968,1.35563,1.34718,1.35563,30,275,1980,1980,557
0,64,4096,M512,1.41654,1.42067,1.41206,1.42067,30,275,1980,1980,562
0,64,4096,M1024,0.87851,0.89621,0.87293,0.89621,30,275,1980,1980,566
0,64,4096,M1536,0.69786,0.70566,0.69599,0.70566,30,275,1965,1950,566
0,64,4096,M2048,0.71280,0.71413,0.71075,0.71413,30,275,1958,1950,565
0,64,4096,M4096,0.70765,0.71443,0.70432,0.71443,30,275,1965,1965,568
0,64,8192,default,1.15464,1.15890,1.14770,1.15890,30,275,1965,1965,568
0,64,8192,M1,3.40618,3.41395,3.40326,3.41395,30,275,1965,1965,594
0,64,8192,M2,1.70677,1.71506,1.70245,1.71506,30,275,1969,1965,603
0,64,8192,M4,2.22674,2.24955,2.22242,2.24955,30,275,1971,1965,594
0,64,8192,M16,2.48626,2.52245,2.44821,2.52245,30,275,1940,1920,609
0,64,8192,M24,2.67893,2.68411,2.67330,2.68411,30,275,1939,1920,617
0,64,8192,M48,2.48637,2.49395,2.43341,2.49395,30,275,1965,1965,621
0,64,8192,M96,2.53456,2.54074,2.53139,2.54074,30,275,1940,1920,648
0,64,8192,M128,2.56456,2.56606,2.55829,2.56606,30,275,1957,1950,650
0,64,8192,M512,2.67834,2.68582,2.66701,2.68582,30,275,1966,1965,650
0,64,8192,M1024,1.67242,1.67709,1.58794,1.67709,30,275,1980,1980,637
0,64,8192,M1536,1.20981,1.21378,1.20651,1.21378,30,275,1973,1950,634
0,64,8192,M2048,1.21995,1.22546,1.21467,1.22546,30,275,1952,1950,637
0,64,8192,M4096,1.15405,1.16112,1.14784,1.16112,30,275,1965,1965,637
1,8,0,default,0.09681,0.09710,0.09639,0.09710,30,55,1980,1980,138
1,8,0,M1,0.09886,0.09922,0.09848,0.09922,30,55,1980,1980,179
1,8,0,M2,0.10357,0.10403,0.10276,0.10403,30,55,1980,1980,233
1,8,0,M4,0.09683,0.09875,0.09649,0.09875,30,55,1980,1980,256
1,8,0,M16,0.09519,0.09553,0.09480,0.09553,30,55,1980,1980,308
1,8,0,M24,0.10071,0.10123,0.10028,0.10123,30,55,1980,1980,355
1,8,0,M48,0.09601,0.09654,0.09554,0.09654,30,55,1980,1980,368
1,8,0,M96,0.09656,0.09681,0.09594,0.09681,30,55,1980,1980,379
1,8,0,M128,0.09903,0.09944,0.09844,0.09944,30,55,1980,1980,379
1,8,0,M512,0.10629,0.10678,0.10572,0.10678,30,55,1980,1980,377
1,8,0,M1024,0.09815,0.09868,0.09777,0.09868,30,55,1980,1980,377
1,8,0,M1536,0.10150,0.10218,0.10051,0.10218,30,55,1980,1980,378
1,8,0,M2048,0.11081,0.11117,0.11014,0.11117,30,55,1980,1980,377
1,8,0,M4096,0.13009,0.13039,0.12976,0.13039,30,55,1980,1980,374
1,8,256,default,0.21841,0.21964,0.21732,0.21964,30,159,1980,1980,378
1,8,256,M1,0.23582,0.23631,0.23535,0.23631,30,159,1980,1980,385
1,8,256,M2,0.21422,0.21480,0.21177,0.21480,30,159,1980,1980,394
1,8,256,M4,0.20349,0.20499,0.20266,0.20499,30,159,1980,1980,403
1,8,256,M16,0.20227,0.20278,0.20165,0.20278,30,159,1980,1980,419
1,8,256,M24,0.21830,0.21923,0.21702,0.21923,30,159,1980,1980,426
1,8,256,M48,0.20913,0.21053,0.20786,0.21053,30,159,1980,1980,435
1,8,256,M96,0.20986,0.21109,0.20892,0.21109,30,159,1980,1980,449
1,8,256,M128,0.21621,0.21843,0.21537,0.21843,30,159,1980,1980,448
1,8,256,M512,0.23335,0.24053,0.23232,0.24053,30,159,1980,1980,449
1,8,256,M1024,0.19947,0.20015,0.19834,0.20015,30,159,1980,1980,450
1,8,256,M1536,0.20233,0.20366,0.20113,0.20366,30,159,1980,1980,447
1,8,256,M2048,0.21819,0.21912,0.21695,0.21912,30,159,1980,1980,440
1,8,256,M4096,0.23511,0.23583,0.23438,0.23583,30,159,1980,1980,445
1,8,512,default,0.31205,0.31318,0.31052,0.31318,30,195,1980,1980,431
1,8,512,M1,0.34622,0.34710,0.34530,0.34710,30,195,1980,1980,439
1,8,512,M2,0.26382,0.26567,0.26180,0.26567,30,195,1980,1980,439
1,8,512,M4,0.26856,0.26966,0.26707,0.26966,30,195,1980,1980,443
1,8,512,M16,0.27386,0.27647,0.27204,0.27647,30,195,1980,1980,453
1,8,512,M24,0.29909,0.30038,0.29814,0.30038,30,195,1980,1980,450
1,8,512,M48,0.28170,0.28299,0.28038,0.28299,30,195,1980,1980,455
1,8,512,M96,0.28489,0.28622,0.28424,0.28622,30,195,1980,1980,483
1,8,512,M128,0.29220,0.29415,0.29075,0.29415,30,195,1980,1980,494
1,8,512,M512,0.31058,0.31192,0.30971,0.31192,30,195,1980,1980,490
1,8,512,M1024,0.25844,0.25917,0.25771,0.25917,30,195,1980,1980,479
1,8,512,M1536,0.25178,0.25567,0.25092,0.25567,30,195,1980,1980,477
1,8,512,M2048,0.25295,0.25375,0.25229,0.25375,30,195,1980,1980,471
1,8,512,M4096,0.28435,0.28673,0.28212,0.28673,30,195,1980,1980,467
1,8,1024,default,0.33784,0.33892,0.33685,0.33892,30,212,1980,1980,457
1,8,1024,M1,0.54478,0.54612,0.54354,0.54612,30,212,1980,1980,451
1,8,1024,M2,0.35236,0.35358,0.35121,0.35358,30,212,1980,1980,460
1,8,1024,M4,0.38584,0.38745,0.38344,0.38745,30,212,1980,1980,466
1,8,1024,M16,0.41340,0.41460,0.41214,0.41460,30,212,1980,1980,474
1,8,1024,M24,0.45249,0.45410,0.45089,0.45410,30,212,1980,1980,497
1,8,1024,M48,0.41914,0.42131,0.41805,0.42131,30,212,1980,1980,507
1,8,1024,M96,0.42259,0.42421,0.42097,0.42421,30,212,1980,1980,521
1,8,1024,M128,0.43083,0.43203,0.42937,0.43203,30,212,1980,1980,529
1,8,1024,M512,0.45743,0.45959,0.45550,0.45959,30,212,1980,1980,519
1,8,1024,M1024,0.33683,0.33855,0.33591,0.33855,30,212,1980,1980,511
1,8,1024,M1536,0.31894,0.32061,0.31602,0.32061,30,212,1980,1980,511
1,8,1024,M2048,0.32638,0.32735,0.32543,0.32735,30,212,1980,1980,511
1,8,1024,M4096,0.33969,0.34028,0.33903,0.34028,30,212,1980,1980,497
1,8,2048,default,0.44321,0.44520,0.44210,0.44520,30,248,1980,1980,487
1,8,2048,M1,0.94304,0.94717,0.94077,0.94717,30,248,1980,1980,490
1,8,2048,M2,0.53727,0.53818,0.53518,0.53818,30,248,1980,1980,496
1,8,2048,M4,0.63013,0.63198,0.62770,0.63198,30,248,1980,1980,522
1,8,2048,M16,0.69879,0.72535,0.69534,0.72535,30,248,1974,1965,541
1,8,2048,M24,0.76273,0.76578,0.76025,0.76578,30,248,1965,1965,543
1,8,2048,M48,0.70929,0.71482,0.70583,0.71482,30,248,1965,1965,543
1,8,2048,M96,0.71949,0.72229,0.71653,0.72229,30,248,1953,1950,553
1,8,2048,M128,0.72868,0.73068,0.72606,0.73068,30,248,1938,1935,566
1,8,2048,M512,0.77150,0.77352,0.76962,0.77352,30,248,1959,1935,579
1,8,2048,M1024,0.51057,0.51234,0.50902,0.51234,30,248,1965,1965,582
1,8,2048,M1536,0.43996,0.44107,0.43878,0.44107,30,248,1968,1965,581
1,8,2048,M2048,0.44359,0.44512,0.44214,0.44512,30,248,1980,1980,570
1,8,2048,M4096,0.45962,0.46195,0.45675,0.46195,30,248,1980,1980,562
1,8,4096,default,0.66573,0.66696,0.66381,0.66696,30,248,1980,1980,558
1,8,4096,M1,1.75099,1.75563,1.74712,1.75563,30,248,1969,1965,553
1,8,4096,M2,0.91146,0.91613,0.90586,0.91613,30,248,1965,1965,534
1,8,4096,M4,1.14296,1.14603,1.13800,1.14603,30,248,1970,1965,539
1,8,4096,M16,1.26770,1.27250,1.25928,1.27250,30,248,1973,1965,539
1,8,4096,M24,1.38376,1.38792,1.37915,1.38792,30,248,1965,1965,538
1,8,4096,M48,1.27723,1.31144,1.27269,1.31144,30,248,1965,1965,546
1,8,4096,M96,1.31072,1.31389,1.30832,1.31389,30,248,1965,1965,556
1,8,4096,M128,1.32640,1.34822,1.32387,1.34822,30,248,1965,1965,564
1,8,4096,M512,1.39074,1.39621,1.37902,1.39621,30,248,1965,1965,576
1,8,4096,M1024,0.84694,0.86197,0.84366,0.86197,30,248,1973,1965,576
1,8,4096,M1536,0.67484,0.67738,0.67294,0.67738,30,248,1962,1950,601
1,8,4096,M2048,0.69314,0.69734,0.69164,0.69734,30,248,1959,1950,601
1,8,4096,M4096,0.67056,0.67371,0.66750,0.67371,30,248,1965,1965,601
1,8,8192,default,1.11608,1.12245,1.11278,1.12245,30,248,1965,1965,604
1,8,8192,M1,3.36530,3.37384,3.36024,3.37384,30,248,1951,1935,607
1,8,8192,M2,1.67235,1.67786,1.66880,1.67786,30,248,1965,1965,612
1,8,8192,M4,2.20498,2.21509,2.19563,2.21509,30,248,1965,1965,591
1,8,8192,M16,2.43590,2.46528,2.41792,2.46528,30,248,1956,1950,606
1,8,8192,M24,2.64507,2.64984,2.64098,2.64984,30,248,1933,1905,603
1,8,8192,M48,2.41318,2.47549,2.40790,2.47549,30,248,1964,1950,626
1,8,8192,M96,2.50634,2.57699,2.49994,2.57699,30,248,1957,1950,626
1,8,8192,M128,2.52741,2.53141,2.52251,2.53141,30,248,1960,1950,624
1,8,8192,M512,2.62918,2.63603,2.62096,2.63603,30,248,1965,1965,603
1,8,8192,M1024,1.62139,1.65173,1.56078,1.65173,30,248,1976,1935,597
1,8,8192,M1536,1.18053,1.18427,1.17595,1.18427,30,248,1939,1935,592
1,8,8192,M2048,1.17651,1.17958,1.17347,1.17958,30,248,1953,1950,584
1,8,8192,M4096,1.11702,1.12083,1.11501,1.12083,30,248,1965,1965,577
1,32,0,default,0.15672,0.15722,0.15625,0.15722,30,130,1965,1965,575
1,32,0,M1,0.17090,0.17205,0.17018,0.17205,30,130,1965,1965,523
1,32,0,M2,0.16457,0.16549,0.16391,0.16549,30,130,1975,1965,523
1,32,0,M4,0.16115,0.16176,0.16076,0.16176,30,130,1980,1980,512
1,32,0,M16,0.15294,0.15359,0.15240,0.15359,30,130,1980,1980,472
1,32,0,M24,0.15635,0.15690,0.15572,0.15690,30,130,1980,1980,441
1,32,0,M48,0.15265,0.15376,0.15216,0.15376,30,130,1980,1980,419
1,32,0,M96,0.15136,0.15623,0.15076,0.15623,30,130,1980,1980,397
1,32,0,M128,0.15322,0.15386,0.15258,0.15386,30,130,1980,1980,402
1,32,0,M512,0.15920,0.16009,0.15860,0.16009,30,130,1980,1980,402
1,32,0,M1024,0.15788,0.15872,0.15736,0.15872,30,130,1980,1980,399
1,32,0,M1536,0.16995,0.17044,0.16940,0.17044,30,130,1980,1980,399
1,32,0,M2048,0.16731,0.16795,0.16657,0.16795,30,130,1980,1980,392
1,32,0,M4096,0.18200,0.18256,0.18158,0.18256,30,130,1980,1980,395
1,32,256,default,0.26662,0.26794,0.26579,0.26794,30,226,1980,1980,388
1,32,256,M1,0.28301,0.28376,0.28218,0.28376,30,226,1980,1980,408
1,32,256,M2,0.25800,0.26516,0.25706,0.26516,30,226,1980,1980,413
1,32,256,M4,0.25605,0.25705,0.25479,0.25705,30,226,1980,1980,413
1,32,256,M16,0.25749,0.25817,0.25664,0.25817,30,226,1980,1980,410
1,32,256,M24,0.26696,0.26819,0.26598,0.26819,30,226,1980,1980,411
1,32,256,M48,0.25009,0.25132,0.24869,0.25132,30,226,1980,1980,422
1,32,256,M96,0.25032,0.25199,0.24952,0.25199,30,226,1980,1980,432
1,32,256,M128,0.25896,0.26002,0.25787,0.26002,30,226,1980,1980,434
1,32,256,M512,0.27306,0.27783,0.27092,0.27783,30,226,1980,1980,434
1,32,256,M1024,0.25316,0.25583,0.25086,0.25583,30,226,1980,1980,438
1,32,256,M1536,0.25535,0.25619,0.25457,0.25619,30,226,1980,1980,438
1,32,256,M2048,0.25880,0.26004,0.25798,0.26004,30,226,1980,1980,436
1,32,256,M4096,0.29428,0.29486,0.29374,0.29486,30,226,1980,1980,443
1,32,512,default,0.33606,0.33754,0.33406,0.33754,30,251,1980,1980,443
1,32,512,M1,0.37473,0.38386,0.37399,0.38386,30,251,1980,1980,410
1,32,512,M2,0.30275,0.30375,0.30168,0.30375,30,251,1980,1980,438
1,32,512,M4,0.30294,0.30463,0.30131,0.30463,30,251,1980,1980,457
1,32,512,M16,0.30977,0.31078,0.30863,0.31078,30,251,1980,1980,462
1,32,512,M24,0.33492,0.33590,0.33350,0.33590,30,251,1980,1980,465
1,32,512,M48,0.30935,0.31016,0.30814,0.31016,30,251,1980,1980,465
1,32,512,M96,0.31072,0.31179,0.30979,0.31179,30,251,1980,1980,465
1,32,512,M128,0.31709,0.32768,0.31576,0.32768,30,251,1980,1980,466
1,32,512,M512,0.33613,0.33726,0.33437,0.33726,30,251,1980,1980,468
1,32,512,M1024,0.29032,0.29186,0.28874,0.29186,30,251,1980,1980,471
1,32,512,M1536,0.28698,0.29061,0.28627,0.29061,30,251,1980,1980,472
1,32,512,M2048,0.31053,0.31183,0.30933,0.31183,30,251,1980,1980,472
1,32,512,M4096,0.33548,0.33613,0.33436,0.33613,30,251,1980,1980,494
1,32,1024,default,0.36259,0.36364,0.36176,0.36364,30,260,1980,1980,494
1,32,1024,M1,0.57671,0.57761,0.57494,0.57761,30,260,1980,1980,497
1,32,1024,M2,0.39018,0.39120,0.38924,0.39120,30,260,1980,1980,502
1,32,1024,M4,0.41085,0.41451,0.40758,0.41451,30,260,1980,1980,516
1,32,1024,M16,0.43937,0.44046,0.43742,0.44046,30,260,1980,1980,517
1,32,1024,M24,0.48550,0.48656,0.48404,0.48656,30,260,1980,1980,523
1,32,1024,M48,0.45398,0.45565,0.45232,0.45565,30,260,1980,1980,523
1,32,1024,M96,0.45807,0.45974,0.45599,0.45974,30,260,1980,1980,527
1,32,1024,M128,0.46568,0.46725,0.46340,0.46725,30,260,1980,1980,540
1,32,1024,M512,0.49950,0.50138,0.49788,0.50138,30,260,1980,1980,540
1,32,1024,M1024,0.36316,0.36864,0.36184,0.36864,30,260,1980,1980,513
1,32,1024,M1536,0.34606,0.34686,0.34488,0.34686,30,260,1980,1980,476
1,32,1024,M2048,0.35365,0.35470,0.35231,0.35470,30,260,1980,1980,476
1,32,1024,M4096,0.38786,0.38895,0.38667,0.38895,30,260,1980,1980,476
1,32,2048,default,0.48103,0.48260,0.47955,0.48260,30,281,1980,1980,490
1,32,2048,M1,0.97250,0.97829,0.97074,0.97829,30,281,1980,1980,491
1,32,2048,M2,0.56530,0.56747,0.56333,0.56747,30,281,1980,1980,491
1,32,2048,M4,0.65270,0.66093,0.65029,0.66093,30,281,1980,1980,500
1,32,2048,M16,0.72034,0.74113,0.71724,0.74113,30,281,1980,1980,517
1,32,2048,M24,0.78838,0.79095,0.78567,0.79095,30,281,1959,1950,549
1,32,2048,M48,0.73330,0.76427,0.73021,0.76427,30,281,1965,1965,521
1,32,2048,M96,0.74718,0.75627,0.74379,0.75627,30,281,1947,1935,537
1,32,2048,M128,0.75746,0.75955,0.75538,0.75955,30,281,1953,1935,548
1,32,2048,M512,0.80147,0.80454,0.79797,0.80454,30,281,1965,1965,556
1,32,2048,M1024,0.53135,0.53338,0.52755,0.53338,30,281,1965,1965,556
1,32,2048,M1536,0.46548,0.47148,0.46432,0.47148,30,281,1965,1965,570
1,32,2048,M2048,0.48289,0.49639,0.48191,0.49639,30,281,1924,1920,573
1,32,2048,M4096,0.49218,0.49341,0.49099,0.49341,30,281,1965,1965,568
1,32,4096,default,0.72155,0.72493,0.71726,0.72493,30,305,1965,1965,588
1,32,4096,M1,1.79867,1.80478,1.78872,1.80478,30,305,1965,1965,588
1,32,4096,M2,0.95322,0.95658,0.95082,0.95658,30,305,1965,1965,584
1,32,4096,M4,1.17702,1.18272,1.17222,1.18272,30,305,1965,1965,581
1,32,4096,M16,1.29418,1.30621,1.28819,1.30621,30,305,1972,1965,582
1,32,4096,M24,1.41715,1.43286,1.41261,1.43286,30,305,1972,1965,588
1,32,4096,M48,1.30789,1.39976,1.30456,1.39976,30,305,1965,1965,588
1,32,4096,M96,1.34240,1.34883,1.33789,1.34883,30,305,1965,1965,583
1,32,4096,M128,1.36102,1.40022,1.35683,1.40022,30,305,1965,1965,589
1,32,4096,M512,1.42022,1.42464,1.41686,1.42464,30,305,1965,1965,590
1,32,4096,M1024,0.88802,0.90587,0.88504,0.90587,30,305,1972,1920,601
1,32,4096,M1536,0.71102,0.71377,0.70975,0.71377,30,305,1929,1920,601
1,32,4096,M2048,0.72518,0.74719,0.72249,0.74719,30,305,1965,1965,592
1,32,4096,M4096,0.72465,0.75170,0.72174,0.75170,30,305,1958,1950,585
1,32,8192,default,1.18453,1.19554,1.18162,1.19554,30,334,1926,1920,581
1,32,8192,M1,3.42046,3.42523,3.41522,3.42523,30,334,1954,1920,578
1,32,8192,M2,1.73571,1.73981,1.73117,1.73981,30,334,1965,1965,590
1,32,8192,M4,2.26670,2.27419,2.23717,2.27419,30,334,1965,1965,599
1,32,8192,M16,2.46822,2.47350,2.45910,2.47350,30,334,1956,1950,622
1,32,8192,M24,2.68914,2.69330,2.68456,2.69330,30,334,1965,1965,624
1,32,8192,M48,2.50579,2.51174,2.45232,2.51174,30,334,1965,1965,629
1,32,8192,M96,2.54870,2.58845,2.54294,2.58845,30,334,1939,1920,648
1,32,8192,M128,2.57480,2.57710,2.56936,2.57710,30,334,1956,1950,646
1,32,8192,M512,2.68925,2.69792,2.67661,2.69792,30,334,1967,1965,643
1,32,8192,M1024,1.61365,1.67173,1.60680,1.67173,30,334,1980,1980,633
1,32,8192,M1536,1.23944,1.25336,1.23451,1.25336,30,334,1974,1965,631
1,32,8192,M2048,1.25126,1.25843,1.24768,1.25843,30,334,1965,1965,631
1,32,8192,M4096,1.18459,1.18965,1.18008,1.18965,30,334,1965,1965,630
1,64,0,default,0.19438,0.19485,0.19350,0.19485,30,175,1965,1965,627
1,64,0,M1,0.20647,0.20730,0.20574,0.20730,30,175,1965,1965,593
1,64,0,M2,0.20011,0.20113,0.19942,0.20113,30,175,1972,1965,570
1,64,0,M4,0.19228,0.19320,0.19174,0.19320,30,175,1980,1980,546
1,64,0,M16,0.20069,0.20162,0.20024,0.20162,30,175,1980,1980,512
1,64,0,M24,0.19393,0.19476,0.19324,0.19476,30,175,1980,1980,491
1,64,0,M48,0.19262,0.19361,0.19189,0.19361,30,175,1980,1980,470
1,64,0,M96,0.19250,0.19304,0.19189,0.19304,30,175,1980,1980,438
1,64,0,M128,0.19529,0.19619,0.19476,0.19619,30,175,1980,1980,428
1,64,0,M512,0.20468,0.20561,0.20356,0.20561,30,175,1980,1980,427
1,64,0,M1024,0.19844,0.20008,0.19747,0.20008,30,175,1980,1980,427
1,64,0,M1536,0.20069,0.20154,0.19988,0.20154,30,175,1980,1980,427
1,64,0,M2048,0.21607,0.21693,0.21524,0.21693,30,175,1980,1980,427
1,64,0,M4096,0.23433,0.23504,0.23364,0.23504,30,175,1980,1980,420
1,64,256,default,0.27229,0.27310,0.27109,0.27310,30,224,1980,1980,420
1,64,256,M1,0.29183,0.29383,0.29079,0.29383,30,224,1980,1980,421
1,64,256,M2,0.25936,0.26028,0.25829,0.26028,30,224,1980,1980,442
1,64,256,M4,0.25782,0.25983,0.25548,0.25983,30,224,1980,1980,448
1,64,256,M16,0.25562,0.26265,0.25493,0.26265,30,224,1980,1980,448
1,64,256,M24,0.27207,0.27463,0.27093,0.27463,30,224,1980,1980,451
1,64,256,M48,0.25663,0.26348,0.25480,0.26348,30,224,1980,1980,476
1,64,256,M96,0.25360,0.25479,0.25193,0.25479,30,224,1980,1980,476
1,64,256,M128,0.26208,0.26312,0.26069,0.26312,30,224,1980,1980,478
1,64,256,M512,0.27417,0.27630,0.27285,0.27630,30,224,1980,1980,480
1,64,256,M1024,0.25938,0.26136,0.25693,0.26136,30,224,1980,1980,476
1,64,256,M1536,0.25573,0.25683,0.25516,0.25683,30,224,1980,1980,472
1,64,256,M2048,0.25935,0.26052,0.25875,0.26052,30,224,1980,1980,472
1,64,256,M4096,0.29549,0.29628,0.29461,0.29628,30,224,1980,1980,472
1,64,512,default,0.33769,0.33959,0.33649,0.33959,30,235,1980,1980,448
1,64,512,M1,0.38524,0.38638,0.38442,0.38638,30,235,1980,1980,451
1,64,512,M2,0.29795,0.29874,0.29691,0.29874,30,235,1980,1980,451
1,64,512,M4,0.29746,0.30003,0.29565,0.30003,30,235,1980,1980,449
1,64,512,M16,0.30947,0.31081,0.30848,0.31081,30,235,1980,1980,469
1,64,512,M24,0.33973,0.34127,0.33814,0.34127,30,235,1980,1980,473
1,64,512,M48,0.30900,0.31018,0.30772,0.31018,30,235,1980,1980,473
1,64,512,M96,0.31134,0.31222,0.30992,0.31222,30,235,1980,1980,518
1,64,512,M128,0.31766,0.31864,0.31610,0.31864,30,235,1980,1980,523
1,64,512,M512,0.33731,0.33858,0.33586,0.33858,30,235,1980,1980,523
1,64,512,M1024,0.28516,0.28614,0.28287,0.28614,30,235,1980,1980,520
1,64,512,M1536,0.28010,0.28166,0.27884,0.28166,30,235,1980,1980,523
1,64,512,M2048,0.30285,0.30394,0.30160,0.30394,30,235,1980,1980,516
1,64,512,M4096,0.31531,0.31639,0.31444,0.31639,30,235,1980,1980,507
1,64,1024,default,0.35116,0.35231,0.35004,0.35231,30,245,1980,1980,501
1,64,1024,M1,0.58418,0.58554,0.58279,0.58554,30,245,1980,1980,495
1,64,1024,M2,0.38224,0.38410,0.38078,0.38410,30,245,1980,1980,495
1,64,1024,M4,0.40990,0.41122,0.40889,0.41122,30,245,1980,1980,498
1,64,1024,M16,0.43925,0.44059,0.43694,0.44059,30,245,1980,1980,504
1,64,1024,M24,0.48311,0.48515,0.48180,0.48515,30,245,1980,1980,506
1,64,1024,M48,0.45122,0.46674,0.44937,0.46674,30,245,1980,1980,515
1,64,1024,M96,0.45682,0.45940,0.45563,0.45940,30,245,1980,1980,539
1,64,1024,M128,0.46681,0.46961,0.46503,0.46961,30,245,1980,1980,543
1,64,1024,M512,0.49571,0.49749,0.49401,0.49749,30,245,1980,1980,544
1,64,1024,M1024,0.35153,0.35274,0.35046,0.35274,30,245,1980,1980,544
1,64,1024,M1536,0.33596,0.33698,0.33462,0.33698,30,245,1980,1980,544
1,64,1024,M2048,0.34216,0.34318,0.34132,0.34318,30,245,1980,1980,539
1,64,1024,M4096,0.37648,0.37795,0.37560,0.37795,30,245,1980,1980,539
1,64,2048,default,0.45482,0.45676,0.45383,0.45676,30,257,1980,1980,536
1,64,2048,M1,0.97410,0.97646,0.97221,0.97646,30,257,1980,1980,527
1,64,2048,M2,0.56510,0.56659,0.56355,0.56659,30,257,1980,1980,532
1,64,2048,M4,0.65234,0.65431,0.65010,0.65431,30,257,1980,1980,540
1,64,2048,M16,0.72050,0.72779,0.71686,0.72779,30,257,1976,1965,547
1,64,2048,M24,0.78449,0.78766,0.78178,0.78766,30,257,1965,1965,554
1,64,2048,M48,0.73466,0.75040,0.72494,0.75040,30,257,1965,1965,557
1,64,2048,M96,0.75347,0.76674,0.74397,0.76674,30,257,1957,1950,574
1,64,2048,M128,0.75519,0.75759,0.75242,0.75759,30,257,1960,1950,574
1,64,2048,M512,0.79843,0.80278,0.79691,0.80278,30,257,1965,1965,575
1,64,2048,M1024,0.52896,0.53225,0.52686,0.53225,30,257,1966,1965,583
1,64,2048,M1536,0.45618,0.45738,0.45499,0.45738,30,257,1980,1980,583
1,64,2048,M2048,0.45520,0.45630,0.45446,0.45630,30,257,1980,1980,579
1,64,2048,M4096,0.48098,0.48253,0.47977,0.48253,30,257,1980,1980,573
1,64,4096,default,0.73298,0.74356,0.72700,0.74356,30,317,1980,1980,567
1,64,4096,M1,1.79995,1.80670,1.79698,1.80670,30,317,1958,1950,561
1,64,4096,M2,0.95422,0.95838,0.95179,0.95838,30,317,1963,1950,565
1,64,4096,M4,1.18342,1.19059,1.17728,1.19059,30,317,1965,1965,565
1,64,4096,M16,1.30258,1.31966,1.29742,1.31966,30,317,1954,1950,565
1,64,4096,M24,1.42485,1.46094,1.42117,1.46094,30,317,1950,1950,575
1,64,4096,M48,1.31082,1.31616,1.30624,1.31616,30,317,1960,1950,575
1,64,4096,M96,1.34741,1.35054,1.34440,1.35054,30,317,1965,1965,582
1,64,4096,M128,1.36662,1.37142,1.36218,1.37142,30,317,1965,1965,590
1,64,4096,M512,1.43456,1.44259,1.42403,1.44259,30,317,1965,1965,599
1,64,4096,M1024,0.90244,0.91234,0.88889,0.91234,30,317,1978,1965,608
1,64,4096,M1536,0.72677,0.73957,0.72200,0.73957,30,317,1902,1875,610
1,64,4096,M2048,0.74617,0.74966,0.73274,0.74966,30,317,1878,1875,612
1,64,4096,M4096,0.73550,0.74378,0.73330,0.74378,30,317,1906,1890,612
1,64,8192,default,1.20526,1.21070,1.20206,1.21070,30,345,1950,1950,607
1,64,8192,M1,3.41808,3.42493,3.41555,3.42493,30,345,1961,1950,600
1,64,8192,M2,1.73381,1.74766,1.72974,1.74766,30,345,1965,1965,610
1,64,8192,M4,2.26187,2.27246,2.24206,2.27246,30,345,1939,1935,624
1,64,8192,M16,2.51512,2.52786,2.48181,2.52786,30,345,1954,1935,625
1,64,8192,M24,2.68947,2.71565,2.68326,2.71565,30,345,1921,1890,643
1,64,8192,M48,2.50139,2.51320,2.44888,2.51320,30,345,1957,1920,666
1,64,8192,M96,2.55989,2.59496,2.54488,2.59496,30,345,1948,1920,674
1,64,8192,M128,2.57526,2.58099,2.57104,2.58099,30,345,1937,1920,680
1,64,8192,M512,2.69202,2.69915,2.67691,2.69915,30,345,1965,1965,673
1,64,8192,M1024,1.65434,1.66976,1.60522,1.66976,30,345,1972,1965,669
1,64,8192,M1536,1.24123,1.24942,1.23522,1.24942,30,345,1967,1950,661
1,64,8192,M2048,1.24530,1.25586,1.23970,1.25586,30,345,1950,1950,661
1,64,8192,M4096,1.20395,1.21064,1.20037,1.21064,30,345,1953,1950,661
2,8,0,default,0.09443,0.09809,0.09400,0.09809,30,54,1980,1980,146
2,8,0,M1,0.09777,0.09813,0.09725,0.09813,30,54,1980,1980,199
2,8,0,M2,0.10243,0.10437,0.10207,0.10437,30,54,1980,1980,223
2,8,0,M4,0.09470,0.09506,0.09435,0.09506,30,54,1980,1980,275
2,8,0,M16,0.09263,0.09300,0.09226,0.09300,30,54,1980,1980,298
2,8,0,M24,0.09896,0.09983,0.09857,0.09983,30,54,1980,1980,351
2,8,0,M48,0.09403,0.09440,0.09360,0.09440,30,54,1980,1980,374
2,8,0,M96,0.09449,0.09482,0.09419,0.09482,30,54,1980,1980,383
2,8,0,M128,0.09666,0.09705,0.09613,0.09705,30,54,1980,1980,376
2,8,0,M512,0.10419,0.10497,0.10341,0.10497,30,54,1980,1980,376
2,8,0,M1024,0.09552,0.09598,0.09519,0.09598,30,54,1980,1980,372
2,8,0,M1536,0.09987,0.10045,0.09948,0.10045,30,54,1980,1980,366
2,8,0,M2048,0.10957,0.11006,0.10920,0.11006,30,54,1980,1980,360
2,8,0,M4096,0.12869,0.12918,0.12835,0.12918,30,54,1980,1980,366
2,8,256,default,0.21363,0.21444,0.21287,0.21444,30,148,1980,1980,372
2,8,256,M1,0.22995,0.23031,0.22922,0.23031,30,148,1980,1980,381
2,8,256,M2,0.19582,0.19646,0.19498,0.19646,30,148,1980,1980,389
2,8,256,M4,0.19917,0.19997,0.19842,0.19997,30,148,1980,1980,413
2,8,256,M16,0.19453,0.19593,0.19376,0.19593,30,148,1980,1980,427
2,8,256,M24,0.21327,0.21407,0.21226,0.21407,30,148,1980,1980,447
2,8,256,M48,0.19480,0.19539,0.19414,0.19539,30,148,1980,1980,448
2,8,256,M96,0.19485,0.19566,0.19419,0.19566,30,148,1980,1980,452
2,8,256,M128,0.19758,0.19812,0.19668,0.19812,30,148,1980,1980,468
2,8,256,M512,0.20728,0.20859,0.20630,0.20859,30,148,1980,1980,467
2,8,256,M1024,0.19264,0.19362,0.19190,0.19362,30,148,1980,1980,464
2,8,256,M1536,0.19467,0.19596,0.19279,0.19596,30,148,1980,1980,462
2,8,256,M2048,0.21066,0.21171,0.20961,0.21171,30,148,1980,1980,455
2,8,256,M4096,0.22939,0.22986,0.22890,0.22986,30,148,1980,1980,448
2,8,512,default,0.29951,0.30058,0.29762,0.30058,30,171,1980,1980,448
2,8,512,M1,0.33328,0.33436,0.33208,0.33436,30,171,1980,1980,442
2,8,512,M2,0.24277,0.24371,0.24202,0.24371,30,171,1980,1980,450
2,8,512,M4,0.25976,0.26108,0.25891,0.26108,30,171,1980,1980,450
2,8,512,M16,0.25618,0.25716,0.25559,0.25716,30,171,1980,1980,449
2,8,512,M24,0.28824,0.28977,0.28682,0.28977,30,171,1980,1980,465
2,8,512,M48,0.27278,0.27459,0.27121,0.27459,30,171,1980,1980,478
2,8,512,M96,0.27394,0.27585,0.27280,0.27585,30,171,1980,1980,482
2,8,512,M128,0.27962,0.28168,0.27800,0.28168,30,171,1980,1980,492
2,8,512,M512,0.29996,0.30115,0.29893,0.30115,30,171,1980,1980,493
2,8,512,M1024,0.23995,0.24188,0.23788,0.24188,30,171,1980,1980,488
2,8,512,M1536,0.23874,0.24038,0.23677,0.24038,30,171,1980,1980,486
2,8,512,M2048,0.23601,0.23674,0.23548,0.23674,30,171,1980,1980,486
2,8,512,M4096,0.25388,0.25439,0.25287,0.25439,30,171,1980,1980,479
2,8,1024,default,0.33731,0.33852,0.33611,0.33852,30,199,1980,1980,466
2,8,1024,M1,0.54183,0.55102,0.54082,0.55102,30,199,1980,1980,478
2,8,1024,M2,0.35000,0.35106,0.34925,0.35106,30,199,1980,1980,479
2,8,1024,M4,0.37839,0.38046,0.37507,0.38046,30,199,1980,1980,479
2,8,1024,M16,0.41237,0.41374,0.41115,0.41374,30,199,1980,1980,494
2,8,1024,M24,0.44741,0.44904,0.44548,0.44904,30,199,1980,1980,511
2,8,1024,M48,0.41732,0.41893,0.41575,0.41893,30,199,1980,1980,504
2,8,1024,M96,0.41986,0.42165,0.41820,0.42165,30,199,1980,1980,518
2,8,1024,M128,0.42871,0.43717,0.42647,0.43717,30,199,1980,1980,527
2,8,1024,M512,0.45461,0.45625,0.45275,0.45625,30,199,1980,1980,527
2,8,1024,M1024,0.33701,0.33821,0.33580,0.33821,30,199,1980,1980,525
2,8,1024,M1536,0.31258,0.31460,0.31112,0.31460,30,199,1980,1980,519
2,8,1024,M2048,0.32000,0.32152,0.31816,0.32152,30,199,1980,1980,527
2,8,1024,M4096,0.33181,0.33254,0.33096,0.33254,30,199,1980,1980,505
2,8,2048,default,0.43419,0.43542,0.43317,0.43542,30,231,1980,1980,499
2,8,2048,M1,0.94138,0.94643,0.93846,0.94643,30,231,1980,1980,501
2,8,2048,M2,0.53452,0.54799,0.53291,0.54799,30,231,1980,1980,501
2,8,2048,M4,0.62560,0.62867,0.62219,0.62867,30,231,1980,1980,494
2,8,2048,M16,0.69649,0.69935,0.69412,0.69935,30,231,1966,1965,501
2,8,2048,M24,0.76034,0.76181,0.75720,0.76181,30,231,1965,1965,516
2,8,2048,M48,0.70641,0.70849,0.70524,0.70849,30,231,1965,1965,523
2,8,2048,M96,0.71915,0.72264,0.71694,0.72264,30,231,1965,1965,531
2,8,2048,M128,0.72990,0.73198,0.72753,0.73198,30,231,1965,1965,551
2,8,2048,M512,0.76779,0.76995,0.76461,0.76995,30,231,1965,1965,559
2,8,2048,M1024,0.50450,0.50572,0.50299,0.50572,30,231,1965,1965,573
2,8,2048,M1536,0.42176,0.42402,0.42059,0.42402,30,231,1965,1965,589
2,8,2048,M2048,0.43476,0.43711,0.43369,0.43711,30,231,1968,1965,589
2,8,2048,M4096,0.45433,0.45704,0.44957,0.45704,30,231,1980,1980,578
2,8,4096,default,0.70186,0.70458,0.69985,0.70458,30,286,1980,1980,572
2,8,4096,M1,1.75277,1.75693,1.75094,1.75693,30,286,1980,1980,548
2,8,4096,M2,0.92674,0.92984,0.92389,0.92984,30,286,1980,1980,553
2,8,4096,M4,1.15168,1.18883,1.14646,1.18883,30,286,1980,1980,553
2,8,4096,M16,1.28587,1.29774,1.27880,1.29774,30,286,1973,1965,562
2,8,4096,M24,1.39971,1.40570,1.39699,1.40570,30,286,1965,1965,571
2,8,4096,M48,1.28741,1.29550,1.28539,1.29550,30,286,1965,1965,572
2,8,4096,M96,1.32230,1.32781,1.31952,1.32781,30,286,1965,1965,582
2,8,4096,M128,1.33854,1.34571,1.33493,1.34571,30,286,1965,1965,582
2,8,4096,M512,1.40120,1.43032,1.39614,1.43032,30,286,1969,1965,580
2,8,4096,M1024,0.86778,0.88819,0.86464,0.88819,30,286,1980,1980,566
2,8,4096,M1536,0.70076,0.70764,0.69844,0.70764,30,286,1953,1935,571
2,8,4096,M2048,0.71296,0.72144,0.71019,0.72144,30,286,1935,1935,571
2,8,4096,M4096,0.70584,0.72051,0.70286,0.72051,30,286,1944,1935,570
2,8,8192,default,1.18306,1.19618,1.17848,1.19618,30,329,1962,1950,561
2,8,8192,M1,3.39296,3.39802,3.38992,3.39802,30,329,1944,1920,558
2,8,8192,M2,1.72131,1.72723,1.71146,1.72723,30,329,1965,1965,581
2,8,8192,M4,2.23757,2.24605,2.21878,2.24605,30,329,1965,1965,604
2,8,8192,M16,2.46674,2.49992,2.45221,2.49992,30,329,1924,1905,619
2,8,8192,M24,2.67400,2.67976,2.66920,2.67976,30,329,1951,1950,630
2,8,8192,M48,2.48579,2.48954,2.43034,2.48954,30,329,1965,1965,632
2,8,8192,M96,2.53443,2.56157,2.52634,2.56157,30,329,1937,1920,653
2,8,8192,M128,2.55798,2.59014,2.55325,2.59014,30,329,1965,1965,653
2,8,8192,M512,2.67102,2.68354,2.66117,2.68354,30,329,1965,1965,653
2,8,8192,M1024,1.60026,1.60624,1.59418,1.60624,30,329,1980,1980,641
2,8,8192,M1536,1.22219,1.23413,1.21902,1.23413,30,329,1977,1965,636
2,8,8192,M2048,1.23002,1.23498,1.22576,1.23498,30,329,1965,1965,626
2,8,8192,M4096,1.18208,1.19331,1.17885,1.19331,30,329,1965,1965,605
2,32,0,default,0.15559,0.15653,0.15533,0.15653,30,126,1965,1965,604
2,32,0,M1,0.17075,0.17132,0.16952,0.17132,30,126,1965,1965,563
2,32,0,M2,0.16257,0.16318,0.16215,0.16318,30,126,1975,1965,530
2,32,0,M4,0.15923,0.16003,0.15785,0.16003,30,126,1980,1980,492
2,32,0,M16,0.15015,0.15083,0.14965,0.15083,30,126,1980,1980,466
2,32,0,M24,0.15499,0.15546,0.15459,0.15546,30,126,1980,1980,434
2,32,0,M48,0.14965,0.15000,0.14911,0.15000,30,126,1980,1980,425
2,32,0,M96,0.14865,0.14911,0.14830,0.14911,30,126,1980,1980,394
2,32,0,M128,0.15012,0.15056,0.14973,0.15056,30,126,1980,1980,396
2,32,0,M512,0.15618,0.15693,0.15542,0.15693,30,126,1980,1980,394
2,32,0,M1024,0.15462,0.15515,0.15407,0.15515,30,126,1980,1980,393
2,32,0,M1536,0.16768,0.17050,0.16722,0.17050,30,126,1980,1980,391
2,32,0,M2048,0.16134,0.16176,0.16095,0.16176,30,126,1980,1980,398
2,32,0,M4096,0.17808,0.17842,0.17746,0.17842,30,126,1980,1980,398
2,32,256,default,0.24260,0.24345,0.24183,0.24345,30,183,1980,1980,404
2,32,256,M1,0.25797,0.25955,0.25738,0.25955,30,183,1980,1980,411
2,32,256,M2,0.23138,0.23231,0.22985,0.23231,30,183,1980,1980,423
2,32,256,M4,0.22771,0.22868,0.22613,0.22868,30,183,1980,1980,440
2,32,256,M16,0.22700,0.22996,0.22551,0.22996,30,183,1980,1980,450
2,32,256,M24,0.24216,0.24304,0.24126,0.24304,30,183,1980,1980,451
2,32,256,M48,0.22999,0.23060,0.22930,0.23060,30,183,1980,1980,470
2,32,256,M96,0.23107,0.23197,0.23023,0.23197,30,183,1980,1980,470
2,32,256,M128,0.23837,0.23930,0.23706,0.23930,30,183,1980,1980,480
2,32,256,M512,0.25033,0.25108,0.24903,0.25108,30,183,1980,1980,480
2,32,256,M1024,0.21946,0.22067,0.21888,0.22067,30,183,1980,1980,469
2,32,256,M1536,0.22875,0.23033,0.22796,0.23033,30,183,1980,1980,461
2,32,256,M2048,0.23241,0.23312,0.23141,0.23312,30,183,1980,1980,463
2,32,256,M4096,0.24985,0.25132,0.24913,0.25132,30,183,1980,1980,457
2,32,512,default,0.31477,0.31645,0.31325,0.31645,30,201,1980,1980,450
2,32,512,M1,0.35487,0.35576,0.35411,0.35576,30,201,1980,1980,465
2,32,512,M2,0.27437,0.27613,0.27350,0.27613,30,201,1980,1980,470
2,32,512,M4,0.27211,0.27399,0.27042,0.27399,30,201,1980,1980,479
2,32,512,M16,0.28587,0.28716,0.28432,0.28716,30,201,1980,1980,488
2,32,512,M24,0.30772,0.30887,0.30659,0.30887,30,201,1980,1980,497
2,32,512,M48,0.28588,0.28749,0.28496,0.28749,30,201,1980,1980,508
2,32,512,M96,0.28810,0.28888,0.28713,0.28888,30,201,1980,1980,516
2,32,512,M128,0.29668,0.29826,0.29554,0.29826,30,201,1980,1980,522
2,32,512,M512,0.31521,0.31681,0.31396,0.31681,30,201,1980,1980,525
2,32,512,M1024,0.26091,0.26172,0.25972,0.26172,30,201,1980,1980,524
2,32,512,M1536,0.25645,0.25691,0.25526,0.25691,30,201,1980,1980,521
2,32,512,M2048,0.25817,0.25883,0.25732,0.25883,30,201,1980,1980,518
2,32,512,M4096,0.29470,0.29559,0.29424,0.29559,30,201,1980,1980,511
2,32,1024,default,0.34782,0.34870,0.34676,0.34870,30,232,1980,1980,506
2,32,1024,M1,0.56385,0.56534,0.56289,0.56534,30,232,1980,1980,509
2,32,1024,M2,0.36772,0.36905,0.36644,0.36905,30,232,1980,1980,510
2,32,1024,M4,0.39797,0.39947,0.39618,0.39947,30,232,1980,1980,510
2,32,1024,M16,0.42677,0.42825,0.42582,0.42825,30,232,1980,1980,518
2,32,1024,M24,0.46704,0.46971,0.46567,0.46971,30,232,1980,1980,527
2,32,1024,M48,0.43614,0.43847,0.43486,0.43847,30,232,1980,1980,533
2,32,1024,M96,0.44319,0.44469,0.44177,0.44469,30,232,1980,1980,512
2,32,1024,M128,0.45215,0.45298,0.44989,0.45298,30,232,1980,1980,517
2,32,1024,M512,0.48202,0.48558,0.48035,0.48558,30,232,1980,1980,521
2,32,1024,M1024,0.34702,0.34782,0.34583,0.34782,30,232,1980,1980,515
2,32,1024,M1536,0.33209,0.33387,0.33114,0.33387,30,232,1980,1980,511
2,32,1024,M2048,0.33812,0.33897,0.33724,0.33897,30,232,1980,1980,510
2,32,1024,M4096,0.36872,0.37128,0.36523,0.37128,30,232,1980,1980,484
2,32,2048,default,0.45154,0.45284,0.45046,0.45284,30,257,1980,1980,499
2,32,2048,M1,0.96331,0.96699,0.96085,0.96699,30,257,1980,1980,499
2,32,2048,M2,0.54925,0.55078,0.54735,0.55078,30,257,1980,1980,518
2,32,2048,M4,0.64225,0.64404,0.63935,0.64404,30,257,1980,1980,518
2,32,2048,M16,0.70984,0.71174,0.70760,0.71174,30,257,1980,1980,524
2,32,2048,M24,0.77808,0.78059,0.77550,0.78059,30,257,1965,1965,551
2,32,2048,M48,0.72039,0.73295,0.71903,0.73295,30,257,1965,1965,563
2,32,2048,M96,0.73386,0.73590,0.73062,0.73590,30,257,1965,1965,588
2,32,2048,M128,0.74707,0.74942,0.74485,0.74942,30,257,1965,1965,594
2,32,2048,M512,0.79049,0.79975,0.78679,0.79975,30,257,1965,1965,594
2,32,2048,M1024,0.51913,0.52148,0.51678,0.52148,30,257,1972,1965,590
2,32,2048,M1536,0.45577,0.45828,0.45392,0.45828,30,257,1980,1980,591
2,32,2048,M2048,0.45201,0.45386,0.45053,0.45386,30,257,1980,1980,591
2,32,2048,M4096,0.47346,0.47474,0.47198,0.47474,30,257,1980,1980,584
2,32,4096,default,0.71053,0.71707,0.70635,0.71707,30,287,1980,1980,579
2,32,4096,M1,1.79002,1.79862,1.78352,1.79862,30,287,1930,1905,571
2,32,4096,M2,0.94282,0.94560,0.93958,0.94560,30,287,1965,1965,551
2,32,4096,M4,1.16742,1.17293,1.16032,1.17293,30,287,1965,1965,551
2,32,4096,M16,1.29002,1.33024,1.28464,1.33024,30,287,1965,1965,560
2,32,4096,M24,1.41162,1.43350,1.40659,1.43350,30,287,1980,1980,575
2,32,4096,M48,1.29813,1.30254,1.29170,1.30254,30,287,1965,1965,584
2,32,4096,M96,1.33416,1.33688,1.33026,1.33688,30,287,1965,1965,584
2,32,4096,M128,1.35406,1.35781,1.34805,1.35781,30,287,1965,1965,595
2,32,4096,M512,1.42226,1.42776,1.41691,1.42776,30,287,1965,1965,595
2,32,4096,M1024,0.88191,0.89014,0.87748,0.89014,30,287,1964,1950,597
2,32,4096,M1536,0.70269,0.70550,0.70091,0.70550,30,287,1952,1950,611
2,32,4096,M2048,0.71674,0.72037,0.71533,0.72037,30,287,1965,1965,611
2,32,4096,M4096,0.71416,0.72243,0.71152,0.72243,30,287,1965,1965,611
2,32,8192,default,1.17800,1.18606,1.17227,1.18606,30,316,1965,1965,609
2,32,8192,M1,3.40656,3.41344,3.40176,3.41344,30,316,1965,1965,604
2,32,8192,M2,1.72654,1.75464,1.71714,1.75464,30,316,1965,1965,604
2,32,8192,M4,2.23250,2.25666,2.22469,2.25666,30,316,1953,1950,628
2,32,8192,M16,2.50397,2.53187,2.45514,2.53187,30,316,1958,1950,628
2,32,8192,M24,2.67955,2.68378,2.67456,2.68378,30,316,1922,1875,627
2,32,8192,M48,2.48493,2.48954,2.42285,2.48954,30,316,1965,1965,626
2,32,8192,M96,2.53869,2.55677,2.53066,2.55677,30,316,1937,1920,632
2,32,8192,M128,2.56123,2.56670,2.55746,2.56670,30,316,1958,1950,631
2,32,8192,M512,2.67670,2.68755,2.66326,2.68755,30,316,1965,1965,624
2,32,8192,M1024,1.64088,1.67029,1.59627,1.67029,30,316,1973,1905,615
2,32,8192,M1536,1.22533,1.23362,1.22232,1.23362,30,316,1910,1905,619
2,32,8192,M2048,1.22762,1.23325,1.22333,1.23325,30,316,1952,1950,619
2,32,8192,M4096,1.17968,1.20154,1.17558,1.20154,30,316,1965,1965,615
2,64,0,default,0.19624,0.19680,0.19523,0.19680,30,179,1965,1965,628
2,64,0,M1,0.20771,0.20854,0.20669,0.20854,30,179,1965,1965,598
2,64,0,M2,0.20290,0.20378,0.20204,0.20378,30,179,1979,1965,571
2,64,0,M4,0.19471,0.19583,0.19367,0.19583,30,179,1980,1980,545
2,64,0,M16,0.20075,0.20156,0.20019,0.20156,30,179,1980,1980,529
2,64,0,M24,0.19562,0.19619,0.19493,0.19619,30,179,1980,1980,504
2,64,0,M48,0.19445,0.19535,0.19385,0.19535,30,179,1980,1980,471
2,64,0,M96,0.19368,0.19463,0.19303,0.19463,30,179,1980,1980,447
2,64,0,M128,0.19708,0.19778,0.19606,0.19778,30,179,1980,1980,443
2,64,0,M512,0.20715,0.20924,0.20587,0.20924,30,179,1980,1980,426
2,64,0,M1024,0.20171,0.20317,0.20058,0.20317,30,179,1980,1980,425
2,64,0,M1536,0.20362,0.20446,0.20284,0.20446,30,179,1980,1980,425
2,64,0,M2048,0.21880,0.21946,0.21787,0.21946,30,179,1980,1980,423
2,64,0,M4096,0.23662,0.23735,0.23609,0.23735,30,179,1980,1980,413
2,64,256,default,0.28484,0.28574,0.28365,0.28574,30,244,1980,1980,415
2,64,256,M1,0.30081,0.30135,0.29999,0.30135,30,244,1980,1980,418
2,64,256,M2,0.27125,0.27291,0.27052,0.27291,30,244,1980,1980,435
2,64,256,M4,0.26642,0.26781,0.26561,0.26781,30,244,1980,1980,439
2,64,256,M16,0.26680,0.26922,0.26509,0.26922,30,244,1980,1980,451
2,64,256,M24,0.28491,0.28626,0.28389,0.28626,30,244,1980,1980,451
2,64,256,M48,0.26650,0.26712,0.26540,0.26712,30,244,1980,1980,482
2,64,256,M96,0.26674,0.26774,0.26631,0.26774,30,244,1980,1980,482
2,64,256,M128,0.27321,0.27426,0.27175,0.27426,30,244,1980,1980,502
2,64,256,M512,0.28625,0.29420,0.28455,0.29420,30,244,1980,1980,502
2,64,256,M1024,0.27179,0.27304,0.27077,0.27304,30,244,1980,1980,500
2,64,256,M1536,0.26865,0.26958,0.26763,0.26958,30,244,1980,1980,499
2,64,256,M2048,0.27376,0.27472,0.27293,0.27472,30,244,1980,1980,499
2,64,256,M4096,0.30589,0.30646,0.30477,0.30646,30,244,1980,1980,496
2,64,512,default,0.34560,0.34800,0.34402,0.34800,30,250,1980,1980,489
2,64,512,M1,0.38826,0.38895,0.38739,0.38895,30,250,1980,1980,493
2,64,512,M2,0.30740,0.30880,0.30617,0.30880,30,250,1980,1980,494
2,64,512,M4,0.30971,0.31133,0.30849,0.31133,30,250,1980,1980,494
2,64,512,M16,0.31529,0.31649,0.31362,0.31649,30,250,1980,1980,507
2,64,512,M24,0.34527,0.34642,0.34389,0.34642,30,250,1980,1980,508
2,64,512,M48,0.31945,0.32087,0.31789,0.32087,30,250,1980,1980,518
2,64,512,M96,0.32070,0.32190,0.31912,0.32190,30,250,1980,1980,525
2,64,512,M128,0.32751,0.32869,0.32580,0.32869,30,250,1980,1980,525
2,64,512,M512,0.34485,0.34579,0.34334,0.34579,30,250,1980,1980,528
2,64,512,M1024,0.29432,0.29558,0.29364,0.29558,30,250,1980,1980,536
2,64,512,M1536,0.29087,0.29144,0.28963,0.29144,30,250,1980,1980,536
2,64,512,M2048,0.31310,0.31389,0.31166,0.31389,30,250,1980,1980,534
2,64,512,M4096,0.32529,0.32605,0.32431,0.32605,30,250,1980,1980,528
2,64,1024,default,0.36970,0.37162,0.36752,0.37162,30,262,1980,1980,524
2,64,1024,M1,0.58330,0.58535,0.58140,0.58535,30,262,1980,1980,524
2,64,1024,M2,0.39082,0.39270,0.38945,0.39270,30,262,1980,1980,528
2,64,1024,M4,0.41268,0.41460,0.41111,0.41460,30,262,1980,1980,528
2,64,1024,M16,0.44144,0.44342,0.43939,0.44342,30,262,1980,1980,535
2,64,1024,M24,0.48509,0.48755,0.48352,0.48755,30,262,1972,1965,538
2,64,1024,M48,0.45695,0.45865,0.45468,0.45865,30,262,1965,1965,539
2,64,1024,M96,0.45830,0.46070,0.45630,0.46070,30,262,1965,1965,548
2,64,1024,M128,0.46676,0.46880,0.46563,0.46880,30,262,1976,1965,555
2,64,1024,M512,0.49937,0.50126,0.49698,0.50126,30,262,1980,1980,562
2,64,1024,M1024,0.37014,0.37144,0.36790,0.37144,30,262,1980,1980,561
2,64,1024,M1536,0.34432,0.34587,0.34254,0.34587,30,262,1980,1980,561
2,64,1024,M2048,0.35305,0.35452,0.35200,0.35452,30,262,1980,1980,554
2,64,1024,M4096,0.38413,0.38602,0.38280,0.38602,30,262,1980,1980,542
2,64,2048,default,0.50199,0.50417,0.50067,0.50417,30,312,1980,1980,537
2,64,2048,M1,0.99626,0.99914,0.99283,0.99914,30,312,1980,1980,534
2,64,2048,M2,0.57729,0.57819,0.57506,0.57819,30,312,1980,1980,541
2,64,2048,M4,0.66546,0.67448,0.66330,0.67448,30,312,1980,1980,542
2,64,2048,M16,0.74158,0.75442,0.73782,0.75442,30,312,1977,1965,554
2,64,2048,M24,0.80460,0.80975,0.80271,0.80975,30,312,1965,1965,558
2,64,2048,M48,0.75242,0.77622,0.74991,0.77622,30,312,1965,1965,560
2,64,2048,M96,0.76132,0.76626,0.75996,0.76626,30,312,1955,1950,580
2,64,2048,M128,0.77378,0.77711,0.77124,0.77711,30,312,1928,1920,580
2,64,2048,M512,0.82399,0.82754,0.82084,0.82754,30,312,1957,1920,583
2,64,2048,M1024,0.54725,0.55005,0.54594,0.55005,30,312,1964,1950,587
2,64,2048,M1536,0.48364,0.48496,0.48237,0.48496,30,312,1953,1950,591
2,64,2048,M2048,0.50405,0.50569,0.50269,0.50569,30,312,1965,1965,589
2,64,2048,M4096,0.51851,0.52455,0.51423,0.52455,30,312,1965,1965,583
2,64,4096,default,0.74158,0.74343,0.74020,0.74343,30,343,1973,1965,578
2,64,4096,M1,1.82117,1.82635,1.81413,1.82635,30,343,1946,1935,578
2,64,4096,M2,0.96594,0.97054,0.96165,0.97054,30,343,1961,1935,581
2,64,4096,M4,1.19294,1.19979,1.18731,1.19979,30,343,1965,1965,581
2,64,4096,M16,1.32302,1.33163,1.31371,1.33163,30,343,1955,1950,582
2,64,4096,M24,1.43922,1.44261,1.43314,1.44261,30,343,1950,1950,591
2,64,4096,M48,1.32877,1.33174,1.32531,1.33174,30,343,1962,1950,591
2,64,4096,M96,1.36243,1.36755,1.35693,1.36755,30,343,1965,1965,593
2,64,4096,M128,1.37933,1.38288,1.37581,1.38288,30,343,1965,1965,601
2,64,4096,M512,1.45178,1.45600,1.44582,1.45600,30,343,1965,1965,607
2,64,4096,M1024,0.90282,0.92082,0.89774,0.92082,30,343,1959,1920,607
2,64,4096,M1536,0.73527,0.74300,0.73238,0.74300,30,343,1920,1920,610
2,64,4096,M2048,0.74081,0.75326,0.73850,0.75326,30,343,1929,1920,618
2,64,4096,M4096,0.75066,0.76090,0.74404,0.76090,30,343,1957,1935,619
2,64,8192,default,1.23178,1.23798,1.22371,1.23798,30,386,1950,1935,619
2,64,8192,M1,3.43790,3.44741,3.43048,3.44741,30,386,1965,1965,613
2,64,8192,M2,1.75424,1.79018,1.75008,1.79018,30,386,1965,1965,617
2,64,8192,M4,2.27862,2.29965,2.25155,2.29965,30,386,1926,1920,640
2,64,8192,M16,2.50309,2.54344,2.47973,2.54344,30,386,1944,1920,640
2,64,8192,M24,2.70797,2.71261,2.70304,2.71261,30,386,1946,1920,635
2,64,8192,M48,2.49491,2.52496,2.47315,2.52496,30,386,1965,1965,649
2,64,8192,M96,2.59981,2.61379,2.55693,2.61379,30,386,1946,1920,657
2,64,8192,M128,2.59426,2.60034,2.58942,2.60034,30,386,1948,1920,657
2,64,8192,M512,2.70550,2.73107,2.69958,2.73107,30,386,1966,1965,655
2,64,8192,M1024,1.66061,1.68698,1.62592,1.68698,30,386,1966,1905,640
2,64,8192,M1536,1.25877,1.27262,1.25301,1.27262,30,386,1921,1905,635
2,64,8192,M2048,1.26054,1.27088,1.25664,1.27088,30,386,1965,1965,626
2,64,8192,M4096,1.22781,1.24538,1.22266,1.24538,30,386,1965,1965,631
