B,D,t,delta,policy,n,mode,R,unused,iter_p50_ms,iter_p99_ms,frac_over_B,within_B,gpu_p50_ms,decode_ms,n_patterns,sm_clock_min_mhz
0,32,1048576,0,decode_only,-,graph,0,0,85.336,,0,1,85.336,33.360,1,
100,32,1048576,2048,layered,256/256/256,graph,61.9,,93.320,95.546,0.000,1,93.320,85.336,5,1605
100,32,1048576,2048,layered,512/512/512,graph,42.3,,89.721,91.919,0.000,1,89.721,85.336,5,1605
100,32,1048576,2048,layered,1024/1024/1024,graph,0.0,,88.711,103.088,0.100,0,88.711,85.336,26,1440
100,32,1048576,2048,hyprefill,256/512/512,graph,63.3,,93.672,96.053,0.000,1,93.672,85.336,5,1605
100,32,1048576,2048,hyprefill,256/1024/1024,graph,63.1,,93.751,96.029,0.000,1,93.751,85.336,5,1605
100,32,1048576,2048,hyprefill,256/768/768,graph,64.0,,93.657,96.632,0.000,1,93.657,85.336,5,1590
100,32,1048576,2048,hyprefill,256/2048/2048,graph,62.8,,93.064,95.904,0.000,1,93.064,85.336,5,1605
100,32,1048576,2048,hyprefill,256/256/256,graph,61.9,,93.416,95.730,0.000,1,93.416,85.336,5,1590
100,32,1048576,2048,hyprefill,512/512/512,graph,42.3,,89.743,92.035,0.000,1,89.743,85.336,5,1605
100,32,1048576,2048,hyprefill,1024/1024/1024,graph,0.0,,88.524,103.063,0.105,0,88.524,85.336,26,1440
100,32,1048576,8192,layered,256/256/256,graph,61.8,,93.677,96.709,0.000,1,93.677,85.336,5,1605
100,32,1048576,8192,layered,512/512/512,graph,42.3,,89.781,92.400,0.000,1,89.781,85.336,5,1605
100,32,1048576,8192,layered,1024/1024/1024,graph,0.0,,88.794,92.208,0.000,1,88.794,85.336,1,1425
100,32,1048576,8192,hyprefill,256/512/512,graph,63.0,,93.791,96.565,0.000,1,93.791,85.336,5,1590
100,32,1048576,8192,hyprefill,256/4096/4096,graph,65.5,,93.920,101.575,0.045,0,93.920,85.336,56,1530
100,32,1048576,8192,hyprefill,256/1024/1024,graph,64.2,,93.839,96.527,0.000,1,93.839,85.336,5,1590
100,32,1048576,8192,hyprefill,256/3072/3072,graph,65.5,,93.553,98.416,0.005,1,93.553,85.336,3,1590
100,32,1048576,8192,hyprefill,256/768/768,graph,64.0,,93.286,96.455,0.000,1,93.286,85.336,5,1590
100,32,1048576,8192,hyprefill,256/256/256,graph,61.8,,93.443,96.511,0.000,1,93.443,85.336,5,1590
100,32,1048576,8192,hyprefill,512/512/512,graph,42.3,,89.818,91.980,0.000,1,89.818,85.336,5,1605
100,32,1048576,8192,hyprefill,1024/1024/1024,graph,0.0,,88.794,91.576,0.005,1,88.794,85.336,1,1380
