B,D,t,delta,policy,n,safety,R,ttft_iters,ttft_ms,service_ms
25,8,131072,2048,hyprefill,2048/2048/2048,1.040,458.800,96,2400,111.595
25,8,131072,2048,layered,2048/2048/2048,1.040,458.800,96,2400,111.595
25,8,131072,8192,hyprefill,1024/8192/8192,1.040,505.200,180,4500,405.384
25,8,131072,8192,layered,2048/2048/2048,1.040,437.600,99,2475,468.007
25,8,262144,2048,hyprefill,1024/2048/2048,1.040,250.500,108,2700,204.391
25,8,262144,2048,layered,1024/1024/1024,1.060,218.100,97,2425,234.755
25,8,262144,8192,hyprefill,512/8192/8192,1.040,256.700,276,6900,797.818
25,8,262144,8192,layered,1024/1024/1024,1.060,212.700,103,2575,962.858
50,8,131072,2048,chunked,512/512/512,1.040,512.000,4,200,200.000
50,8,131072,2048,hyprefill,2048/2048/2048,1.040,1201.500,96,4800,85.227
50,8,131072,2048,layered,2048/2048/2048,1.040,1201.500,96,4800,85.227
50,8,131072,8192,chunked,512/512/512,1.040,512.000,16,800,800.000
50,8,131072,8192,hyprefill,2048/8192/8192,1.040,1297.100,132,6600,315.781
50,8,131072,8192,layered,4096/4096/4096,1.040,1178.300,97,4850,347.619
50,8,262144,2048,chunked,256/256/256,1.040,256.000,8,400,400.000
50,8,262144,2048,hyprefill,1024/2048/2048,1.040,703.100,108,5400,145.641
50,8,262144,2048,layered,2048/2048/2048,1.040,682.000,96,4800,150.147
50,8,262144,8192,chunked,256/256/256,1.040,256.000,32,1600,1600.000
50,8,262144,8192,hyprefill,1024/6144/6144,1.040,749.600,158,7900,546.425
50,8,262144,8192,layered,2048/2048/2048,1.040,682.000,99,4950,600.587
50,32,131072,2048,chunked,512/512/512,1.040,512.000,4,200,200.000
50,32,131072,2048,hyprefill,2048/2048/2048,1.040,951.000,96,4800,107.676
50,32,131072,2048,layered,2048/2048/2048,1.040,951.000,96,4800,107.676
50,32,131072,8192,chunked,512/512/512,1.040,512.000,16,800,800.000
50,32,131072,8192,hyprefill,2048/6144/6144,1.040,1024.000,121,6050,400.000
50,32,131072,8192,layered,2048/2048/2048,1.040,934.600,99,4950,438.262
50,32,262144,2048,hyprefill,1024/2048/2048,1.060,405.500,108,5400,252.528
50,32,262144,2048,layered,1024/1024/1024,1.060,363.200,97,4850,281.938
50,32,262144,8192,hyprefill,1024/6144/6144,1.060,421.900,158,7900,970.846
50,32,262144,8192,layered,1024/1024/1024,1.060,369.700,103,5150,1107.925
100,8,131072,2048,chunked,2048/2048/2048,1.040,2048.000,1,100,100.000
100,8,131072,2048,hyprefill,2048/2048/2048,1.040,2048.000,96,9600,100.000
100,8,131072,2048,layered,2048/2048/2048,1.040,2048.000,96,9600,100.000
100,8,131072,8192,chunked,2048/2048/2048,1.040,2048.000,4,400,400.000
100,8,131072,8192,hyprefill,4096/8192/8192,1.040,2807.100,108,10800,291.831
100,8,131072,8192,layered,4096/4096/4096,1.040,2741.600,97,9700,298.804
100,8,262144,2048,chunked,1024/1024/1024,1.040,1024.000,2,200,200.000
100,8,262144,2048,hyprefill,2048/2048/2048,1.040,1564.700,96,9600,130.888
100,8,262144,2048,layered,2048/2048/2048,1.040,1564.700,96,9600,130.888
100,8,262144,8192,chunked,1024/1024/1024,1.040,1024.000,8,800,800.000
100,8,262144,8192,hyprefill,4096/8192/8192,1.040,1660.200,108,10800,493.435
100,8,262144,8192,layered,4096/4096/4096,1.040,1574.200,97,9700,520.391
100,32,131072,2048,chunked,2048/2048/2048,1.040,2048.000,1,100,100.000
100,32,131072,2048,hyprefill,2048/2048/2048,1.040,2048.000,96,9600,100.000
100,32,131072,2048,layered,2048/2048/2048,1.040,2048.000,96,9600,100.000
100,32,131072,8192,chunked,2048/2048/2048,1.040,2048.000,4,400,400.000
100,32,131072,8192,hyprefill,4096/8192/8192,1.040,2564.100,108,10800,319.488
100,32,131072,8192,layered,6144/6144/6144,1.040,2508.800,97,9700,326.531
100,32,262144,2048,chunked,1024/1024/1024,1.040,1024.000,2,200,200.000
100,32,262144,2048,hyprefill,2048/2048/2048,1.040,1262.900,96,9600,162.166
100,32,262144,2048,layered,2048/2048/2048,1.040,1262.900,96,9600,162.166
100,32,262144,8192,chunked,1024/1024/1024,1.040,1024.000,8,800,800.000
100,32,262144,8192,hyprefill,4096/8192/8192,1.040,1376.300,108,10800,595.219
100,32,262144,8192,layered,8192/8192/8192,1.040,1354.400,96,9600,604.843
