c,t,steps,wall_total_ms,wall_min_ms,wall_max_ms,gpu_busy_total_ms,wall_step_ms,gpu_busy_step_ms,host_overhead_step_ms,gpu_busy_frac
512,0,1,78.37668107822537,74.42031893879175,87.5030318275094,43.980900999999996,78.37668107822537,43.980900999999996,34.39578007822538,0.5611477852207597
512,16384,33,2757.734294049442,1929.8373609781265,2906.201269943267,1545.707128,83.56770588028611,46.83960993939394,36.728095940892175,0.5604989325241673
512,65536,129,8313.650965690613,8306.178000755608,8370.621557813138,7752.267992,64.44690671077994,60.0951007131783,4.3518059976016445,0.9324745558831651
1024,0,1,98.18342328071594,96.66518494486809,101.72456689178944,79.089748,98.18342328071594,79.089748,19.093675280715942,0.8055305606311437
1024,16384,17,1702.2800450213253,1694.8788310401142,1704.94923600927,1526.9098219999998,100.13412029537209,89.8182248235294,10.31589547184268,0.896979217059947
1024,65536,65,7653.374368324876,7643.9309269189835,7682.6678910292685,7423.308171,117.74422105115194,114.20474109230769,3.539479958844254,0.9699392468925793
2048,0,1,179.6440570615232,179.20118011534214,183.67096595466137,159.88264999999998,179.6440570615232,159.88264999999998,19.761407061523215,0.8899968783562071
2048,16384,9,1706.7449712194502,1701.1434617452323,1717.031146865338,1638.7929159999999,189.63833013549447,182.08810177777775,7.550228357716719,0.9601861693660656
2048,65536,33,7248.23248013854,7242.602210026234,7262.509860098362,7079.273266,219.64340848904666,214.52343230303032,5.119976186016345,0.9766895978293304
4096,0,1,349.4796110317111,348.4097211621702,365.7074901275337,325.752737,349.4796110317111,325.752737,23.726874031711077,0.9321079877545184
4096,16384,5,1865.5045377090573,1862.5491098500788,1867.0836752280593,1813.285624,373.10090754181147,362.6571248,10.443782741811447,0.9720081550843157
4096,65536,17,7355.346387252212,7347.951260861009,7365.182609297335,7239.854112,432.6674345442477,425.87377129411766,6.7936632501300664,0.9842981867648851
8192,0,1,716.8704038485885,704.8239568248391,721.6360489837825,670.200814,716.8704038485885,670.200814,46.66958984858843,0.9348981495148381
8192,16384,3,2242.113484069705,2240.4729342088103,2255.857644136995,2197.2456979999997,747.3711613565683,732.4152326666666,14.955928689901725,0.9799886194929506
8192,65536,9,7853.541764896363,7848.3465989120305,7887.741005048156,7745.941936,872.6157516551515,860.6602151111111,11.955536544040342,0.9862991969588408
