policy,params,goodput,ttft_p50_at_goodput,ttft_p99_at_goodput
chunked,256,0.5625,0.1979,2.8707
chunked,512,1.0000,0.1498,1.9781
chunked,768,0.1875,0.0868,1.3027
chunked,1024,0.0000,,
chunked,1536,0.0000,,
chunked,2048,0.0000,,
chunked,3072,0.0000,,
chunked,4096,0.0000,,
chunked,6144,0.0000,,
chunked,8192,0.0000,,
sloweave,0.0,2.1250,0.1501,3.9080
sloweave,1.0,2.0625,0.1439,2.7299
sloweave,2.0,2.0625,0.1467,3.0910
layered,256,0.5625,0.1979,2.8707
layered,512,1.4375,0.1753,2.5742
layered,768,2.0000,0.1570,1.9469
layered,1024,2.1250,0.1435,2.0314
layered,1536,2.2500,0.1282,3.4897
layered,2048,2.2500,0.1070,2.5198
layered,3072,2.3125,0.1007,3.3890
layered,4096,2.3125,0.0949,3.1885
layered,6144,2.3125,0.0921,2.8207
layered,8192,2.3125,0.0947,2.5213
hyprefill,"(256, 512)",0.5625,0.3139,2.5697
hyprefill,"(256, 768)",0.4375,0.4402,2.4206
hyprefill,"(256, 1024)",0.2500,0.5707,2.4106
hyprefill,"(256, 1536)",0.0000,,
hyprefill,"(256, 2048)",0.0000,,
hyprefill,"(256, 3072)",0.0000,,
hyprefill,"(256, 4096)",0.0000,,
hyprefill,"(256, 6144)",0.0000,,
hyprefill,"(256, 8192)",0.0000,,
hyprefill,"(512, 768)",1.4375,0.2964,2.3331
hyprefill,"(512, 1024)",1.5000,0.2969,2.2445
hyprefill,"(512, 1536)",1.3750,0.4131,2.0984
hyprefill,"(512, 2048)",0.9375,0.5336,1.9811
hyprefill,"(512, 3072)",0.3125,0.5129,1.8462
hyprefill,"(512, 4096)",0.0000,,
hyprefill,"(512, 6144)",0.0000,,
hyprefill,"(512, 8192)",0.0000,,
hyprefill,"(768, 1024)",1.9375,0.3208,2.0613
hyprefill,"(768, 1536)",2.0000,0.3074,2.0490
hyprefill,"(768, 2048)",1.2500,0.3769,1.8052
hyprefill,"(768, 3072)",1.3125,0.4828,1.8239
hyprefill,"(768, 4096)",0.6250,0.3549,1.6987
hyprefill,"(768, 6144)",0.0000,,
hyprefill,"(768, 8192)",0.0000,,
hyprefill,"(1024, 1536)",2.1250,0.3035,2.0453
hyprefill,"(1024, 2048)",2.1250,0.2931,1.9781
hyprefill,"(1024, 3072)",2.0000,0.4055,1.9587
hyprefill,"(1024, 4096)",1.5000,0.3620,1.7178
hyprefill,"(1024, 6144)",1.0000,0.3468,1.9249
hyprefill,"(1024, 8192)",0.0000,,
hyprefill,"(1536, 2048)",2.1875,0.2689,1.9750
hyprefill,"(1536, 3072)",2.2500,0.2710,2.5544
hyprefill,"(1536, 4096)",1.8125,0.2438,1.6691
hyprefill,"(1536, 6144)",1.8125,0.2460,1.6586
hyprefill,"(1536, 8192)",1.3125,0.2120,1.8043
hyprefill,"(2048, 3072)",2.2500,0.2290,2.1069
hyprefill,"(2048, 4096)",2.3125,0.2541,3.7441
hyprefill,"(2048, 6144)",2.1875,0.2255,1.8072
hyprefill,"(2048, 8192)",2.0000,0.2106,1.6891
hyprefill,"(3072, 4096)",2.3125,0.1261,3.5781
hyprefill,"(3072, 6144)",2.3125,0.1224,3.3191
hyprefill,"(3072, 8192)",2.2500,0.1189,1.9409
hyprefill,"(4096, 6144)",2.3125,0.0991,3.1303
hyprefill,"(4096, 8192)",2.3125,0.0996,2.9509
hyprefill,"(6144, 8192)",2.3125,0.0955,2.7784
