mode,rate,seconds,energy_kJ,tokens,mJ_per_token,mJ_per_output_token,mean_power_W
chunked,1.3,637.0,473.15051750000003,6924690,68.32804320482217,2994.9078551761245,742.9276509433963
layered,1.3,638.0,426.34770453,6924690,61.56921169467514,2698.6593950691517,668.4477229899497
chunked,2.0,652.0,589.91705898,10949151,53.87788139737958,2433.811881064757,904.9458771121352
layered,2.0,652.0,526.74836841,10949151,48.108603891753795,2173.1977705211566,808.0938721573448
chunked,2.5,670.0,662.03292151,13407356,49.378335408562286,2184.285544872958,988.1741883408072
layered,2.5,670.0,585.82360631,13407356,43.69419341964217,1932.8435090352996,874.2838116591927
chunked,2.6,677.0,680.8029654100001,14023004,48.549010284101755,2152.743456611721,1005.8861586268127
layered,2.6,680.0,598.93415066,14023004,42.710830764934535,1893.8689155064524,881.1143265546714
chunked,2.7,681.0,697.55038028,14515694,48.05491079379326,2128.261207361574,1024.4494588235295
layered,2.7,682.0,609.52571141,14515694,41.99080742608655,1859.6935263122566,893.8362749706229
chunked,2.8,685.0,712.83412832,15073827,47.28952563406758,2098.7314244663626,1040.768783269962
layered,2.8,704.0,632.3268619300001,15073827,41.94866120793346,1861.7013452966291,898.3971420438372
chunked,2.9,718.0,738.57666639,15544782,47.512835264592326,2101.5426777731936,1028.7875167410714
layered,2.9,712.0,648.17242632,15544782,41.69710622638516,1844.3068654270226,910.4034299380979
chunked,3.0,747.0,770.59532218,16182249,47.61979142577772,2112.8640426523652,1031.6289836417268
layered,3.0,742.0,672.49987448,16182249,41.55787458714793,1843.9001153774443,906.3411825053995
chunked,3.5,862.0,893.3141595100001,18886557,47.2989417557684,2110.2573927761505,1036.5599744304975
layered,3.5,851.0,779.81571545,18886557,41.28945871129397,1842.1423874373997,916.4188370998118
