g,h_fire_ms,B_ms,decode_batch,t,delta,uniform_R,layered_R,layered_n,hy_R,hy_nA,hy_nG,hy_nM,hy_over_best,pipe_over_uni
1,0.000,25,8,65536,2048,0,699,2048,699,2048,2048,2048,1.000,
1,0.000,25,8,65536,4096,0,747,4096,758,2048,4096,4096,1.015,
1,0.000,25,8,65536,8192,0,767,8192,798,2048,8192,8192,1.040,
1,0.000,25,8,131072,2048,0,452,2048,455,1024,2048,2048,1.006,
1,0.000,25,8,131072,4096,0,476,4096,482,1024,4096,4096,1.013,
1,0.000,25,8,131072,8192,0,484,8192,499,1024,8192,8192,1.032,
1,0.000,25,8,262144,2048,0,233,2048,241,256,2048,2048,1.034,
1,0.000,25,8,262144,4096,0,238,3072,250,256,4096,4096,1.049,
1,0.000,25,8,262144,8192,0,238,3072,256,256,8192,8192,1.073,
1,0.000,25,32,65536,2048,0,399,2048,399,512,2048,2048,1.000,
1,0.000,25,32,65536,4096,0,417,4096,423,512,4096,4096,1.015,
1,0.000,25,32,65536,8192,0,422,8192,439,512,8192,8192,1.040,
1,0.000,25,32,131072,2048,0,105,2048,106,256,2048,2048,1.015,
1,0.000,25,32,131072,4096,0,105,2048,111,256,4096,4096,1.057,
1,0.000,25,32,131072,8192,0,105,2048,113,256,8192,8192,1.085,
1,0.000,25,64,65536,2048,0,39,1024,42,512,2048,2048,1.091,
1,0.000,25,64,65536,4096,0,39,1024,45,512,4096,4096,1.149,
1,0.000,25,64,65536,8192,0,39,1024,46,512,8192,6144,1.181,
1,0.000,50,8,65536,2048,1664,1763,2048,1763,2048,2048,2048,1.000,1.060
1,0.000,50,8,65536,4096,1664,1883,4096,1911,2048,4096,4096,1.015,1.148
1,0.000,50,8,65536,8192,1664,1934,8192,2011,2048,8192,8192,1.040,1.209
1,0.000,50,8,131072,2048,1088,1210,2048,1213,1536,2048,2048,1.002,1.115
1,0.000,50,8,131072,4096,1088,1273,4096,1283,1536,4096,4096,1.008,1.180
1,0.000,50,8,131072,8192,1088,1295,8192,1330,1536,8192,8192,1.027,1.222
1,0.000,50,8,262144,2048,512,715,2048,715,2048,2048,2048,1.000,1.397
1,0.000,50,8,262144,4096,512,740,4096,741,2048,4096,4096,1.002,1.448
1,0.000,50,8,262144,8192,512,740,4096,758,2048,8192,8192,1.024,1.480
1,0.000,50,32,65536,2048,1408,1509,2048,1509,2048,2048,2048,1.000,1.072
1,0.000,50,32,65536,4096,1408,1577,4096,1600,2048,4096,4096,1.015,1.136
1,0.000,50,32,65536,8192,1408,1596,8192,1660,2048,8192,8192,1.040,1.179
1,0.000,50,32,131072,2048,704,885,2048,891,1024,2048,2048,1.006,1.266
1,0.000,50,32,131072,4096,704,917,4096,928,1024,4096,4096,1.012,1.319
1,0.000,50,32,131072,8192,704,923,8192,952,1024,8192,8192,1.031,1.352
1,0.000,50,32,262144,2048,192,327,2048,327,2048,2048,2048,1.000,1.704
1,0.000,50,32,262144,4096,192,335,4096,336,2048,4096,4096,1.002,1.748
1,0.000,50,32,262144,8192,192,335,4096,341,2048,8192,8192,1.018,1.775
1,0.000,50,64,65536,2048,1024,1170,2048,1170,2048,2048,2048,1.000,1.142
1,0.000,50,64,65536,4096,1024,1214,4096,1232,2048,4096,4096,1.015,1.203
1,0.000,50,64,65536,8192,1024,1226,8192,1274,2048,8192,8192,1.040,1.244
1,0.000,50,64,131072,2048,256,450,2048,452,1024,2048,2048,1.006,1.767
1,0.000,50,64,131072,4096,256,464,4096,469,1024,4096,4096,1.012,1.832
1,0.000,50,64,131072,8192,256,466,8192,480,1024,8192,8192,1.031,1.875
1,0.000,100,8,65536,2048,2048,2048,2048,2048,2048,2048,2048,1.000,1.000
1,0.000,100,8,65536,4096,4096,4096,4096,4096,4096,4096,4096,1.000,1.000
1,0.000,100,8,65536,8192,4096,4268,8192,4302,6144,8192,8192,1.008,1.050
1,0.000,100,8,131072,2048,2048,2048,2048,2048,2048,2048,2048,1.000,1.000
1,0.000,100,8,131072,4096,2752,2867,4096,2873,3072,4096,4096,1.002,1.044
1,0.000,100,8,131072,8192,2752,2916,8192,2976,3072,8192,8192,1.021,1.081
1,0.000,100,8,262144,2048,1600,1680,2048,1680,2048,2048,2048,1.000,1.050
1,0.000,100,8,262144,4096,1600,1738,4096,1741,2048,4096,4096,1.002,1.088
1,0.000,100,8,262144,8192,1600,1738,4096,1780,2048,8192,8192,1.024,1.112
1,0.000,100,32,65536,2048,2048,2048,2048,2048,2048,2048,2048,1.000,1.000
1,0.000,100,32,65536,4096,3840,3897,4096,3897,4096,4096,4096,1.000,1.015
1,0.000,100,32,65536,8192,3840,3945,8192,4040,4096,8192,8192,1.024,1.052
1,0.000,100,32,131072,2048,2048,2048,2048,2048,2048,2048,2048,1.000,1.000
1,0.000,100,32,131072,4096,2432,2534,4096,2539,3072,4096,4096,1.002,1.044
1,0.000,100,32,131072,8192,2432,2551,8192,2604,3072,8192,8192,1.021,1.071
1,0.000,100,32,262144,2048,1216,1311,2048,1311,2048,2048,2048,1.000,1.078
1,0.000,100,32,262144,4096,1216,1342,4096,1344,2048,4096,4096,1.002,1.106
1,0.000,100,32,262144,8192,1216,1342,4096,1365,2048,8192,8192,1.018,1.123
1,0.000,100,64,65536,2048,2048,2048,2048,2048,2048,2048,2048,1.000,1.000
1,0.000,100,64,65536,4096,3520,3555,4096,3555,4096,4096,4096,1.000,1.010
1,0.000,100,64,65536,8192,3520,3588,8192,3675,4096,8192,8192,1.024,1.044
1,0.000,100,64,131072,2048,1984,2028,2048,2028,2048,2048,2048,1.000,1.022
1,0.000,100,64,131072,4096,1984,2091,4096,2095,3072,4096,4096,1.002,1.056
1,0.000,100,64,131072,8192,1984,2100,8192,2144,3072,8192,8192,1.021,1.080
1,0.000,100,64,262144,2048,704,805,2048,805,2048,2048,2048,1.000,1.144
1,0.000,100,64,262144,4096,704,822,4096,824,2048,4096,4096,1.002,1.170
1,0.000,100,64,262144,8192,704,822,4096,835,2048,8192,8192,1.016,1.187
1,0.020,25,8,65536,2048,0,630,2048,630,2048,2048,2048,1.000,
1,0.020,25,8,65536,4096,0,747,4096,758,2048,4096,4096,1.015,
1,0.020,25,8,65536,8192,0,767,8192,798,2048,8192,8192,1.040,
1,0.020,25,8,131072,2048,0,452,2048,455,1024,2048,2048,1.006,
1,0.020,25,8,131072,4096,0,476,4096,482,1024,4096,4096,1.013,
1,0.020,25,8,131072,8192,0,484,8192,499,1024,8192,8192,1.032,
1,0.020,25,8,262144,2048,0,233,2048,241,256,2048,2048,1.034,
1,0.020,25,8,262144,4096,0,238,3072,250,256,4096,4096,1.049,
1,0.020,25,8,262144,8192,0,238,3072,256,256,8192,8192,1.073,
1,0.020,25,32,65536,2048,0,399,2048,399,512,2048,2048,1.000,
1,0.020,25,32,65536,4096,0,417,4096,423,512,4096,4096,1.015,
1,0.020,25,32,65536,8192,0,422,8192,439,512,8192,8192,1.040,
1,0.020,25,32,131072,2048,0,105,2048,106,256,2048,2048,1.015,
1,0.020,25,32,131072,4096,0,105,2048,111,256,4096,4096,1.057,
1,0.020,25,32,131072,8192,0,105,2048,113,256,8192,8192,1.085,
1,0.020,25,64,65536,2048,0,39,1024,42,512,2048,2048,1.091,
1,0.020,25,64,65536,4096,0,39,1024,45,512,4096,4096,1.149,
1,0.020,25,64,65536,8192,0,39,1024,46,512,8192,6144,1.181,
1,0.020,50,8,65536,2048,1664,1763,2048,1763,2048,2048,2048,1.000,1.060
1,0.020,50,8,65536,4096,1664,1883,4096,1911,2048,4096,4096,1.015,1.148
1,0.020,50,8,65536,8192,1664,1934,8192,2011,2048,8192,8192,1.040,1.209
1,0.020,50,8,131072,2048,1088,1210,2048,1213,1536,2048,2048,1.002,1.115
1,0.020,50,8,131072,4096,1088,1273,4096,1283,1536,4096,4096,1.008,1.180
1,0.020,50,8,131072,8192,1088,1295,8192,1330,1536,8192,8192,1.027,1.222
1,0.020,50,8,262144,2048,512,715,2048,715,2048,2048,2048,1.000,1.397
1,0.020,50,8,262144,4096,512,740,4096,741,2048,4096,4096,1.002,1.448
1,0.020,50,8,262144,8192,512,740,4096,758,2048,8192,8192,1.024,1.480
1,0.020,50,32,65536,2048,1408,1509,2048,1509,2048,2048,2048,1.000,1.072
1,0.020,50,32,65536,4096,1408,1577,4096,1600,2048,4096,4096,1.015,1.136
1,0.020,50,32,65536,8192,1408,1596,8192,1660,2048,8192,8192,1.040,1.179
1,0.020,50,32,131072,2048,704,885,2048,891,1024,2048,2048,1.006,1.266
1,0.020,50,32,131072,4096,704,917,4096,928,1024,4096,4096,1.012,1.319
1,0.020,50,32,131072,8192,704,923,8192,952,1024,8192,8192,1.031,1.352
1,0.020,50,32,262144,2048,192,327,2048,327,2048,2048,2048,1.000,1.704
1,0.020,50,32,262144,4096,192,335,4096,336,2048,4096,4096,1.002,1.748
1,0.020,50,32,262144,8192,192,335,4096,341,2048,8192,8192,1.018,1.775
1,0.020,50,64,65536,2048,1024,1170,2048,1170,2048,2048,2048,1.000,1.142
1,0.020,50,64,65536,4096,1024,1214,4096,1232,2048,4096,4096,1.015,1.203
1,0.020,50,64,65536,8192,1024,1226,8192,1274,2048,8192,8192,1.040,1.244
1,0.020,50,64,131072,2048,256,450,2048,452,1024,2048,2048,1.006,1.767
1,0.020,50,64,131072,4096,256,464,4096,469,1024,4096,4096,1.012,1.832
1,0.020,50,64,131072,8192,256,466,8192,480,1024,8192,8192,1.031,1.875
1,0.020,100,8,65536,2048,2048,2048,2048,2048,2048,2048,2048,1.000,1.000
1,0.020,100,8,65536,4096,4096,4096,4096,4096,4096,4096,4096,1.000,1.000
1,0.020,100,8,65536,8192,4096,4268,8192,4302,6144,8192,8192,1.008,1.050
1,0.020,100,8,131072,2048,2048,2048,2048,2048,2048,2048,2048,1.000,1.000
1,0.020,100,8,131072,4096,2752,2867,4096,2873,3072,4096,4096,1.002,1.044
1,0.020,100,8,131072,8192,2752,2916,8192,2976,3072,8192,8192,1.021,1.081
1,0.020,100,8,262144,2048,1600,1680,2048,1680,2048,2048,2048,1.000,1.050
1,0.020,100,8,262144,4096,1600,1738,4096,1741,2048,4096,4096,1.002,1.088
1,0.020,100,8,262144,8192,1600,1738,4096,1780,2048,8192,8192,1.024,1.112
1,0.020,100,32,65536,2048,2048,2048,2048,2048,2048,2048,2048,1.000,1.000
1,0.020,100,32,65536,4096,3840,3897,4096,3897,4096,4096,4096,1.000,1.015
1,0.020,100,32,65536,8192,3840,3945,8192,4040,4096,8192,8192,1.024,1.052
1,0.020,100,32,131072,2048,2048,2048,2048,2048,2048,2048,2048,1.000,1.000
1,0.020,100,32,131072,4096,2432,2534,4096,2539,3072,4096,4096,1.002,1.044
1,0.020,100,32,131072,8192,2432,2551,8192,2604,3072,8192,8192,1.021,1.071
1,0.020,100,32,262144,2048,1216,1311,2048,1311,2048,2048,2048,1.000,1.078
1,0.020,100,32,262144,4096,1216,1342,4096,1344,2048,4096,4096,1.002,1.106
1,0.020,100,32,262144,8192,1216,1342,4096,1365,2048,8192,8192,1.018,1.123
1,0.020,100,64,65536,2048,2048,2048,2048,2048,2048,2048,2048,1.000,1.000
1,0.020,100,64,65536,4096,3520,3555,4096,3555,4096,4096,4096,1.000,1.010
1,0.020,100,64,65536,8192,3520,3588,8192,3675,4096,8192,8192,1.024,1.044
1,0.020,100,64,131072,2048,1984,2028,2048,2028,2048,2048,2048,1.000,1.022
1,0.020,100,64,131072,4096,1984,2091,4096,2095,3072,4096,4096,1.002,1.056
1,0.020,100,64,131072,8192,1984,2100,8192,2144,3072,8192,8192,1.021,1.080
1,0.020,100,64,262144,2048,704,805,2048,805,2048,2048,2048,1.000,1.144
1,0.020,100,64,262144,4096,704,822,4096,824,2048,4096,4096,1.002,1.170
1,0.020,100,64,262144,8192,704,822,4096,835,2048,8192,8192,1.016,1.187
1,0.050,25,8,65536,2048,0,512,2048,512,2048,2048,2048,1.000,
1,0.050,25,8,65536,4096,0,747,4096,758,2048,4096,4096,1.015,
1,0.050,25,8,65536,8192,0,767,8192,798,2048,8192,8192,1.040,
1,0.050,25,8,131072,2048,0,452,2048,455,1024,2048,2048,1.006,
1,0.050,25,8,131072,4096,0,476,4096,482,1024,4096,4096,1.013,
1,0.050,25,8,131072,8192,0,484,8192,499,1024,8192,8192,1.032,
1,0.050,25,8,262144,2048,0,233,2048,241,256,2048,2048,1.034,
1,0.050,25,8,262144,4096,0,238,3072,250,256,4096,4096,1.049,
1,0.050,25,8,262144,8192,0,238,3072,256,256,8192,8192,1.073,
1,0.050,25,32,65536,2048,0,399,2048,399,512,2048,2048,1.000,
1,0.050,25,32,65536,4096,0,417,4096,423,512,4096,4096,1.015,
1,0.050,25,32,65536,8192,0,422,8192,439,512,8192,8192,1.040,
1,0.050,25,32,131072,2048,0,105,2048,106,256,2048,2048,1.015,
1,0.050,25,32,131072,4096,0,105,2048,111,256,4096,4096,1.057,
1,0.050,25,32,131072,8192,0,105,2048,113,256,8192,8192,1.085,
1,0.050,25,64,65536,2048,0,39,1024,42,512,2048,2048,1.091,
1,0.050,25,64,65536,4096,0,39,1024,45,512,4096,4096,1.149,
1,0.050,25,64,65536,8192,0,39,1024,46,512,8192,6144,1.181,
1,0.050,50,8,65536,2048,1664,1763,2048,1763,2048,2048,2048,1.000,1.060
1,0.050,50,8,65536,4096,1664,1883,4096,1911,2048,4096,4096,1.015,1.148
1,0.050,50,8,65536,8192,1664,1934,8192,2011,2048,8192,8192,1.040,1.209
1,0.050,50,8,131072,2048,1088,1210,2048,1213,1536,2048,2048,1.002,1.115
1,0.050,50,8,131072,4096,1088,1273,4096,1283,1536,4096,4096,1.008,1.180
1,0.050,50,8,131072,8192,1088,1295,8192,1330,1536,8192,8192,1.027,1.222
1,0.050,50,8,262144,2048,512,715,2048,715,2048,2048,2048,1.000,1.397
1,0.050,50,8,262144,4096,512,740,4096,741,2048,4096,4096,1.002,1.448
1,0.050,50,8,262144,8192,512,740,4096,758,2048,8192,8192,1.024,1.480
1,0.050,50,32,65536,2048,1408,1509,2048,1509,2048,2048,2048,1.000,1.072
1,0.050,50,32,65536,4096,1408,1577,4096,1600,2048,4096,4096,1.015,1.136
1,0.050,50,32,65536,8192,1408,1596,8192,1660,2048,8192,8192,1.040,1.179
1,0.050,50,32,131072,2048,704,885,2048,891,1024,2048,2048,1.006,1.266
1,0.050,50,32,131072,4096,704,917,4096,928,1024,4096,4096,1.012,1.319
1,0.050,50,32,131072,8192,704,923,8192,952,1024,8192,8192,1.031,1.352
1,0.050,50,32,262144,2048,192,327,2048,327,2048,2048,2048,1.000,1.704
1,0.050,50,32,262144,4096,192,335,4096,336,2048,4096,4096,1.002,1.748
1,0.050,50,32,262144,8192,192,335,4096,341,2048,8192,8192,1.018,1.775
1,0.050,50,64,65536,2048,1024,1170,2048,1170,2048,2048,2048,1.000,1.142
1,0.050,50,64,65536,4096,1024,1214,4096,1232,2048,4096,4096,1.015,1.203
1,0.050,50,64,65536,8192,1024,1226,8192,1274,2048,8192,8192,1.040,1.244
1,0.050,50,64,131072,2048,256,450,2048,452,1024,2048,2048,1.006,1.767
1,0.050,50,64,131072,4096,256,464,4096,469,1024,4096,4096,1.012,1.832
1,0.050,50,64,131072,8192,256,466,8192,480,1024,8192,8192,1.031,1.875
1,0.050,100,8,65536,2048,2048,2048,2048,2048,2048,2048,2048,1.000,1.000
1,0.050,100,8,65536,4096,4096,4096,4096,4096,4096,4096,4096,1.000,1.000
1,0.050,100,8,65536,8192,4096,4268,8192,4302,6144,8192,8192,1.008,1.050
1,0.050,100,8,131072,2048,2048,2048,2048,2048,2048,2048,2048,1.000,1.000
1,0.050,100,8,131072,4096,2752,2867,4096,2873,3072,4096,4096,1.002,1.044
1,0.050,100,8,131072,8192,2752,2916,8192,2976,3072,8192,8192,1.021,1.081
1,0.050,100,8,262144,2048,1600,1680,2048,1680,2048,2048,2048,1.000,1.050
1,0.050,100,8,262144,4096,1600,1738,4096,1741,2048,4096,4096,1.002,1.088
1,0.050,100,8,262144,8192,1600,1738,4096,1780,2048,8192,8192,1.024,1.112
1,0.050,100,32,65536,2048,2048,2048,2048,2048,2048,2048,2048,1.000,1.000
1,0.050,100,32,65536,4096,3840,3897,4096,3897,4096,4096,4096,1.000,1.015
1,0.050,100,32,65536,8192,3840,3945,8192,4040,4096,8192,8192,1.024,1.052
1,0.050,100,32,131072,2048,2048,2048,2048,2048,2048,2048,2048,1.000,1.000
1,0.050,100,32,131072,4096,2432,2534,4096,2539,3072,4096,4096,1.002,1.044
1,0.050,100,32,131072,8192,2432,2551,8192,2604,3072,8192,8192,1.021,1.071
1,0.050,100,32,262144,2048,1216,1311,2048,1311,2048,2048,2048,1.000,1.078
1,0.050,100,32,262144,4096,1216,1342,4096,1344,2048,4096,4096,1.002,1.106
1,0.050,100,32,262144,8192,1216,1342,4096,1365,2048,8192,8192,1.018,1.123
1,0.050,100,64,65536,2048,2048,2048,2048,2048,2048,2048,2048,1.000,1.000
1,0.050,100,64,65536,4096,3520,3555,4096,3555,4096,4096,4096,1.000,1.010
1,0.050,100,64,65536,8192,3520,3588,8192,3675,4096,8192,8192,1.024,1.044
1,0.050,100,64,131072,2048,1984,2028,2048,2028,2048,2048,2048,1.000,1.022
1,0.050,100,64,131072,4096,1984,2091,4096,2095,3072,4096,4096,1.002,1.056
1,0.050,100,64,131072,8192,1984,2100,8192,2144,3072,8192,8192,1.021,1.080
1,0.050,100,64,262144,2048,704,805,2048,805,2048,2048,2048,1.000,1.144
1,0.050,100,64,262144,4096,704,822,4096,824,2048,4096,4096,1.002,1.170
1,0.050,100,64,262144,8192,704,822,4096,835,2048,8192,8192,1.016,1.187
1,0.100,25,8,65536,2048,0,389,2048,389,2048,2048,2048,1.000,
1,0.100,25,8,65536,4096,0,747,4096,750,3072,4096,4096,1.005,
1,0.100,25,8,65536,8192,0,767,8192,798,2048,8192,8192,1.040,
1,0.100,25,8,131072,2048,0,389,2048,389,2048,2048,2048,1.000,
1,0.100,25,8,131072,4096,0,476,4096,482,1024,4096,4096,1.013,
1,0.100,25,8,131072,8192,0,484,8192,499,1024,8192,8192,1.032,
1,0.100,25,8,262144,2048,0,233,2048,241,256,2048,2048,1.034,
1,0.100,25,8,262144,4096,0,238,3072,250,256,4096,4096,1.049,
1,0.100,25,8,262144,8192,0,238,3072,256,256,8192,8192,1.073,
1,0.100,25,32,65536,2048,0,389,2048,389,2048,2048,2048,1.000,
1,0.100,25,32,65536,4096,0,417,4096,423,512,4096,4096,1.015,
1,0.100,25,32,65536,8192,0,422,8192,439,512,8192,8192,1.040,
1,0.100,25,32,131072,2048,0,105,2048,106,256,2048,2048,1.015,
1,0.100,25,32,131072,4096,0,105,2048,111,256,4096,4096,1.057,
1,0.100,25,32,131072,8192,0,105,2048,113,256,8192,8192,1.085,
1,0.100,25,64,65536,2048,0,39,1024,42,512,2048,2048,1.091,
1,0.100,25,64,65536,4096,0,39,1024,45,512,4096,4096,1.149,
1,0.100,25,64,65536,8192,0,39,1024,46,512,8192,6144,1.181,
1,0.100,50,8,65536,2048,1664,1763,2048,1763,2048,2048,2048,1.000,1.060
1,0.100,50,8,65536,4096,1664,1883,4096,1911,2048,4096,4096,1.015,1.148
1,0.100,50,8,65536,8192,1664,1934,8192,2011,2048,8192,8192,1.040,1.209
1,0.100,50,8,131072,2048,1088,1210,2048,1213,1536,2048,2048,1.002,1.115
1,0.100,50,8,131072,4096,1088,1273,4096,1283,1536,4096,4096,1.008,1.180
1,0.100,50,8,131072,8192,1088,1295,8192,1330,1536,8192,8192,1.027,1.222
1,0.100,50,8,262144,2048,512,715,2048,715,2048,2048,2048,1.000,1.397
1,0.100,50,8,262144,4096,512,740,4096,741,2048,4096,4096,1.002,1.448
1,0.100,50,8,262144,8192,512,740,4096,758,2048,8192,8192,1.024,1.480
1,0.100,50,32,65536,2048,1408,1509,2048,1509,2048,2048,2048,1.000,1.072
1,0.100,50,32,65536,4096,1408,1577,4096,1600,2048,4096,4096,1.015,1.136
1,0.100,50,32,65536,8192,1408,1596,8192,1660,2048,8192,8192,1.040,1.179
1,0.100,50,32,131072,2048,704,885,2048,891,1024,2048,2048,1.006,1.266
1,0.100,50,32,131072,4096,704,917,4096,928,1024,4096,4096,1.012,1.319
1,0.100,50,32,131072,8192,704,923,8192,952,1024,8192,8192,1.031,1.352
1,0.100,50,32,262144,2048,192,327,2048,327,2048,2048,2048,1.000,1.704
1,0.100,50,32,262144,4096,192,335,4096,336,2048,4096,4096,1.002,1.748
1,0.100,50,32,262144,8192,192,335,4096,341,2048,8192,8192,1.018,1.775
1,0.100,50,64,65536,2048,1024,1170,2048,1170,2048,2048,2048,1.000,1.142
1,0.100,50,64,65536,4096,1024,1214,4096,1232,2048,4096,4096,1.015,1.203
1,0.100,50,64,65536,8192,1024,1226,8192,1274,2048,8192,8192,1.040,1.244
1,0.100,50,64,131072,2048,256,450,2048,452,1024,2048,2048,1.006,1.767
1,0.100,50,64,131072,4096,256,464,4096,469,1024,4096,4096,1.012,1.832
1,0.100,50,64,131072,8192,256,466,8192,480,1024,8192,8192,1.031,1.875
1,0.100,100,8,65536,2048,2048,2048,2048,2048,2048,2048,2048,1.000,1.000
1,0.100,100,8,65536,4096,4096,4096,4096,4096,4096,4096,4096,1.000,1.000
1,0.100,100,8,65536,8192,4096,4268,8192,4302,6144,8192,8192,1.008,1.050
1,0.100,100,8,131072,2048,2048,2048,2048,2048,2048,2048,2048,1.000,1.000
1,0.100,100,8,131072,4096,2752,2867,4096,2873,3072,4096,4096,1.002,1.044
1,0.100,100,8,131072,8192,2752,2916,8192,2976,3072,8192,8192,1.021,1.081
1,0.100,100,8,262144,2048,1600,1680,2048,1680,2048,2048,2048,1.000,1.050
1,0.100,100,8,262144,4096,1600,1738,4096,1741,2048,4096,4096,1.002,1.088
1,0.100,100,8,262144,8192,1600,1738,4096,1780,2048,8192,8192,1.024,1.112
1,0.100,100,32,65536,2048,2048,2048,2048,2048,2048,2048,2048,1.000,1.000
1,0.100,100,32,65536,4096,3840,3897,4096,3897,4096,4096,4096,1.000,1.015
1,0.100,100,32,65536,8192,3840,3945,8192,4040,4096,8192,8192,1.024,1.052
1,0.100,100,32,131072,2048,2048,2048,2048,2048,2048,2048,2048,1.000,1.000
1,0.100,100,32,131072,4096,2432,2534,4096,2539,3072,4096,4096,1.002,1.044
1,0.100,100,32,131072,8192,2432,2551,8192,2604,3072,8192,8192,1.021,1.071
1,0.100,100,32,262144,2048,1216,1311,2048,1311,2048,2048,2048,1.000,1.078
1,0.100,100,32,262144,4096,1216,1342,4096,1344,2048,4096,4096,1.002,1.106
1,0.100,100,32,262144,8192,1216,1342,4096,1365,2048,8192,8192,1.018,1.123
1,0.100,100,64,65536,2048,2048,2048,2048,2048,2048,2048,2048,1.000,1.000
1,0.100,100,64,65536,4096,3520,3555,4096,3555,4096,4096,4096,1.000,1.010
1,0.100,100,64,65536,8192,3520,3588,8192,3675,4096,8192,8192,1.024,1.044
1,0.100,100,64,131072,2048,1984,2028,2048,2028,2048,2048,2048,1.000,1.022
1,0.100,100,64,131072,4096,1984,2091,4096,2095,3072,4096,4096,1.002,1.056
1,0.100,100,64,131072,8192,1984,2100,8192,2144,3072,8192,8192,1.021,1.080
1,0.100,100,64,262144,2048,704,805,2048,805,2048,2048,2048,1.000,1.144
1,0.100,100,64,262144,4096,704,822,4096,824,2048,4096,4096,1.002,1.170
1,0.100,100,64,262144,8192,704,822,4096,835,2048,8192,8192,1.016,1.187
1,0.200,25,8,65536,2048,0,264,2048,264,2048,2048,2048,1.000,
1,0.200,25,8,65536,4096,0,527,4096,527,4096,4096,4096,1.000,
1,0.200,25,8,65536,8192,0,767,8192,798,2048,8192,8192,1.040,
1,0.200,25,8,131072,2048,0,264,2048,264,2048,2048,2048,1.000,
1,0.200,25,8,131072,4096,0,476,4096,479,2048,4096,4096,1.006,
1,0.200,25,8,131072,8192,0,484,8192,499,1024,8192,8192,1.032,
1,0.200,25,8,262144,2048,0,233,2048,233,2048,2048,2048,1.000,
1,0.200,25,8,262144,4096,0,238,3072,241,384,4096,4096,1.014,
1,0.200,25,8,262144,8192,0,238,3072,256,256,8192,8192,1.073,
1,0.200,25,32,65536,2048,0,264,2048,264,2048,2048,2048,1.000,
1,0.200,25,32,65536,4096,0,417,4096,423,2048,4096,4096,1.015,
1,0.200,25,32,65536,8192,0,422,8192,439,512,8192,8192,1.040,
1,0.200,25,32,131072,2048,0,105,2048,106,256,2048,2048,1.015,
1,0.200,25,32,131072,4096,0,105,2048,111,256,4096,4096,1.057,
1,0.200,25,32,131072,8192,0,105,2048,113,256,8192,8192,1.085,
1,0.200,25,64,65536,2048,0,39,1024,42,512,2048,2048,1.091,
1,0.200,25,64,65536,4096,0,39,1024,45,512,4096,4096,1.149,
1,0.200,25,64,65536,8192,0,39,1024,46,512,8192,6144,1.181,
1,0.200,50,8,65536,2048,1664,1763,2048,1763,2048,2048,2048,1.000,1.060
1,0.200,50,8,65536,4096,1664,1883,4096,1911,2048,4096,4096,1.015,1.148
1,0.200,50,8,65536,8192,1664,1934,8192,2011,2048,8192,8192,1.040,1.209
1,0.200,50,8,131072,2048,1088,1210,2048,1213,1536,2048,2048,1.002,1.115
1,0.200,50,8,131072,4096,1088,1273,4096,1283,1536,4096,4096,1.008,1.180
1,0.200,50,8,131072,8192,1088,1295,8192,1330,1536,8192,8192,1.027,1.222
1,0.200,50,8,262144,2048,512,715,2048,715,2048,2048,2048,1.000,1.397
1,0.200,50,8,262144,4096,512,740,4096,741,2048,4096,4096,1.002,1.448
1,0.200,50,8,262144,8192,512,740,4096,758,2048,8192,8192,1.024,1.480
1,0.200,50,32,65536,2048,1408,1509,2048,1509,2048,2048,2048,1.000,1.072
1,0.200,50,32,65536,4096,1408,1577,4096,1600,2048,4096,4096,1.015,1.136
1,0.200,50,32,65536,8192,1408,1596,8192,1660,2048,8192,8192,1.040,1.179
1,0.200,50,32,131072,2048,704,885,2048,891,1024,2048,2048,1.006,1.266
1,0.200,50,32,131072,4096,704,917,4096,928,1024,4096,4096,1.012,1.319
1,0.200,50,32,131072,8192,704,923,8192,952,1024,8192,8192,1.031,1.352
1,0.200,50,32,262144,2048,192,327,2048,327,2048,2048,2048,1.000,1.704
1,0.200,50,32,262144,4096,192,335,4096,336,2048,4096,4096,1.002,1.748
1,0.200,50,32,262144,8192,192,335,4096,341,2048,8192,8192,1.018,1.775
1,0.200,50,64,65536,2048,1024,1170,2048,1170,2048,2048,2048,1.000,1.142
1,0.200,50,64,65536,4096,1024,1214,4096,1232,2048,4096,4096,1.015,1.203
1,0.200,50,64,65536,8192,1024,1226,8192,1274,2048,8192,8192,1.040,1.244
1,0.200,50,64,131072,2048,256,450,2048,452,1024,2048,2048,1.006,1.767
1,0.200,50,64,131072,4096,256,464,4096,469,1024,4096,4096,1.012,1.832
1,0.200,50,64,131072,8192,256,466,8192,480,1024,8192,8192,1.031,1.875
1,0.200,100,8,65536,2048,2048,2048,2048,2048,2048,2048,2048,1.000,1.000
1,0.200,100,8,65536,4096,4096,4096,4096,4096,4096,4096,4096,1.000,1.000
1,0.200,100,8,65536,8192,4096,4268,8192,4302,6144,8192,8192,1.008,1.050
1,0.200,100,8,131072,2048,2048,2048,2048,2048,2048,2048,2048,1.000,1.000
1,0.200,100,8,131072,4096,2752,2867,4096,2873,3072,4096,4096,1.002,1.044
1,0.200,100,8,131072,8192,2752,2916,8192,2976,3072,8192,8192,1.021,1.081
1,0.200,100,8,262144,2048,1600,1680,2048,1680,2048,2048,2048,1.000,1.050
1,0.200,100,8,262144,4096,1600,1738,4096,1741,2048,4096,4096,1.002,1.088
1,0.200,100,8,262144,8192,1600,1738,4096,1780,2048,8192,8192,1.024,1.112
1,0.200,100,32,65536,2048,2048,2048,2048,2048,2048,2048,2048,1.000,1.000
1,0.200,100,32,65536,4096,3840,3897,4096,3897,4096,4096,4096,1.000,1.015
1,0.200,100,32,65536,8192,3840,3945,8192,4040,4096,8192,8192,1.024,1.052
1,0.200,100,32,131072,2048,2048,2048,2048,2048,2048,2048,2048,1.000,1.000
1,0.200,100,32,131072,4096,2432,2534,4096,2539,3072,4096,4096,1.002,1.044
1,0.200,100,32,131072,8192,2432,2551,8192,2604,3072,8192,8192,1.021,1.071
1,0.200,100,32,262144,2048,1216,1311,2048,1311,2048,2048,2048,1.000,1.078
1,0.200,100,32,262144,4096,1216,1342,4096,1344,2048,4096,4096,1.002,1.106
1,0.200,100,32,262144,8192,1216,1342,4096,1365,2048,8192,8192,1.018,1.123
1,0.200,100,64,65536,2048,2048,2048,2048,2048,2048,2048,2048,1.000,1.000
1,0.200,100,64,65536,4096,3520,3555,4096,3555,4096,4096,4096,1.000,1.010
1,0.200,100,64,65536,8192,3520,3588,8192,3675,4096,8192,8192,1.024,1.044
1,0.200,100,64,131072,2048,1984,2028,2048,2028,2048,2048,2048,1.000,1.022
1,0.200,100,64,131072,4096,1984,2091,4096,2095,3072,4096,4096,1.002,1.056
1,0.200,100,64,131072,8192,1984,2100,8192,2144,3072,8192,8192,1.021,1.080
1,0.200,100,64,262144,2048,704,805,2048,805,2048,2048,2048,1.000,1.144
1,0.200,100,64,262144,4096,704,822,4096,824,2048,4096,4096,1.002,1.170
1,0.200,100,64,262144,8192,704,822,4096,835,2048,8192,8192,1.016,1.187
2,0.000,25,8,65536,2048,0,699,2048,699,2048,2048,2048,1.000,
2,0.000,25,8,65536,4096,0,747,4096,758,2048,4096,4096,1.015,
2,0.000,25,8,65536,8192,0,767,8192,798,2048,8192,8192,1.040,
2,0.000,25,8,131072,2048,0,452,2048,455,1024,2048,2048,1.006,
2,0.000,25,8,131072,4096,0,476,4096,482,1024,4096,4096,1.013,
2,0.000,25,8,131072,8192,0,484,8192,499,1024,8192,8192,1.032,
2,0.000,25,8,262144,2048,0,233,2048,241,256,2048,2048,1.034,
2,0.000,25,8,262144,4096,0,238,3072,250,256,4096,4096,1.049,
2,0.000,25,8,262144,8192,0,238,3072,256,256,8192,8192,1.073,
2,0.000,25,32,65536,2048,0,399,2048,399,512,2048,2048,1.000,
2,0.000,25,32,65536,4096,0,417,4096,423,512,4096,4096,1.015,
2,0.000,25,32,65536,8192,0,422,8192,439,512,8192,8192,1.040,
2,0.000,25,32,131072,2048,0,105,2048,106,256,2048,2048,1.015,
2,0.000,25,32,131072,4096,0,105,2048,111,256,4096,4096,1.057,
2,0.000,25,32,131072,8192,0,105,2048,113,256,8192,8192,1.085,
2,0.000,25,64,65536,2048,0,39,1024,42,512,2048,2048,1.091,
2,0.000,25,64,65536,4096,0,39,1024,44,512,4096,3072,1.140,
2,0.000,25,64,65536,8192,0,39,1024,44,512,4096,3072,1.140,
2,0.000,50,8,65536,2048,1664,1763,2048,1763,2048,2048,2048,1.000,1.060
2,0.000,50,8,65536,4096,1664,1883,4096,1911,2048,4096,4096,1.015,1.148
2,0.000,50,8,65536,8192,1664,1934,8192,2011,2048,8192,8192,1.040,1.209
2,0.000,50,8,131072,2048,1088,1210,2048,1213,1536,2048,2048,1.002,1.115
2,0.000,50,8,131072,4096,1088,1273,4096,1283,1536,4096,4096,1.008,1.180
2,0.000,50,8,131072,8192,1088,1295,8192,1330,1536,8192,8192,1.027,1.222
2,0.000,50,8,262144,2048,512,715,2048,715,2048,2048,2048,1.000,1.397
2,0.000,50,8,262144,4096,512,740,4096,741,2048,4096,4096,1.002,1.448
2,0.000,50,8,262144,8192,512,740,4096,758,2048,8192,8192,1.024,1.480
2,0.000,50,32,65536,2048,1408,1509,2048,1509,2048,2048,2048,1.000,1.072
2,0.000,50,32,65536,4096,1408,1577,4096,1600,2048,4096,4096,1.015,1.136
2,0.000,50,32,65536,8192,1408,1596,8192,1660,2048,8192,8192,1.040,1.179
2,0.000,50,32,131072,2048,704,885,2048,891,1024,2048,2048,1.006,1.266
2,0.000,50,32,131072,4096,704,917,4096,928,1024,4096,4096,1.012,1.319
2,0.000,50,32,131072,8192,704,923,8192,952,1024,8192,8192,1.031,1.352
2,0.000,50,32,262144,2048,192,327,2048,327,2048,2048,2048,1.000,1.704
2,0.000,50,32,262144,4096,192,335,4096,336,2048,4096,4096,1.002,1.748
2,0.000,50,32,262144,8192,192,335,4096,341,2048,8192,8192,1.018,1.775
2,0.000,50,64,65536,2048,1024,1170,2048,1170,2048,2048,2048,1.000,1.142
2,0.000,50,64,65536,4096,1024,1214,4096,1232,2048,4096,4096,1.015,1.203
2,0.000,50,64,65536,8192,1024,1226,8192,1274,2048,8192,8192,1.040,1.244
2,0.000,50,64,131072,2048,256,450,2048,452,1024,2048,2048,1.006,1.767
2,0.000,50,64,131072,4096,256,464,4096,469,1024,4096,4096,1.012,1.832
2,0.000,50,64,131072,8192,256,466,8192,480,1024,8192,8192,1.031,1.875
2,0.000,100,8,65536,2048,2048,2048,2048,2048,2048,2048,2048,1.000,1.000
2,0.000,100,8,65536,4096,4096,4096,4096,4096,4096,4096,4096,1.000,1.000
2,0.000,100,8,65536,8192,4096,4268,8192,4302,6144,8192,8192,1.008,1.050
2,0.000,100,8,131072,2048,2048,2048,2048,2048,2048,2048,2048,1.000,1.000
2,0.000,100,8,131072,4096,2752,2867,4096,2873,3072,4096,4096,1.002,1.044
2,0.000,100,8,131072,8192,2752,2916,8192,2976,3072,8192,8192,1.021,1.081
2,0.000,100,8,262144,2048,1600,1680,2048,1680,2048,2048,2048,1.000,1.050
2,0.000,100,8,262144,4096,1600,1738,4096,1741,2048,4096,4096,1.002,1.088
2,0.000,100,8,262144,8192,1600,1738,4096,1780,2048,8192,8192,1.024,1.112
2,0.000,100,32,65536,2048,2048,2048,2048,2048,2048,2048,2048,1.000,1.000
2,0.000,100,32,65536,4096,3840,3897,4096,3897,4096,4096,4096,1.000,1.015
2,0.000,100,32,65536,8192,3840,3945,8192,4040,4096,8192,8192,1.024,1.052
2,0.000,100,32,131072,2048,2048,2048,2048,2048,2048,2048,2048,1.000,1.000
2,0.000,100,32,131072,4096,2432,2534,4096,2539,3072,4096,4096,1.002,1.044
2,0.000,100,32,131072,8192,2432,2551,8192,2604,3072,8192,8192,1.021,1.071
2,0.000,100,32,262144,2048,1216,1311,2048,1311,2048,2048,2048,1.000,1.078
2,0.000,100,32,262144,4096,1216,1342,4096,1344,2048,4096,4096,1.002,1.106
2,0.000,100,32,262144,8192,1216,1342,4096,1365,2048,8192,8192,1.018,1.123
2,0.000,100,64,65536,2048,2048,2048,2048,2048,2048,2048,2048,1.000,1.000
2,0.000,100,64,65536,4096,3520,3555,4096,3555,4096,4096,4096,1.000,1.010
2,0.000,100,64,65536,8192,3520,3588,8192,3675,4096,8192,8192,1.024,1.044
2,0.000,100,64,131072,2048,1984,2028,2048,2028,2048,2048,2048,1.000,1.022
2,0.000,100,64,131072,4096,1984,2091,4096,2095,3072,4096,4096,1.002,1.056
2,0.000,100,64,131072,8192,1984,2100,8192,2144,3072,8192,8192,1.021,1.080
2,0.000,100,64,262144,2048,704,805,2048,805,2048,2048,2048,1.000,1.144
2,0.000,100,64,262144,4096,704,822,4096,824,2048,4096,4096,1.002,1.170
2,0.000,100,64,262144,8192,704,822,4096,835,2048,8192,8192,1.016,1.187
4,0.000,25,8,65536,2048,0,699,2048,699,2048,2048,2048,1.000,
4,0.000,25,8,65536,4096,0,747,4096,758,2048,4096,4096,1.015,
4,0.000,25,8,65536,8192,0,767,8192,798,2048,8192,8192,1.040,
4,0.000,25,8,131072,2048,0,452,2048,455,1024,2048,2048,1.006,
4,0.000,25,8,131072,4096,0,476,4096,482,1024,4096,4096,1.013,
4,0.000,25,8,131072,8192,0,484,8192,499,1024,8192,8192,1.032,
4,0.000,25,8,262144,2048,0,233,2048,241,256,2048,2048,1.034,
4,0.000,25,8,262144,4096,0,238,3072,250,256,4096,4096,1.049,
4,0.000,25,8,262144,8192,0,238,3072,256,256,8192,8192,1.073,
4,0.000,25,32,65536,2048,0,399,2048,399,512,2048,2048,1.000,
4,0.000,25,32,65536,4096,0,417,4096,423,512,4096,4096,1.015,
4,0.000,25,32,65536,8192,0,422,8192,439,512,8192,8192,1.040,
4,0.000,25,32,131072,2048,0,105,2048,106,256,2048,2048,1.015,
4,0.000,25,32,131072,4096,0,105,2048,111,256,4096,4096,1.057,
4,0.000,25,32,131072,8192,0,105,2048,112,256,8192,4096,1.067,
4,0.000,25,64,65536,2048,0,39,1024,40,512,2048,1024,1.040,
4,0.000,25,64,65536,4096,0,39,1024,40,512,2048,1024,1.040,
4,0.000,25,64,65536,8192,0,39,1024,40,512,2048,1024,1.040,
4,0.000,50,8,65536,2048,1664,1763,2048,1763,2048,2048,2048,1.000,1.060
4,0.000,50,8,65536,4096,1664,1883,4096,1911,2048,4096,4096,1.015,1.148
4,0.000,50,8,65536,8192,1664,1934,8192,2011,2048,8192,8192,1.040,1.209
4,0.000,50,8,131072,2048,1088,1210,2048,1213,1536,2048,2048,1.002,1.115
4,0.000,50,8,131072,4096,1088,1273,4096,1283,1536,4096,4096,1.008,1.180
4,0.000,50,8,131072,8192,1088,1295,8192,1330,1536,8192,8192,1.027,1.222
4,0.000,50,8,262144,2048,512,715,2048,715,2048,2048,2048,1.000,1.397
4,0.000,50,8,262144,4096,512,740,4096,741,2048,4096,4096,1.002,1.448
4,0.000,50,8,262144,8192,512,740,4096,758,2048,8192,8192,1.024,1.480
4,0.000,50,32,65536,2048,1408,1509,2048,1509,2048,2048,2048,1.000,1.072
4,0.000,50,32,65536,4096,1408,1577,4096,1600,2048,4096,4096,1.015,1.136
4,0.000,50,32,65536,8192,1408,1596,8192,1660,2048,8192,8192,1.040,1.179
4,0.000,50,32,131072,2048,704,885,2048,891,1024,2048,2048,1.006,1.266
4,0.000,50,32,131072,4096,704,917,4096,928,1024,4096,4096,1.012,1.319
4,0.000,50,32,131072,8192,704,923,8192,952,1024,8192,8192,1.031,1.352
4,0.000,50,32,262144,2048,192,327,2048,327,2048,2048,2048,1.000,1.704
4,0.000,50,32,262144,4096,192,335,4096,336,2048,4096,4096,1.002,1.748
4,0.000,50,32,262144,8192,192,335,4096,341,2048,8192,8192,1.018,1.775
4,0.000,50,64,65536,2048,1024,1170,2048,1170,2048,2048,2048,1.000,1.142
4,0.000,50,64,65536,4096,1024,1214,4096,1232,2048,4096,4096,1.015,1.203
4,0.000,50,64,65536,8192,1024,1226,8192,1274,2048,8192,8192,1.040,1.244
4,0.000,50,64,131072,2048,256,450,2048,452,1024,2048,2048,1.006,1.767
4,0.000,50,64,131072,4096,256,464,4096,469,1024,4096,4096,1.012,1.832
4,0.000,50,64,131072,8192,256,466,8192,480,1024,8192,8192,1.031,1.875
4,0.000,100,8,65536,2048,2048,2048,2048,2048,2048,2048,2048,1.000,1.000
4,0.000,100,8,65536,4096,4096,4096,4096,4096,4096,4096,4096,1.000,1.000
4,0.000,100,8,65536,8192,4096,4268,8192,4302,6144,8192,8192,1.008,1.050
4,0.000,100,8,131072,2048,2048,2048,2048,2048,2048,2048,2048,1.000,1.000
4,0.000,100,8,131072,4096,2752,2867,4096,2873,3072,4096,4096,1.002,1.044
4,0.000,100,8,131072,8192,2752,2916,8192,2976,3072,8192,8192,1.021,1.081
4,0.000,100,8,262144,2048,1600,1680,2048,1680,2048,2048,2048,1.000,1.050
4,0.000,100,8,262144,4096,1600,1738,4096,1741,2048,4096,4096,1.002,1.088
4,0.000,100,8,262144,8192,1600,1738,4096,1780,2048,8192,8192,1.024,1.112
4,0.000,100,32,65536,2048,2048,2048,2048,2048,2048,2048,2048,1.000,1.000
4,0.000,100,32,65536,4096,3840,3897,4096,3897,4096,4096,4096,1.000,1.015
4,0.000,100,32,65536,8192,3840,3945,8192,4040,4096,8192,8192,1.024,1.052
4,0.000,100,32,131072,2048,2048,2048,2048,2048,2048,2048,2048,1.000,1.000
4,0.000,100,32,131072,4096,2432,2534,4096,2539,3072,4096,4096,1.002,1.044
4,0.000,100,32,131072,8192,2432,2551,8192,2604,3072,8192,8192,1.021,1.071
4,0.000,100,32,262144,2048,1216,1311,2048,1311,2048,2048,2048,1.000,1.078
4,0.000,100,32,262144,4096,1216,1342,4096,1344,2048,4096,4096,1.002,1.106
4,0.000,100,32,262144,8192,1216,1342,4096,1365,2048,8192,8192,1.018,1.123
4,0.000,100,64,65536,2048,2048,2048,2048,2048,2048,2048,2048,1.000,1.000
4,0.000,100,64,65536,4096,3520,3555,4096,3555,4096,4096,4096,1.000,1.010
4,0.000,100,64,65536,8192,3520,3588,8192,3675,4096,8192,8192,1.024,1.044
4,0.000,100,64,131072,2048,1984,2028,2048,2028,2048,2048,2048,1.000,1.022
4,0.000,100,64,131072,4096,1984,2091,4096,2095,3072,4096,4096,1.002,1.056
4,0.000,100,64,131072,8192,1984,2100,8192,2144,3072,8192,8192,1.021,1.080
4,0.000,100,64,262144,2048,704,805,2048,805,2048,2048,2048,1.000,1.144
4,0.000,100,64,262144,4096,704,822,4096,824,2048,4096,4096,1.002,1.170
4,0.000,100,64,262144,8192,704,822,4096,835,2048,8192,8192,1.016,1.187
4,0.020,25,8,65536,2048,0,698,2048,698,2048,2048,2048,1.000,
4,0.020,25,8,65536,4096,0,747,4096,758,2048,4096,4096,1.015,
4,0.020,25,8,65536,8192,0,767,8192,798,2048,8192,8192,1.040,
4,0.020,25,8,131072,2048,0,452,2048,455,1024,2048,2048,1.006,
4,0.020,25,8,131072,4096,0,476,4096,482,1024,4096,4096,1.013,
4,0.020,25,8,131072,8192,0,484,8192,499,1024,8192,8192,1.032,
4,0.020,25,8,262144,2048,0,233,2048,241,256,2048,2048,1.034,
4,0.020,25,8,262144,4096,0,238,3072,250,256,4096,4096,1.049,
4,0.020,25,8,262144,8192,0,238,3072,256,256,8192,8192,1.073,
4,0.020,25,32,65536,2048,0,399,2048,399,512,2048,2048,1.000,
4,0.020,25,32,65536,4096,0,417,4096,423,512,4096,4096,1.015,
4,0.020,25,32,65536,8192,0,422,8192,439,512,8192,8192,1.040,
4,0.020,25,32,131072,2048,0,105,2048,106,256,2048,2048,1.015,
4,0.020,25,32,131072,4096,0,105,2048,111,256,4096,4096,1.057,
4,0.020,25,32,131072,8192,0,105,2048,112,256,8192,4096,1.067,
4,0.020,25,64,65536,2048,0,39,1024,40,512,2048,1024,1.040,
4,0.020,25,64,65536,4096,0,39,1024,40,512,2048,1024,1.040,
4,0.020,25,64,65536,8192,0,39,1024,40,512,2048,1024,1.040,
4,0.020,50,8,65536,2048,1664,1763,2048,1763,2048,2048,2048,1.000,1.060
4,0.020,50,8,65536,4096,1664,1883,4096,1911,2048,4096,4096,1.015,1.148
4,0.020,50,8,65536,8192,1664,1934,8192,2011,2048,8192,8192,1.040,1.209
4,0.020,50,8,131072,2048,1088,1210,2048,1213,1536,2048,2048,1.002,1.115
4,0.020,50,8,131072,4096,1088,1273,4096,1283,1536,4096,4096,1.008,1.180
4,0.020,50,8,131072,8192,1088,1295,8192,1330,1536,8192,8192,1.027,1.222
4,0.020,50,8,262144,2048,512,715,2048,715,2048,2048,2048,1.000,1.397
4,0.020,50,8,262144,4096,512,740,4096,741,2048,4096,4096,1.002,1.448
4,0.020,50,8,262144,8192,512,740,4096,758,2048,8192,8192,1.024,1.480
4,0.020,50,32,65536,2048,1408,1509,2048,1509,2048,2048,2048,1.000,1.072
4,0.020,50,32,65536,4096,1408,1577,4096,1600,2048,4096,4096,1.015,1.136
4,0.020,50,32,65536,8192,1408,1596,8192,1660,2048,8192,8192,1.040,1.179
4,0.020,50,32,131072,2048,704,885,2048,891,1024,2048,2048,1.006,1.266
4,0.020,50,32,131072,4096,704,917,4096,928,1024,4096,4096,1.012,1.319
4,0.020,50,32,131072,8192,704,923,8192,952,1024,8192,8192,1.031,1.352
4,0.020,50,32,262144,2048,192,327,2048,327,2048,2048,2048,1.000,1.704
4,0.020,50,32,262144,4096,192,335,4096,336,2048,4096,4096,1.002,1.748
4,0.020,50,32,262144,8192,192,335,4096,341,2048,8192,8192,1.018,1.775
4,0.020,50,64,65536,2048,1024,1170,2048,1170,2048,2048,2048,1.000,1.142
4,0.020,50,64,65536,4096,1024,1214,4096,1232,2048,4096,4096,1.015,1.203
4,0.020,50,64,65536,8192,1024,1226,8192,1274,2048,8192,8192,1.040,1.244
4,0.020,50,64,131072,2048,256,450,2048,452,1024,2048,2048,1.006,1.767
4,0.020,50,64,131072,4096,256,464,4096,469,1024,4096,4096,1.012,1.832
4,0.020,50,64,131072,8192,256,466,8192,480,1024,8192,8192,1.031,1.875
4,0.020,100,8,65536,2048,2048,2048,2048,2048,2048,2048,2048,1.000,1.000
4,0.020,100,8,65536,4096,4096,4096,4096,4096,4096,4096,4096,1.000,1.000
4,0.020,100,8,65536,8192,4096,4268,8192,4302,6144,8192,8192,1.008,1.050
4,0.020,100,8,131072,2048,2048,2048,2048,2048,2048,2048,2048,1.000,1.000
4,0.020,100,8,131072,4096,2752,2867,4096,2873,3072,4096,4096,1.002,1.044
4,0.020,100,8,131072,8192,2752,2916,8192,2976,3072,8192,8192,1.021,1.081
4,0.020,100,8,262144,2048,1600,1680,2048,1680,2048,2048,2048,1.000,1.050
4,0.020,100,8,262144,4096,1600,1738,4096,1741,2048,4096,4096,1.002,1.088
4,0.020,100,8,262144,8192,1600,1738,4096,1780,2048,8192,8192,1.024,1.112
4,0.020,100,32,65536,2048,2048,2048,2048,2048,2048,2048,2048,1.000,1.000
4,0.020,100,32,65536,4096,3840,3897,4096,3897,4096,4096,4096,1.000,1.015
4,0.020,100,32,65536,8192,3840,3945,8192,4040,4096,8192,8192,1.024,1.052
4,0.020,100,32,131072,2048,2048,2048,2048,2048,2048,2048,2048,1.000,1.000
4,0.020,100,32,131072,4096,2432,2534,4096,2539,3072,4096,4096,1.002,1.044
4,0.020,100,32,131072,8192,2432,2551,8192,2604,3072,8192,8192,1.021,1.071
4,0.020,100,32,262144,2048,1216,1311,2048,1311,2048,2048,2048,1.000,1.078
4,0.020,100,32,262144,4096,1216,1342,4096,1344,2048,4096,4096,1.002,1.106
4,0.020,100,32,262144,8192,1216,1342,4096,1365,2048,8192,8192,1.018,1.123
4,0.020,100,64,65536,2048,2048,2048,2048,2048,2048,2048,2048,1.000,1.000
4,0.020,100,64,65536,4096,3520,3555,4096,3555,4096,4096,4096,1.000,1.010
4,0.020,100,64,65536,8192,3520,3588,8192,3675,4096,8192,8192,1.024,1.044
4,0.020,100,64,131072,2048,1984,2028,2048,2028,2048,2048,2048,1.000,1.022
4,0.020,100,64,131072,4096,1984,2091,4096,2095,3072,4096,4096,1.002,1.056
4,0.020,100,64,131072,8192,1984,2100,8192,2144,3072,8192,8192,1.021,1.080
4,0.020,100,64,262144,2048,704,805,2048,805,2048,2048,2048,1.000,1.144
4,0.020,100,64,262144,4096,704,822,4096,824,2048,4096,4096,1.002,1.170
4,0.020,100,64,262144,8192,704,822,4096,835,2048,8192,8192,1.016,1.187
4,0.050,25,8,65536,2048,0,636,2048,636,2048,2048,2048,1.000,
4,0.050,25,8,65536,4096,0,747,4096,758,2048,4096,4096,1.015,
4,0.050,25,8,65536,8192,0,767,8192,798,2048,8192,8192,1.040,
4,0.050,25,8,131072,2048,0,452,2048,455,1024,2048,2048,1.006,
4,0.050,25,8,131072,4096,0,476,4096,482,1024,4096,4096,1.013,
4,0.050,25,8,131072,8192,0,484,8192,499,1024,8192,8192,1.032,
4,0.050,25,8,262144,2048,0,233,2048,241,256,2048,2048,1.034,
4,0.050,25,8,262144,4096,0,238,3072,250,256,4096,4096,1.049,
4,0.050,25,8,262144,8192,0,238,3072,256,256,8192,8192,1.073,
4,0.050,25,32,65536,2048,0,399,2048,399,512,2048,2048,1.000,
4,0.050,25,32,65536,4096,0,417,4096,423,512,4096,4096,1.015,
4,0.050,25,32,65536,8192,0,422,8192,439,512,8192,8192,1.040,
4,0.050,25,32,131072,2048,0,105,2048,106,256,2048,2048,1.015,
4,0.050,25,32,131072,4096,0,105,2048,111,256,4096,4096,1.057,
4,0.050,25,32,131072,8192,0,105,2048,112,256,8192,4096,1.067,
4,0.050,25,64,65536,2048,0,39,1024,40,512,2048,1024,1.040,
4,0.050,25,64,65536,4096,0,39,1024,40,512,2048,1024,1.040,
4,0.050,25,64,65536,8192,0,39,1024,40,512,2048,1024,1.040,
4,0.050,50,8,65536,2048,1664,1763,2048,1763,2048,2048,2048,1.000,1.060
4,0.050,50,8,65536,4096,1664,1883,4096,1911,2048,4096,4096,1.015,1.148
4,0.050,50,8,65536,8192,1664,1934,8192,2011,2048,8192,8192,1.040,1.209
4,0.050,50,8,131072,2048,1088,1210,2048,1213,1536,2048,2048,1.002,1.115
4,0.050,50,8,131072,4096,1088,1273,4096,1283,1536,4096,4096,1.008,1.180
4,0.050,50,8,131072,8192,1088,1295,8192,1330,1536,8192,8192,1.027,1.222
4,0.050,50,8,262144,2048,512,715,2048,715,2048,2048,2048,1.000,1.397
4,0.050,50,8,262144,4096,512,740,4096,741,2048,4096,4096,1.002,1.448
4,0.050,50,8,262144,8192,512,740,4096,758,2048,8192,8192,1.024,1.480
4,0.050,50,32,65536,2048,1408,1509,2048,1509,2048,2048,2048,1.000,1.072
4,0.050,50,32,65536,4096,1408,1577,4096,1600,2048,4096,4096,1.015,1.136
4,0.050,50,32,65536,8192,1408,1596,8192,1660,2048,8192,8192,1.040,1.179
4,0.050,50,32,131072,2048,704,885,2048,891,1024,2048,2048,1.006,1.266
4,0.050,50,32,131072,4096,704,917,4096,928,1024,4096,4096,1.012,1.319
4,0.050,50,32,131072,8192,704,923,8192,952,1024,8192,8192,1.031,1.352
4,0.050,50,32,262144,2048,192,327,2048,327,2048,2048,2048,1.000,1.704
4,0.050,50,32,262144,4096,192,335,4096,336,2048,4096,4096,1.002,1.748
4,0.050,50,32,262144,8192,192,335,4096,341,2048,8192,8192,1.018,1.775
4,0.050,50,64,65536,2048,1024,1170,2048,1170,2048,2048,2048,1.000,1.142
4,0.050,50,64,65536,4096,1024,1214,4096,1232,2048,4096,4096,1.015,1.203
4,0.050,50,64,65536,8192,1024,1226,8192,1274,2048,8192,8192,1.040,1.244
4,0.050,50,64,131072,2048,256,450,2048,452,1024,2048,2048,1.006,1.767
4,0.050,50,64,131072,4096,256,464,4096,469,1024,4096,4096,1.012,1.832
4,0.050,50,64,131072,8192,256,466,8192,480,1024,8192,8192,1.031,1.875
4,0.050,100,8,65536,2048,2048,2048,2048,2048,2048,2048,2048,1.000,1.000
4,0.050,100,8,65536,4096,4096,4096,4096,4096,4096,4096,4096,1.000,1.000
4,0.050,100,8,65536,8192,4096,4268,8192,4302,6144,8192,8192,1.008,1.050
4,0.050,100,8,131072,2048,2048,2048,2048,2048,2048,2048,2048,1.000,1.000
4,0.050,100,8,131072,4096,2752,2867,4096,2873,3072,4096,4096,1.002,1.044
4,0.050,100,8,131072,8192,2752,2916,8192,2976,3072,8192,8192,1.021,1.081
4,0.050,100,8,262144,2048,1600,1680,2048,1680,2048,2048,2048,1.000,1.050
4,0.050,100,8,262144,4096,1600,1738,4096,1741,2048,4096,4096,1.002,1.088
4,0.050,100,8,262144,8192,1600,1738,4096,1780,2048,8192,8192,1.024,1.112
4,0.050,100,32,65536,2048,2048,2048,2048,2048,2048,2048,2048,1.000,1.000
4,0.050,100,32,65536,4096,3840,3897,4096,3897,4096,4096,4096,1.000,1.015
4,0.050,100,32,65536,8192,3840,3945,8192,4040,4096,8192,8192,1.024,1.052
4,0.050,100,32,131072,2048,2048,2048,2048,2048,2048,2048,2048,1.000,1.000
4,0.050,100,32,131072,4096,2432,2534,4096,2539,3072,4096,4096,1.002,1.044
4,0.050,100,32,131072,8192,2432,2551,8192,2604,3072,8192,8192,1.021,1.071
4,0.050,100,32,262144,2048,1216,1311,2048,1311,2048,2048,2048,1.000,1.078
4,0.050,100,32,262144,4096,1216,1342,4096,1344,2048,4096,4096,1.002,1.106
4,0.050,100,32,262144,8192,1216,1342,4096,1365,2048,8192,8192,1.018,1.123
4,0.050,100,64,65536,2048,2048,2048,2048,2048,2048,2048,2048,1.000,1.000
4,0.050,100,64,65536,4096,3520,3555,4096,3555,4096,4096,4096,1.000,1.010
4,0.050,100,64,65536,8192,3520,3588,8192,3675,4096,8192,8192,1.024,1.044
4,0.050,100,64,131072,2048,1984,2028,2048,2028,2048,2048,2048,1.000,1.022
4,0.050,100,64,131072,4096,1984,2091,4096,2095,3072,4096,4096,1.002,1.056
4,0.050,100,64,131072,8192,1984,2100,8192,2144,3072,8192,8192,1.021,1.080
4,0.050,100,64,262144,2048,704,805,2048,805,2048,2048,2048,1.000,1.144
4,0.050,100,64,262144,4096,704,822,4096,824,2048,4096,4096,1.002,1.170
4,0.050,100,64,262144,8192,704,822,4096,835,2048,8192,8192,1.016,1.187
4,0.100,25,8,65536,2048,0,555,2048,555,2048,2048,2048,1.000,
4,0.100,25,8,65536,4096,0,747,4096,758,2048,4096,4096,1.015,
4,0.100,25,8,65536,8192,0,767,8192,798,2048,8192,8192,1.040,
4,0.100,25,8,131072,2048,0,452,2048,455,1024,2048,2048,1.006,
4,0.100,25,8,131072,4096,0,476,4096,482,1024,4096,4096,1.013,
4,0.100,25,8,131072,8192,0,484,8192,499,1024,8192,8192,1.032,
4,0.100,25,8,262144,2048,0,233,2048,241,256,2048,2048,1.034,
4,0.100,25,8,262144,4096,0,238,3072,250,256,4096,4096,1.049,
4,0.100,25,8,262144,8192,0,238,3072,256,256,8192,8192,1.073,
4,0.100,25,32,65536,2048,0,399,2048,399,512,2048,2048,1.000,
4,0.100,25,32,65536,4096,0,417,4096,423,512,4096,4096,1.015,
4,0.100,25,32,65536,8192,0,422,8192,439,512,8192,8192,1.040,
4,0.100,25,32,131072,2048,0,105,2048,106,256,2048,2048,1.015,
4,0.100,25,32,131072,4096,0,105,2048,111,256,4096,4096,1.057,
4,0.100,25,32,131072,8192,0,105,2048,112,256,8192,4096,1.067,
4,0.100,25,64,65536,2048,0,39,1024,40,512,2048,1024,1.040,
4,0.100,25,64,65536,4096,0,39,1024,40,512,2048,1024,1.040,
4,0.100,25,64,65536,8192,0,39,1024,40,512,2048,1024,1.040,
4,0.100,50,8,65536,2048,1664,1763,2048,1763,2048,2048,2048,1.000,1.060
4,0.100,50,8,65536,4096,1664,1883,4096,1911,2048,4096,4096,1.015,1.148
4,0.100,50,8,65536,8192,1664,1934,8192,2011,2048,8192,8192,1.040,1.209
4,0.100,50,8,131072,2048,1088,1210,2048,1213,1536,2048,2048,1.002,1.115
4,0.100,50,8,131072,4096,1088,1273,4096,1283,1536,4096,4096,1.008,1.180
4,0.100,50,8,131072,8192,1088,1295,8192,1330,1536,8192,8192,1.027,1.222
4,0.100,50,8,262144,2048,512,715,2048,715,2048,2048,2048,1.000,1.397
4,0.100,50,8,262144,4096,512,740,4096,741,2048,4096,4096,1.002,1.448
4,0.100,50,8,262144,8192,512,740,4096,758,2048,8192,8192,1.024,1.480
4,0.100,50,32,65536,2048,1408,1509,2048,1509,2048,2048,2048,1.000,1.072
4,0.100,50,32,65536,4096,1408,1577,4096,1600,2048,4096,4096,1.015,1.136
4,0.100,50,32,65536,8192,1408,1596,8192,1660,2048,8192,8192,1.040,1.179
4,0.100,50,32,131072,2048,704,885,2048,891,1024,2048,2048,1.006,1.266
4,0.100,50,32,131072,4096,704,917,4096,928,1024,4096,4096,1.012,1.319
4,0.100,50,32,131072,8192,704,923,8192,952,1024,8192,8192,1.031,1.352
4,0.100,50,32,262144,2048,192,327,2048,327,2048,2048,2048,1.000,1.704
4,0.100,50,32,262144,4096,192,335,4096,336,2048,4096,4096,1.002,1.748
4,0.100,50,32,262144,8192,192,335,4096,341,2048,8192,8192,1.018,1.775
4,0.100,50,64,65536,2048,1024,1170,2048,1170,2048,2048,2048,1.000,1.142
4,0.100,50,64,65536,4096,1024,1214,4096,1232,2048,4096,4096,1.015,1.203
4,0.100,50,64,65536,8192,1024,1226,8192,1274,2048,8192,8192,1.040,1.244
4,0.100,50,64,131072,2048,256,450,2048,452,1024,2048,2048,1.006,1.767
4,0.100,50,64,131072,4096,256,464,4096,469,1024,4096,4096,1.012,1.832
4,0.100,50,64,131072,8192,256,466,8192,480,1024,8192,8192,1.031,1.875
4,0.100,100,8,65536,2048,2048,2048,2048,2048,2048,2048,2048,1.000,1.000
4,0.100,100,8,65536,4096,4096,4096,4096,4096,4096,4096,4096,1.000,1.000
4,0.100,100,8,65536,8192,4096,4268,8192,4302,6144,8192,8192,1.008,1.050
4,0.100,100,8,131072,2048,2048,2048,2048,2048,2048,2048,2048,1.000,1.000
4,0.100,100,8,131072,4096,2752,2867,4096,2873,3072,4096,4096,1.002,1.044
4,0.100,100,8,131072,8192,2752,2916,8192,2976,3072,8192,8192,1.021,1.081
4,0.100,100,8,262144,2048,1600,1680,2048,1680,2048,2048,2048,1.000,1.050
4,0.100,100,8,262144,4096,1600,1738,4096,1741,2048,4096,4096,1.002,1.088
4,0.100,100,8,262144,8192,1600,1738,4096,1780,2048,8192,8192,1.024,1.112
4,0.100,100,32,65536,2048,2048,2048,2048,2048,2048,2048,2048,1.000,1.000
4,0.100,100,32,65536,4096,3840,3897,4096,3897,4096,4096,4096,1.000,1.015
4,0.100,100,32,65536,8192,3840,3945,8192,4040,4096,8192,8192,1.024,1.052
4,0.100,100,32,131072,2048,2048,2048,2048,2048,2048,2048,2048,1.000,1.000
4,0.100,100,32,131072,4096,2432,2534,4096,2539,3072,4096,4096,1.002,1.044
4,0.100,100,32,131072,8192,2432,2551,8192,2604,3072,8192,8192,1.021,1.071
4,0.100,100,32,262144,2048,1216,1311,2048,1311,2048,2048,2048,1.000,1.078
4,0.100,100,32,262144,4096,1216,1342,4096,1344,2048,4096,4096,1.002,1.106
4,0.100,100,32,262144,8192,1216,1342,4096,1365,2048,8192,8192,1.018,1.123
4,0.100,100,64,65536,2048,2048,2048,2048,2048,2048,2048,2048,1.000,1.000
4,0.100,100,64,65536,4096,3520,3555,4096,3555,4096,4096,4096,1.000,1.010
4,0.100,100,64,65536,8192,3520,3588,8192,3675,4096,8192,8192,1.024,1.044
4,0.100,100,64,131072,2048,1984,2028,2048,2028,2048,2048,2048,1.000,1.022
4,0.100,100,64,131072,4096,1984,2091,4096,2095,3072,4096,4096,1.002,1.056
4,0.100,100,64,131072,8192,1984,2100,8192,2144,3072,8192,8192,1.021,1.080
4,0.100,100,64,262144,2048,704,805,2048,805,2048,2048,2048,1.000,1.144
4,0.100,100,64,262144,4096,704,822,4096,824,2048,4096,4096,1.002,1.170
4,0.100,100,64,262144,8192,704,822,4096,835,2048,8192,8192,1.016,1.187
4,0.200,25,8,65536,2048,0,442,2048,442,2048,2048,2048,1.000,
4,0.200,25,8,65536,4096,0,747,4096,758,2048,4096,4096,1.015,
4,0.200,25,8,65536,8192,0,767,8192,798,2048,8192,8192,1.040,
4,0.200,25,8,131072,2048,0,442,2048,442,2048,2048,2048,1.000,
4,0.200,25,8,131072,4096,0,476,4096,482,1024,4096,4096,1.013,
4,0.200,25,8,131072,8192,0,484,8192,499,1024,8192,8192,1.032,
4,0.200,25,8,262144,2048,0,233,2048,233,384,2048,2048,1.000,
4,0.200,25,8,262144,4096,0,238,3072,250,256,4096,4096,1.049,
4,0.200,25,8,262144,8192,0,238,3072,256,256,8192,8192,1.073,
4,0.200,25,32,65536,2048,0,399,2048,399,2048,2048,2048,1.000,
4,0.200,25,32,65536,4096,0,417,4096,423,512,4096,4096,1.015,
4,0.200,25,32,65536,8192,0,422,8192,439,512,8192,8192,1.040,
4,0.200,25,32,131072,2048,0,105,2048,106,256,2048,2048,1.015,
4,0.200,25,32,131072,4096,0,105,2048,111,256,4096,4096,1.057,
4,0.200,25,32,131072,8192,0,105,2048,112,256,8192,4096,1.067,
4,0.200,25,64,65536,2048,0,39,1024,40,512,2048,1024,1.040,
4,0.200,25,64,65536,4096,0,39,1024,40,512,2048,1024,1.040,
4,0.200,25,64,65536,8192,0,39,1024,40,512,2048,1024,1.040,
4,0.200,50,8,65536,2048,1664,1763,2048,1763,2048,2048,2048,1.000,1.060
4,0.200,50,8,65536,4096,1664,1883,4096,1911,2048,4096,4096,1.015,1.148
4,0.200,50,8,65536,8192,1664,1934,8192,2011,2048,8192,8192,1.040,1.209
4,0.200,50,8,131072,2048,1088,1210,2048,1213,1536,2048,2048,1.002,1.115
4,0.200,50,8,131072,4096,1088,1273,4096,1283,1536,4096,4096,1.008,1.180
4,0.200,50,8,131072,8192,1088,1295,8192,1330,1536,8192,8192,1.027,1.222
4,0.200,50,8,262144,2048,512,715,2048,715,2048,2048,2048,1.000,1.397
4,0.200,50,8,262144,4096,512,740,4096,741,2048,4096,4096,1.002,1.448
4,0.200,50,8,262144,8192,512,740,4096,758,2048,8192,8192,1.024,1.480
4,0.200,50,32,65536,2048,1408,1509,2048,1509,2048,2048,2048,1.000,1.072
4,0.200,50,32,65536,4096,1408,1577,4096,1600,2048,4096,4096,1.015,1.136
4,0.200,50,32,65536,8192,1408,1596,8192,1660,2048,8192,8192,1.040,1.179
4,0.200,50,32,131072,2048,704,885,2048,891,1024,2048,2048,1.006,1.266
4,0.200,50,32,131072,4096,704,917,4096,928,1024,4096,4096,1.012,1.319
4,0.200,50,32,131072,8192,704,923,8192,952,1024,8192,8192,1.031,1.352
4,0.200,50,32,262144,2048,192,327,2048,327,2048,2048,2048,1.000,1.704
4,0.200,50,32,262144,4096,192,335,4096,336,2048,4096,4096,1.002,1.748
4,0.200,50,32,262144,8192,192,335,4096,341,2048,8192,8192,1.018,1.775
4,0.200,50,64,65536,2048,1024,1170,2048,1170,2048,2048,2048,1.000,1.142
4,0.200,50,64,65536,4096,1024,1214,4096,1232,2048,4096,4096,1.015,1.203
4,0.200,50,64,65536,8192,1024,1226,8192,1274,2048,8192,8192,1.040,1.244
4,0.200,50,64,131072,2048,256,450,2048,452,1024,2048,2048,1.006,1.767
4,0.200,50,64,131072,4096,256,464,4096,469,1024,4096,4096,1.012,1.832
4,0.200,50,64,131072,8192,256,466,8192,480,1024,8192,8192,1.031,1.875
4,0.200,100,8,65536,2048,2048,2048,2048,2048,2048,2048,2048,1.000,1.000
4,0.200,100,8,65536,4096,4096,4096,4096,4096,4096,4096,4096,1.000,1.000
4,0.200,100,8,65536,8192,4096,4268,8192,4302,6144,8192,8192,1.008,1.050
4,0.200,100,8,131072,2048,2048,2048,2048,2048,2048,2048,2048,1.000,1.000
4,0.200,100,8,131072,4096,2752,2867,4096,2873,3072,4096,4096,1.002,1.044
4,0.200,100,8,131072,8192,2752,2916,8192,2976,3072,8192,8192,1.021,1.081
4,0.200,100,8,262144,2048,1600,1680,2048,1680,2048,2048,2048,1.000,1.050
4,0.200,100,8,262144,4096,1600,1738,4096,1741,2048,4096,4096,1.002,1.088
4,0.200,100,8,262144,8192,1600,1738,4096,1780,2048,8192,8192,1.024,1.112
4,0.200,100,32,65536,2048,2048,2048,2048,2048,2048,2048,2048,1.000,1.000
4,0.200,100,32,65536,4096,3840,3897,4096,3897,4096,4096,4096,1.000,1.015
4,0.200,100,32,65536,8192,3840,3945,8192,4040,4096,8192,8192,1.024,1.052
4,0.200,100,32,131072,2048,2048,2048,2048,2048,2048,2048,2048,1.000,1.000
4,0.200,100,32,131072,4096,2432,2534,4096,2539,3072,4096,4096,1.002,1.044
4,0.200,100,32,131072,8192,2432,2551,8192,2604,3072,8192,8192,1.021,1.071
4,0.200,100,32,262144,2048,1216,1311,2048,1311,2048,2048,2048,1.000,1.078
4,0.200,100,32,262144,4096,1216,1342,4096,1344,2048,4096,4096,1.002,1.106
4,0.200,100,32,262144,8192,1216,1342,4096,1365,2048,8192,8192,1.018,1.123
4,0.200,100,64,65536,2048,2048,2048,2048,2048,2048,2048,2048,1.000,1.000
4,0.200,100,64,65536,4096,3520,3555,4096,3555,4096,4096,4096,1.000,1.010
4,0.200,100,64,65536,8192,3520,3588,8192,3675,4096,8192,8192,1.024,1.044
4,0.200,100,64,131072,2048,1984,2028,2048,2028,2048,2048,2048,1.000,1.022
4,0.200,100,64,131072,4096,1984,2091,4096,2095,3072,4096,4096,1.002,1.056
4,0.200,100,64,131072,8192,1984,2100,8192,2144,3072,8192,8192,1.021,1.080
4,0.200,100,64,262144,2048,704,805,2048,805,2048,2048,2048,1.000,1.144
4,0.200,100,64,262144,4096,704,822,4096,824,2048,4096,4096,1.002,1.170
4,0.200,100,64,262144,8192,704,822,4096,835,2048,8192,8192,1.016,1.187
8,0.000,25,8,65536,2048,0,699,2048,699,2048,2048,2048,1.000,
8,0.000,25,8,65536,4096,0,747,4096,758,2048,4096,4096,1.015,
8,0.000,25,8,65536,8192,0,767,8192,798,2048,8192,8192,1.040,
8,0.000,25,8,131072,2048,0,452,2048,455,1024,2048,2048,1.006,
8,0.000,25,8,131072,4096,0,476,4096,482,1024,4096,4096,1.013,
8,0.000,25,8,131072,8192,0,476,4096,499,1024,8192,8192,1.049,
8,0.000,25,8,262144,2048,0,225,1536,241,256,2048,2048,1.071,
8,0.000,25,8,262144,4096,0,225,1536,250,256,4096,4096,1.111,
8,0.000,25,8,262144,8192,0,225,1536,256,256,8192,8192,1.136,
8,0.000,25,32,65536,2048,0,399,2048,399,512,2048,2048,1.000,
8,0.000,25,32,65536,4096,0,417,4096,423,512,4096,4096,1.015,
8,0.000,25,32,65536,8192,0,417,4096,435,512,8192,6144,1.045,
8,0.000,25,32,131072,2048,0,96,1024,106,256,2048,2048,1.103,
8,0.000,25,32,131072,4096,0,96,1024,108,256,4096,2048,1.125,
8,0.000,25,32,131072,8192,0,96,1024,108,256,4096,2048,1.125,
8,0.000,25,64,65536,2048,0,25,256,29,512,1024,256,1.180,
8,0.000,25,64,65536,4096,0,25,256,29,512,1024,256,1.180,
8,0.000,25,64,65536,8192,0,25,256,29,512,1024,256,1.180,
8,0.000,50,8,65536,2048,1664,1763,2048,1763,2048,2048,2048,1.000,1.060
8,0.000,50,8,65536,4096,1664,1883,4096,1911,2048,4096,4096,1.015,1.148
8,0.000,50,8,65536,8192,1664,1934,8192,2011,2048,8192,8192,1.040,1.209
8,0.000,50,8,131072,2048,1088,1210,2048,1213,1536,2048,2048,1.002,1.115
8,0.000,50,8,131072,4096,1088,1273,4096,1283,1536,4096,4096,1.008,1.180
8,0.000,50,8,131072,8192,1088,1295,8192,1330,1536,8192,8192,1.027,1.222
8,0.000,50,8,262144,2048,512,715,2048,715,2048,2048,2048,1.000,1.397
8,0.000,50,8,262144,4096,512,740,4096,741,2048,4096,4096,1.002,1.448
8,0.000,50,8,262144,8192,512,740,4096,758,2048,8192,8192,1.024,1.480
8,0.000,50,32,65536,2048,1408,1509,2048,1509,2048,2048,2048,1.000,1.072
8,0.000,50,32,65536,4096,1408,1577,4096,1600,2048,4096,4096,1.015,1.136
8,0.000,50,32,65536,8192,1408,1596,8192,1660,2048,8192,8192,1.040,1.179
8,0.000,50,32,131072,2048,704,885,2048,891,1024,2048,2048,1.006,1.266
8,0.000,50,32,131072,4096,704,917,4096,928,1024,4096,4096,1.012,1.319
8,0.000,50,32,131072,8192,704,923,8192,952,1024,8192,8192,1.031,1.352
8,0.000,50,32,262144,2048,192,327,2048,327,2048,2048,2048,1.000,1.704
8,0.000,50,32,262144,4096,192,327,2048,336,2048,4096,4096,1.026,1.748
8,0.000,50,32,262144,8192,192,327,2048,341,2048,8192,8192,1.042,1.775
8,0.000,50,64,65536,2048,1024,1170,2048,1170,2048,2048,2048,1.000,1.142
8,0.000,50,64,65536,4096,1024,1214,4096,1232,2048,4096,4096,1.015,1.203
8,0.000,50,64,65536,8192,1024,1226,8192,1274,2048,8192,8192,1.040,1.244
8,0.000,50,64,131072,2048,256,450,2048,452,1024,2048,2048,1.006,1.767
8,0.000,50,64,131072,4096,256,464,4096,469,1024,4096,4096,1.012,1.832
8,0.000,50,64,131072,8192,256,464,4096,480,1024,8192,8192,1.036,1.875
8,0.000,100,8,65536,2048,2048,2048,2048,2048,2048,2048,2048,1.000,1.000
8,0.000,100,8,65536,4096,4096,4096,4096,4096,4096,4096,4096,1.000,1.000
8,0.000,100,8,65536,8192,4096,4268,8192,4302,6144,8192,8192,1.008,1.050
8,0.000,100,8,131072,2048,2048,2048,2048,2048,2048,2048,2048,1.000,1.000
8,0.000,100,8,131072,4096,2752,2867,4096,2873,3072,4096,4096,1.002,1.044
8,0.000,100,8,131072,8192,2752,2916,8192,2976,3072,8192,8192,1.021,1.081
8,0.000,100,8,262144,2048,1600,1680,2048,1680,2048,2048,2048,1.000,1.050
8,0.000,100,8,262144,4096,1600,1738,4096,1741,2048,4096,4096,1.002,1.088
8,0.000,100,8,262144,8192,1600,1738,4096,1780,2048,8192,8192,1.024,1.112
8,0.000,100,32,65536,2048,2048,2048,2048,2048,2048,2048,2048,1.000,1.000
8,0.000,100,32,65536,4096,3840,3897,4096,3897,4096,4096,4096,1.000,1.015
8,0.000,100,32,65536,8192,3840,3945,8192,4040,4096,8192,8192,1.024,1.052
8,0.000,100,32,131072,2048,2048,2048,2048,2048,2048,2048,2048,1.000,1.000
8,0.000,100,32,131072,4096,2432,2534,4096,2539,3072,4096,4096,1.002,1.044
8,0.000,100,32,131072,8192,2432,2551,8192,2604,3072,8192,8192,1.021,1.071
8,0.000,100,32,262144,2048,1216,1311,2048,1311,2048,2048,2048,1.000,1.078
8,0.000,100,32,262144,4096,1216,1342,4096,1344,2048,4096,4096,1.002,1.106
8,0.000,100,32,262144,8192,1216,1342,4096,1365,2048,8192,8192,1.018,1.123
8,0.000,100,64,65536,2048,2048,2048,2048,2048,2048,2048,2048,1.000,1.000
8,0.000,100,64,65536,4096,3520,3555,4096,3555,4096,4096,4096,1.000,1.010
8,0.000,100,64,65536,8192,3520,3588,8192,3675,4096,8192,8192,1.024,1.044
8,0.000,100,64,131072,2048,1984,2028,2048,2028,2048,2048,2048,1.000,1.022
8,0.000,100,64,131072,4096,1984,2091,4096,2095,3072,4096,4096,1.002,1.056
8,0.000,100,64,131072,8192,1984,2100,8192,2144,3072,8192,8192,1.021,1.080
8,0.000,100,64,262144,2048,704,805,2048,805,2048,2048,2048,1.000,1.144
8,0.000,100,64,262144,4096,704,822,4096,824,2048,4096,4096,1.002,1.170
8,0.000,100,64,262144,8192,704,822,4096,835,2048,8192,8192,1.016,1.187
12,0.000,25,8,65536,2048,0,699,2048,699,2048,2048,2048,1.000,
12,0.000,25,8,65536,4096,0,747,4096,758,2048,4096,4096,1.015,
12,0.000,25,8,65536,8192,0,747,4096,798,2048,8192,8192,1.068,
12,0.000,25,8,131072,2048,0,452,2048,455,1024,2048,2048,1.006,
12,0.000,25,8,131072,4096,0,452,2048,482,1024,4096,4096,1.065,
12,0.000,25,8,131072,8192,0,452,2048,499,1024,8192,8192,1.104,
12,0.000,25,8,262144,2048,0,211,1024,241,256,2048,2048,1.144,
12,0.000,25,8,262144,4096,0,211,1024,250,256,4096,4096,1.187,
12,0.000,25,8,262144,8192,0,211,1024,254,256,8192,6144,1.207,
12,0.000,25,32,65536,2048,0,399,2048,399,512,2048,2048,1.000,
12,0.000,25,32,65536,4096,0,411,3072,423,512,4096,4096,1.030,
12,0.000,25,32,65536,8192,0,411,3072,429,512,8192,4096,1.044,
12,0.000,25,32,131072,2048,0,77,512,104,256,2048,1536,1.344,
12,0.000,25,32,131072,4096,0,77,512,105,256,3072,1536,1.360,
12,0.000,25,32,131072,8192,0,77,512,105,256,3072,1536,1.360,
12,0.000,25,64,65536,2048,0,23,192,27,256,512,192,1.186,
12,0.000,25,64,65536,4096,0,23,192,27,256,512,192,1.186,
12,0.000,25,64,65536,8192,0,23,192,27,256,512,192,1.186,
12,0.000,50,8,65536,2048,1664,1763,2048,1763,2048,2048,2048,1.000,1.060
12,0.000,50,8,65536,4096,1664,1883,4096,1911,2048,4096,4096,1.015,1.148
12,0.000,50,8,65536,8192,1664,1934,8192,2011,2048,8192,8192,1.040,1.209
12,0.000,50,8,131072,2048,1088,1210,2048,1213,1536,2048,2048,1.002,1.115
12,0.000,50,8,131072,4096,1088,1273,4096,1283,1536,4096,4096,1.008,1.180
12,0.000,50,8,131072,8192,1088,1287,6144,1330,1536,8192,8192,1.033,1.222
12,0.000,50,8,262144,2048,512,715,2048,715,2048,2048,2048,1.000,1.397
12,0.000,50,8,262144,4096,512,731,3072,741,2048,4096,4096,1.013,1.448
12,0.000,50,8,262144,8192,512,731,3072,758,2048,8192,8192,1.036,1.480
12,0.000,50,32,65536,2048,1408,1509,2048,1509,2048,2048,2048,1.000,1.072
12,0.000,50,32,65536,4096,1408,1577,4096,1600,2048,4096,4096,1.015,1.136
12,0.000,50,32,65536,8192,1408,1596,8192,1660,2048,8192,8192,1.040,1.179
12,0.000,50,32,131072,2048,704,885,2048,891,1024,2048,2048,1.006,1.266
12,0.000,50,32,131072,4096,704,917,4096,928,1024,4096,4096,1.012,1.319
12,0.000,50,32,131072,8192,704,917,4096,952,1024,8192,8192,1.038,1.352
12,0.000,50,32,262144,2048,192,318,1536,327,384,2048,2048,1.029,1.703
12,0.000,50,32,262144,4096,192,318,1536,335,384,4096,4096,1.055,1.747
12,0.000,50,32,262144,8192,192,318,1536,341,384,8192,8192,1.072,1.775
12,0.000,50,64,65536,2048,1024,1170,2048,1170,2048,2048,2048,1.000,1.142
12,0.000,50,64,65536,4096,1024,1214,4096,1232,2048,4096,4096,1.015,1.203
12,0.000,50,64,65536,8192,1024,1226,8192,1274,2048,8192,8192,1.040,1.244
12,0.000,50,64,131072,2048,256,450,2048,452,1024,2048,2048,1.006,1.767
12,0.000,50,64,131072,4096,256,450,2048,469,1024,4096,4096,1.043,1.832
12,0.000,50,64,131072,8192,256,450,2048,480,1024,8192,8192,1.068,1.875
12,0.000,100,8,65536,2048,2048,2048,2048,2048,2048,2048,2048,1.000,1.000
12,0.000,100,8,65536,4096,4096,4096,4096,4096,4096,4096,4096,1.000,1.000
12,0.000,100,8,65536,8192,4096,4268,8192,4302,6144,8192,8192,1.008,1.050
12,0.000,100,8,131072,2048,2048,2048,2048,2048,2048,2048,2048,1.000,1.000
12,0.000,100,8,131072,4096,2752,2867,4096,2873,3072,4096,4096,1.002,1.044
12,0.000,100,8,131072,8192,2752,2916,8192,2976,3072,8192,8192,1.021,1.081
12,0.000,100,8,262144,2048,1600,1680,2048,1680,2048,2048,2048,1.000,1.050
12,0.000,100,8,262144,4096,1600,1738,4096,1741,2048,4096,4096,1.002,1.088
12,0.000,100,8,262144,8192,1600,1738,4096,1780,2048,8192,8192,1.024,1.112
12,0.000,100,32,65536,2048,2048,2048,2048,2048,2048,2048,2048,1.000,1.000
12,0.000,100,32,65536,4096,3840,3897,4096,3897,4096,4096,4096,1.000,1.015
12,0.000,100,32,65536,8192,3840,3945,8192,4040,4096,8192,8192,1.024,1.052
12,0.000,100,32,131072,2048,2048,2048,2048,2048,2048,2048,2048,1.000,1.000
12,0.000,100,32,131072,4096,2432,2534,4096,2539,3072,4096,4096,1.002,1.044
12,0.000,100,32,131072,8192,2432,2551,8192,2604,3072,8192,8192,1.021,1.071
12,0.000,100,32,262144,2048,1216,1311,2048,1311,2048,2048,2048,1.000,1.078
12,0.000,100,32,262144,4096,1216,1342,4096,1344,2048,4096,4096,1.002,1.106
12,0.000,100,32,262144,8192,1216,1342,4096,1365,2048,8192,8192,1.018,1.123
12,0.000,100,64,65536,2048,2048,2048,2048,2048,2048,2048,2048,1.000,1.000
12,0.000,100,64,65536,4096,3520,3555,4096,3555,4096,4096,4096,1.000,1.010
12,0.000,100,64,65536,8192,3520,3588,8192,3675,4096,8192,8192,1.024,1.044
12,0.000,100,64,131072,2048,1984,2028,2048,2028,2048,2048,2048,1.000,1.022
12,0.000,100,64,131072,4096,1984,2091,4096,2095,3072,4096,4096,1.002,1.056
12,0.000,100,64,131072,8192,1984,2100,8192,2144,3072,8192,8192,1.021,1.080
12,0.000,100,64,262144,2048,704,805,2048,805,2048,2048,2048,1.000,1.144
12,0.000,100,64,262144,4096,704,822,4096,824,2048,4096,4096,1.002,1.170
12,0.000,100,64,262144,8192,704,822,4096,835,2048,8192,8192,1.016,1.187
24,0.000,25,8,65536,2048,0,699,2048,699,2048,2048,2048,1.000,
24,0.000,25,8,65536,4096,0,730,3072,758,2048,4096,4096,1.038,
24,0.000,25,8,65536,8192,0,730,3072,767,2048,8192,4096,1.051,
24,0.000,25,8,131072,2048,0,373,1024,455,1024,2048,2048,1.222,
24,0.000,25,8,131072,4096,0,373,1024,476,1024,4096,3072,1.276,
24,0.000,25,8,131072,8192,0,373,1024,480,1024,8192,3072,1.287,
24,0.000,25,8,262144,2048,0,181,512,241,256,2048,2048,1.333,
24,0.000,25,8,262144,4096,0,181,512,244,256,4096,2048,1.349,
24,0.000,25,8,262144,8192,0,181,512,245,256,6144,2048,1.354,
24,0.000,25,32,65536,2048,0,381,1536,399,512,2048,2048,1.046,
24,0.000,25,32,65536,4096,0,381,1536,410,512,4096,2048,1.075,
24,0.000,25,32,65536,8192,0,381,1536,410,512,4096,2048,1.075,
24,0.000,25,32,131072,2048,0,69,256,80,256,1024,384,1.158,
24,0.000,25,32,131072,4096,0,69,256,80,256,1024,384,1.158,
24,0.000,25,32,131072,8192,0,69,256,80,256,1024,384,1.158,
24,0.000,25,64,65536,2048,0,0,0,0,0,0,0,,
24,0.000,25,64,65536,4096,0,0,0,0,0,0,0,,
24,0.000,25,64,65536,8192,0,0,0,0,0,0,0,,
24,0.000,50,8,65536,2048,1664,1763,2048,1763,2048,2048,2048,1.000,1.060
24,0.000,50,8,65536,4096,1664,1883,4096,1911,2048,4096,4096,1.015,1.148
24,0.000,50,8,65536,8192,1664,1917,6144,2011,2048,8192,8192,1.049,1.209
24,0.000,50,8,131072,2048,1088,1210,2048,1213,1536,2048,2048,1.002,1.115
24,0.000,50,8,131072,4096,1088,1251,3072,1283,1536,4096,4096,1.026,1.180
24,0.000,50,8,131072,8192,1088,1251,3072,1330,1536,8192,8192,1.062,1.222
24,0.000,50,8,262144,2048,512,691,1536,709,1536,2048,2048,1.026,1.384
24,0.000,50,8,262144,4096,512,691,1536,734,1536,4096,4096,1.063,1.434
24,0.000,50,8,262144,8192,512,691,1536,750,1536,8192,8192,1.086,1.465
24,0.000,50,32,65536,2048,1408,1509,2048,1509,2048,2048,2048,1.000,1.072
24,0.000,50,32,65536,4096,1408,1577,4096,1600,2048,4096,4096,1.015,1.136
24,0.000,50,32,65536,8192,1408,1590,6144,1660,2048,8192,8192,1.044,1.179
24,0.000,50,32,131072,2048,704,885,2048,891,1024,2048,2048,1.006,1.266
24,0.000,50,32,131072,4096,704,885,2048,928,1024,4096,4096,1.048,1.319
24,0.000,50,32,131072,8192,704,885,2048,952,1024,8192,8192,1.075,1.352
24,0.000,50,32,262144,2048,192,287,768,327,384,2048,2048,1.138,1.703
24,0.000,50,32,262144,4096,192,287,768,335,384,4096,4096,1.168,1.747
24,0.000,50,32,262144,8192,192,287,768,337,384,8192,4096,1.174,1.757
24,0.000,50,64,65536,2048,1024,1170,2048,1170,2048,2048,2048,1.000,1.142
24,0.000,50,64,65536,4096,1024,1214,4096,1232,2048,4096,4096,1.015,1.203
24,0.000,50,64,65536,8192,1024,1214,4096,1266,2048,8192,6144,1.042,1.236
24,0.000,50,64,131072,2048,256,426,1024,452,1024,2048,2048,1.061,1.767
24,0.000,50,64,131072,4096,256,426,1024,466,1024,4096,3072,1.094,1.822
24,0.000,50,64,131072,8192,256,426,1024,469,1024,6144,3072,1.101,1.833
24,0.000,100,8,65536,2048,2048,2048,2048,2048,2048,2048,2048,1.000,1.000
24,0.000,100,8,65536,4096,4096,4096,4096,4096,4096,4096,4096,1.000,1.000
24,0.000,100,8,65536,8192,4096,4268,8192,4302,6144,8192,8192,1.008,1.050
24,0.000,100,8,131072,2048,2048,2048,2048,2048,2048,2048,2048,1.000,1.000
24,0.000,100,8,131072,4096,2752,2867,4096,2873,3072,4096,4096,1.002,1.044
24,0.000,100,8,131072,8192,2752,2916,8192,2976,3072,8192,8192,1.021,1.081
24,0.000,100,8,262144,2048,1600,1680,2048,1680,2048,2048,2048,1.000,1.050
24,0.000,100,8,262144,4096,1600,1738,4096,1741,2048,4096,4096,1.002,1.088
24,0.000,100,8,262144,8192,1600,1738,4096,1780,2048,8192,8192,1.024,1.112
24,0.000,100,32,65536,2048,2048,2048,2048,2048,2048,2048,2048,1.000,1.000
24,0.000,100,32,65536,4096,3840,3897,4096,3897,4096,4096,4096,1.000,1.015
24,0.000,100,32,65536,8192,3840,3945,8192,4040,4096,8192,8192,1.024,1.052
24,0.000,100,32,131072,2048,2048,2048,2048,2048,2048,2048,2048,1.000,1.000
24,0.000,100,32,131072,4096,2432,2534,4096,2539,3072,4096,4096,1.002,1.044
24,0.000,100,32,131072,8192,2432,2546,6144,2604,3072,8192,8192,1.023,1.071
24,0.000,100,32,262144,2048,1216,1311,2048,1311,2048,2048,2048,1.000,1.078
24,0.000,100,32,262144,4096,1216,1331,3072,1344,2048,4096,4096,1.010,1.106
24,0.000,100,32,262144,8192,1216,1331,3072,1365,2048,8192,8192,1.026,1.123
24,0.000,100,64,65536,2048,2048,2048,2048,2048,2048,2048,2048,1.000,1.000
24,0.000,100,64,65536,4096,3520,3555,4096,3555,4096,4096,4096,1.000,1.010
24,0.000,100,64,65536,8192,3520,3588,8192,3675,4096,8192,8192,1.024,1.044
24,0.000,100,64,131072,2048,1984,2028,2048,2028,2048,2048,2048,1.000,1.022
24,0.000,100,64,131072,4096,1984,2091,4096,2095,3072,4096,4096,1.002,1.056
24,0.000,100,64,131072,8192,1984,2097,6144,2144,3072,8192,8192,1.022,1.080
24,0.000,100,64,262144,2048,704,805,2048,805,2048,2048,2048,1.000,1.144
24,0.000,100,64,262144,4096,704,805,2048,824,2048,4096,4096,1.023,1.170
24,0.000,100,64,262144,8192,704,805,2048,835,2048,8192,8192,1.037,1.187
48,0.000,25,8,65536,2048,0,559,1536,667,1536,2048,1536,1.194,
48,0.000,25,8,65536,4096,0,559,1536,684,1536,4096,1536,1.223,
48,0.000,25,8,65536,8192,0,559,1536,684,1536,4096,1536,1.223,
48,0.000,25,8,131072,2048,0,279,768,413,768,2048,1024,1.479,
48,0.000,25,8,131072,4096,0,279,768,418,768,3072,1024,1.495,
48,0.000,25,8,131072,8192,0,279,768,418,768,3072,1024,1.495,
48,0.000,25,8,262144,2048,0,93,256,215,256,2048,768,2.307,
48,0.000,25,8,262144,4096,0,93,256,215,256,2048,768,2.307,
48,0.000,25,8,262144,8192,0,93,256,215,256,2048,768,2.307,
48,0.000,25,32,65536,2048,0,186,512,284,512,1536,512,1.526,
48,0.000,25,32,65536,4096,0,186,512,284,512,1536,512,1.526,
48,0.000,25,32,65536,8192,0,186,512,284,512,1536,512,1.526,
48,0.000,25,32,131072,2048,0,47,128,69,128,384,128,1.480,
48,0.000,25,32,131072,4096,0,47,128,69,128,384,128,1.480,
48,0.000,25,32,131072,8192,0,47,128,69,128,384,128,1.480,
48,0.000,25,64,65536,2048,0,0,0,0,0,0,0,,
48,0.000,25,64,65536,4096,0,0,0,0,0,0,0,,
48,0.000,25,64,65536,8192,0,0,0,0,0,0,0,,
48,0.000,50,8,65536,2048,1664,1763,2048,1763,2048,2048,2048,1.000,1.060
48,0.000,50,8,65536,4096,1664,1841,3072,1911,2048,4096,4096,1.038,1.148
48,0.000,50,8,65536,8192,1664,1841,3072,1935,2048,8192,4096,1.051,1.163
48,0.000,50,8,131072,2048,1088,1165,1536,1213,1536,2048,2048,1.041,1.115
48,0.000,50,8,131072,4096,1088,1165,1536,1283,1536,4096,4096,1.102,1.180
48,0.000,50,8,131072,8192,1088,1165,1536,1294,1536,8192,4096,1.111,1.190
48,0.000,50,8,262144,2048,512,613,768,698,768,2048,2048,1.140,1.364
48,0.000,50,8,262144,4096,512,613,768,723,768,4096,4096,1.180,1.412
48,0.000,50,8,262144,8192,512,613,768,727,768,8192,4096,1.186,1.420
48,0.000,50,32,65536,2048,1408,1509,2048,1509,2048,2048,2048,1.000,1.072
48,0.000,50,32,65536,4096,1408,1554,3072,1600,2048,4096,4096,1.030,1.136
48,0.000,50,32,65536,8192,1408,1554,3072,1621,2048,8192,4096,1.043,1.151
48,0.000,50,32,131072,2048,704,814,1024,891,1024,2048,2048,1.094,1.266
48,0.000,50,32,131072,4096,704,814,1024,921,1024,4096,3072,1.132,1.309
48,0.000,50,32,131072,8192,704,814,1024,927,1024,6144,3072,1.138,1.317
48,0.000,50,32,262144,2048,192,260,384,327,384,2048,2048,1.259,1.703
48,0.000,50,32,262144,4096,192,260,384,331,384,4096,2048,1.274,1.724
48,0.000,50,32,262144,8192,192,260,384,331,384,4096,2048,1.274,1.724
48,0.000,50,64,65536,2048,1024,1170,2048,1170,2048,2048,2048,1.000,1.142
48,0.000,50,64,65536,4096,1024,1170,2048,1222,2048,4096,3072,1.045,1.194
48,0.000,50,64,65536,8192,1024,1170,2048,1233,2048,6144,3072,1.054,1.204
48,0.000,50,64,131072,2048,256,342,512,445,512,2048,1536,1.299,1.736
48,0.000,50,64,131072,4096,256,342,512,450,512,3072,1536,1.316,1.759
48,0.000,50,64,131072,8192,256,342,512,450,512,3072,1536,1.316,1.759
48,0.000,100,8,65536,2048,2048,2048,2048,2048,2048,2048,2048,1.000,1.000
48,0.000,100,8,65536,4096,4096,4096,4096,4096,4096,4096,4096,1.000,1.000
48,0.000,100,8,65536,8192,4096,4268,8192,4302,6144,8192,8192,1.008,1.050
48,0.000,100,8,131072,2048,2048,2048,2048,2048,2048,2048,2048,1.000,1.000
48,0.000,100,8,131072,4096,2752,2867,4096,2873,3072,4096,4096,1.002,1.044
48,0.000,100,8,131072,8192,2752,2867,4096,2976,3072,8192,8192,1.038,1.081
48,0.000,100,8,262144,2048,1600,1680,2048,1680,2048,2048,2048,1.000,1.050
48,0.000,100,8,262144,4096,1600,1680,2048,1741,2048,4096,4096,1.036,1.088
48,0.000,100,8,262144,8192,1600,1680,2048,1780,2048,8192,8192,1.059,1.112
48,0.000,100,32,65536,2048,2048,2048,2048,2048,2048,2048,2048,1.000,1.000
48,0.000,100,32,65536,4096,3840,3897,4096,3897,4096,4096,4096,1.000,1.015
48,0.000,100,32,65536,8192,3840,3929,6144,4040,4096,8192,8192,1.028,1.052
48,0.000,100,32,131072,2048,2048,2048,2048,2048,2048,2048,2048,1.000,1.000
48,0.000,100,32,131072,4096,2432,2505,3072,2539,3072,4096,4096,1.014,1.044
48,0.000,100,32,131072,8192,2432,2505,3072,2604,3072,8192,8192,1.040,1.071
48,0.000,100,32,262144,2048,1216,1273,1536,1298,1536,2048,2048,1.019,1.068
48,0.000,100,32,262144,4096,1216,1273,1536,1331,1536,4096,4096,1.046,1.095
48,0.000,100,32,262144,8192,1216,1273,1536,1352,1536,8192,8192,1.062,1.112
48,0.000,100,64,65536,2048,2048,2048,2048,2048,2048,2048,2048,1.000,1.000
48,0.000,100,64,65536,4096,3520,3555,4096,3555,4096,4096,4096,1.000,1.010
48,0.000,100,64,65536,8192,3520,3577,6144,3675,4096,8192,8192,1.027,1.044
48,0.000,100,64,131072,2048,1984,2028,2048,2028,2048,2048,2048,1.000,1.022
48,0.000,100,64,131072,4096,1984,2070,3072,2095,3072,4096,4096,1.012,1.056
48,0.000,100,64,131072,8192,1984,2070,3072,2144,3072,8192,8192,1.036,1.080
48,0.000,100,64,262144,2048,704,722,768,768,768,1024,2048,1.064,1.091
48,0.000,100,64,262144,4096,704,722,768,768,768,768,3072,1.064,1.091
48,0.000,100,64,262144,8192,704,722,768,768,768,768,3072,1.064,1.091
