decode_batch,t,n,A_us_tok,G_us_tok,M_us_tok,total_us_tok,A_share,one_attn_layer_ms,one_gdn_layer_ms,one_moe_layer_ms
8,65536,256,10.1454,10.5414,23.2296,43.9164,0.2310,0.2164,0.0750,0.1239
8,65536,512,10.0477,6.9287,20.6452,37.6215,0.2671,0.4287,0.0985,0.2202
8,65536,1024,10.1811,5.1891,12.2625,27.6327,0.3684,0.8688,0.1476,0.2616
8,65536,2048,10.0774,4.4215,8.9951,23.4940,0.4289,1.7199,0.2515,0.3838
8,65536,4096,10.3970,3.8367,7.7668,22.0005,0.4726,3.5488,0.4365,0.6628
8,65536,8192,10.8996,3.5715,6.9512,21.4224,0.5088,7.4408,0.8127,1.1863
8,131072,256,19.0610,10.5414,23.2296,52.8321,0.3608,0.4066,0.0750,0.1239
8,131072,512,19.5270,6.9287,20.6452,47.1008,0.4146,0.8332,0.0985,0.2202
8,131072,1024,19.3675,5.1891,12.2625,36.8191,0.5260,1.6527,0.1476,0.2616
8,131072,2048,19.5766,4.4215,8.9951,32.9931,0.5934,3.3411,0.2515,0.3838
8,131072,4096,19.7577,3.8367,7.7668,31.3612,0.6300,6.7440,0.4365,0.6628
8,131072,8192,20.3210,3.5715,6.9512,30.8438,0.6588,13.8725,0.8127,1.1863
8,262144,256,36.6931,10.5414,23.2296,70.4641,0.5207,0.7828,0.0750,0.1239
8,262144,512,39.2421,6.9287,20.6452,66.8159,0.5873,1.6743,0.0985,0.2202
8,262144,1024,39.8669,5.1891,12.2625,57.3185,0.6955,3.4020,0.1476,0.2616
8,262144,2048,38.4049,4.4215,8.9951,51.8215,0.7411,6.5544,0.2515,0.3838
8,262144,4096,38.5074,3.8367,7.7668,50.1109,0.7684,13.1439,0.4365,0.6628
8,262144,8192,39.9905,3.5715,6.9512,50.5132,0.7917,27.3002,0.8127,1.1863
32,65536,256,10.2119,10.7415,18.4577,39.4112,0.2591,0.2179,0.0764,0.0984
32,65536,512,10.0831,7.0372,16.7841,33.9043,0.2974,0.4302,0.1001,0.1790
32,65536,1024,10.2012,5.2493,10.1744,25.6249,0.3981,0.8705,0.1493,0.2171
32,65536,2048,10.0876,4.4498,7.9776,22.5151,0.4480,1.7216,0.2531,0.3404
32,65536,4096,10.4021,3.8518,7.2978,21.5517,0.4827,3.5506,0.4382,0.6227
32,65536,8192,10.9022,3.5791,6.8070,21.2883,0.5121,7.4426,0.8144,1.1617
32,131072,256,19.1276,10.7415,18.4577,48.3268,0.3958,0.4081,0.0764,0.0984
32,131072,512,19.5624,7.0372,16.7841,43.3836,0.4509,0.8347,0.1001,0.1790
32,131072,1024,19.3876,5.2493,10.1744,34.8113,0.5569,1.6544,0.1493,0.2171
32,131072,2048,19.5868,4.4498,7.9776,32.0143,0.6118,3.3428,0.2531,0.3404
32,131072,4096,19.7628,3.8518,7.2978,30.9124,0.6393,6.7457,0.4382,0.6227
32,131072,8192,20.3236,3.5791,6.8070,30.7097,0.6618,13.8742,0.8144,1.1617
32,262144,256,36.7596,10.7415,18.4577,65.9588,0.5573,0.7842,0.0764,0.0984
32,262144,512,39.2775,7.0372,16.7841,63.0988,0.6225,1.6758,0.1001,0.1790
32,262144,1024,39.8870,5.2493,10.1744,55.3107,0.7211,3.4037,0.1493,0.2171
32,262144,2048,38.4151,4.4498,7.9776,50.8426,0.7556,6.5562,0.2531,0.3404
32,262144,4096,38.5125,3.8518,7.2978,49.6621,0.7755,13.1456,0.4382,0.6227
32,262144,8192,39.9931,3.5791,6.8070,50.3792,0.7938,27.3019,0.8144,1.1617
64,65536,256,10.2711,10.9196,16.6697,37.8603,0.2713,0.2191,0.0777,0.0889
64,65536,512,10.1155,7.1376,14.8858,32.1389,0.3147,0.4316,0.1015,0.1588
64,65536,1024,10.2207,5.3075,8.6883,24.2164,0.4221,0.8722,0.1510,0.1854
64,65536,2048,10.0976,4.4766,7.6031,22.1773,0.4553,1.7233,0.2547,0.3244
64,65536,4096,10.4071,3.8663,7.0866,21.3600,0.4872,3.5523,0.4399,0.6047
64,65536,8192,10.9047,3.5864,6.6717,21.1628,0.5153,7.4443,0.8161,1.1386
64,131072,256,19.1867,10.9196,16.6697,46.7760,0.4102,0.4093,0.0777,0.0889
64,131072,512,19.5948,7.1376,14.8858,41.6182,0.4708,0.8360,0.1015,0.1588
64,131072,1024,19.4071,5.3075,8.6883,33.4029,0.5810,1.6561,0.1510,0.1854
64,131072,2048,19.5967,4.4766,7.6031,31.6764,0.6187,3.3445,0.2547,0.3244
64,131072,4096,19.7678,3.8663,7.0866,30.7207,0.6435,6.7474,0.4399,0.6047
64,131072,8192,20.3261,3.5864,6.6717,30.5842,0.6646,13.8759,0.8161,1.1386
64,262144,256,36.8187,10.9196,16.6697,64.4080,0.5716,0.7855,0.0777,0.0889
64,262144,512,39.3100,7.1376,14.8858,61.3333,0.6409,1.6772,0.1015,0.1588
64,262144,1024,39.9065,5.3075,8.6883,53.9023,0.7403,3.4054,0.1510,0.1854
64,262144,2048,38.4251,4.4766,7.6031,50.5048,0.7608,6.5579,0.2547,0.3244
64,262144,4096,38.5175,3.8663,7.0866,49.4704,0.7786,13.1473,0.4399,0.6047
64,262144,8192,39.9956,3.5864,6.6717,50.2537,0.7959,27.3036,0.8161,1.1386
