decode_batch,t,delta,D_ms,P_ms,B_ms,layered_R,layered_n,hy_R,hy_nA,hy_nG,hy_nM,hy_over_lay
8,65536,2048,8.570,3.000,11.570,76,2048,76,128,2048,256,1.000
8,65536,8192,8.570,3.000,11.570,115,3072,146,512,8192,8192,1.270
8,65536,2048,8.570,4.000,12.570,170,2048,170,512,2048,2048,1.000
8,65536,8192,8.570,4.000,12.570,182,4096,194,512,8192,8192,1.066
8,65536,2048,8.570,6.000,14.570,255,2048,256,512,2048,2048,1.004
8,65536,8192,8.570,6.000,14.570,278,6144,292,512,8192,8192,1.050
8,65536,2048,8.570,8.000,16.570,340,2048,341,512,2048,2048,1.003
8,65536,8192,8.570,8.000,16.570,373,8192,389,512,8192,8192,1.043
8,65536,2048,8.570,12.000,20.570,511,2048,511,512,2048,2048,1.000
8,65536,8192,8.570,12.000,20.570,560,8192,582,2048,8192,8192,1.039
8,65536,2048,8.570,16.000,24.570,681,2048,681,2048,2048,2048,1.000
8,65536,8192,8.570,16.000,24.570,747,8192,777,2048,8192,8192,1.040
8,65536,2048,8.570,24.000,32.570,1021,2048,1021,2048,2048,2048,1.000
8,65536,8192,8.570,24.000,32.570,1120,8192,1165,2048,8192,8192,1.040
8,65536,2048,8.570,32.000,40.570,1362,2048,1362,2048,2048,2048,1.000
8,65536,8192,8.570,32.000,40.570,1494,8192,1553,2048,8192,8192,1.039
8,65536,2048,8.570,48.000,56.570,2043,2048,2043,2048,2048,2048,1.000
8,65536,8192,8.570,48.000,56.570,2241,8192,2306,3072,8192,8192,1.029
8,131072,2048,10.070,1.500,11.570,29,768,46,256,2048,2048,1.586
8,131072,8192,10.070,1.500,11.570,29,768,51,256,8192,8192,1.759
8,131072,2048,10.070,2.000,12.070,54,1024,61,256,2048,2048,1.130
8,131072,8192,10.070,2.000,12.070,54,1024,68,256,8192,8192,1.259
8,131072,2048,10.070,3.000,13.070,87,1536,92,256,2048,2048,1.057
8,131072,8192,10.070,3.000,13.070,87,1536,101,256,8192,8192,1.161
8,131072,2048,10.070,4.000,14.070,121,2048,123,256,2048,2048,1.017
8,131072,8192,10.070,4.000,14.070,121,2048,135,256,8192,8192,1.116
8,131072,2048,10.070,6.000,16.070,182,2048,185,256,2048,2048,1.016
8,131072,8192,10.070,6.000,16.070,188,3072,203,256,8192,8192,1.080
8,131072,2048,10.070,8.000,18.070,242,2048,246,256,2048,2048,1.017
8,131072,8192,10.070,8.000,18.070,255,4096,268,1024,8192,8192,1.051
8,131072,2048,10.070,12.000,22.070,364,2048,366,1024,2048,2048,1.005
8,131072,8192,10.070,12.000,22.070,387,6144,401,1024,8192,8192,1.036
8,131072,2048,10.070,16.000,26.070,485,2048,488,1024,2048,2048,1.006
8,131072,8192,10.070,16.000,26.070,519,8192,535,1024,8192,8192,1.031
8,131072,2048,10.070,24.000,34.070,727,2048,732,1024,2048,2048,1.007
8,131072,8192,10.070,24.000,34.070,778,8192,803,1024,8192,8192,1.032
8,131072,2048,10.070,32.000,42.070,970,2048,976,1024,2048,2048,1.006
8,131072,8192,10.070,32.000,42.070,1037,8192,1066,1536,8192,8192,1.028
8,131072,2048,10.070,48.000,58.070,1455,2048,1458,1536,2048,2048,1.002
8,131072,8192,10.070,48.000,58.070,1556,8192,1595,2048,8192,8192,1.025
8,262144,2048,12.930,0.500,13.430,6,128,10,128,2048,2048,1.667
8,262144,8192,12.930,0.500,13.430,6,128,10,128,4096,2048,1.667
8,262144,2048,12.930,1.000,13.930,14,256,20,256,2048,2048,1.429
8,262144,8192,12.930,1.000,13.930,14,256,21,256,8192,6144,1.500
8,262144,2048,12.930,1.500,14.430,22,384,30,256,2048,2048,1.364
8,262144,8192,12.930,1.500,14.430,22,384,32,256,8192,8192,1.455
8,262144,2048,12.930,2.000,14.930,30,512,40,256,2048,2048,1.333
8,262144,8192,12.930,2.000,14.930,30,512,42,256,8192,8192,1.400
8,262144,2048,12.930,3.000,15.930,50,768,60,256,2048,2048,1.200
8,262144,8192,12.930,3.000,15.930,50,768,64,256,8192,8192,1.280
8,262144,2048,12.930,4.000,16.930,70,1024,80,256,2048,2048,1.143
8,262144,8192,12.930,4.000,16.930,70,1024,85,256,8192,8192,1.214
8,262144,2048,12.930,6.000,18.930,112,1536,120,256,2048,2048,1.071
8,262144,8192,12.930,6.000,18.930,112,1536,127,256,8192,8192,1.134
8,262144,2048,12.930,8.000,20.930,154,2048,160,256,2048,2048,1.039
8,262144,8192,12.930,8.000,20.930,154,2048,169,256,8192,8192,1.097
8,262144,2048,12.930,12.000,24.930,232,2048,239,256,2048,2048,1.030
8,262144,8192,12.930,12.000,24.930,237,3072,254,256,8192,8192,1.072
8,262144,2048,12.930,16.000,28.930,309,2048,309,384,2048,2048,1.000
8,262144,8192,12.930,16.000,28.930,319,4096,327,384,8192,8192,1.025
8,262144,2048,12.930,24.000,36.930,463,2048,463,2048,2048,2048,1.000
8,262144,8192,12.930,24.000,36.930,479,4096,491,2048,8192,8192,1.025
8,262144,2048,12.930,32.000,44.930,618,2048,618,2048,2048,2048,1.000
8,262144,8192,12.930,32.000,44.930,639,4096,654,2048,8192,8192,1.023
8,262144,2048,12.930,48.000,60.930,926,2048,926,2048,2048,2048,1.000
8,262144,8192,12.930,48.000,60.930,958,4096,981,2048,8192,8192,1.024
32,65536,2048,16.020,0.500,16.520,15,512,22,512,2048,2048,1.467
32,65536,8192,16.020,0.500,16.520,15,512,23,512,4096,3072,1.533
32,65536,2048,16.020,1.000,17.020,39,1024,45,512,2048,2048,1.154
32,65536,8192,16.020,1.000,17.020,39,1024,49,512,8192,6144,1.256
32,65536,2048,16.020,1.500,17.520,64,1536,67,512,2048,2048,1.047
32,65536,8192,16.020,1.500,17.520,64,1536,73,512,8192,8192,1.141
32,65536,2048,16.020,2.000,18.020,89,2048,89,512,2048,2048,1.000
32,65536,8192,16.020,2.000,18.020,89,2048,98,512,8192,8192,1.101
32,65536,2048,16.020,3.000,19.020,133,2048,133,512,2048,2048,1.000
32,65536,8192,16.020,3.000,19.020,137,3072,147,512,8192,8192,1.073
32,65536,2048,16.020,4.000,20.020,178,2048,178,512,2048,2048,1.000
32,65536,8192,16.020,4.000,20.020,186,4096,196,512,8192,8192,1.054
32,65536,2048,16.020,6.000,22.020,267,2048,267,512,2048,2048,1.000
32,65536,8192,16.020,6.000,22.020,281,6144,293,512,8192,8192,1.043
32,65536,2048,16.020,8.000,24.020,355,2048,355,512,2048,2048,1.000
32,65536,8192,16.020,8.000,24.020,376,8192,391,512,8192,8192,1.040
32,65536,2048,16.020,12.000,28.020,533,2048,533,2048,2048,2048,1.000
32,65536,8192,16.020,12.000,28.020,564,8192,586,2048,8192,8192,1.039
32,65536,2048,16.020,16.000,32.020,711,2048,711,2048,2048,2048,1.000
32,65536,8192,16.020,16.000,32.020,752,8192,782,2048,8192,8192,1.040
32,65536,2048,16.020,24.000,40.020,1066,2048,1066,2048,2048,2048,1.000
32,65536,8192,16.020,24.000,40.020,1127,8192,1172,2048,8192,8192,1.040
32,65536,2048,16.020,32.000,48.020,1421,2048,1421,2048,2048,2048,1.000
32,65536,8192,16.020,32.000,48.020,1503,8192,1563,2048,8192,8192,1.040
32,65536,2048,16.020,48.000,64.020,2048,2048,2048,2048,2048,2048,1.000
32,65536,8192,16.020,48.000,64.020,2255,8192,2321,3072,8192,8192,1.029
32,131072,2048,21.650,0.500,22.150,10,256,16,256,2048,2048,1.600
32,131072,8192,21.650,0.500,22.150,10,256,16,256,4096,3072,1.600
32,131072,2048,21.650,1.000,22.650,23,512,32,256,2048,2048,1.391
32,131072,8192,21.650,1.000,22.650,23,512,34,256,8192,6144,1.478
32,131072,2048,21.650,1.500,23.150,40,768,47,256,2048,2048,1.175
32,131072,8192,21.650,1.500,23.150,40,768,51,256,8192,8192,1.275
32,131072,2048,21.650,2.000,23.650,57,1024,63,256,2048,2048,1.105
32,131072,8192,21.650,2.000,23.650,57,1024,68,256,8192,8192,1.193
32,131072,2048,21.650,3.000,24.650,91,1536,95,256,2048,2048,1.044
32,131072,8192,21.650,3.000,24.650,91,1536,102,256,8192,8192,1.121
32,131072,2048,21.650,4.000,25.650,125,2048,127,256,2048,2048,1.016
32,131072,8192,21.650,4.000,25.650,125,2048,135,256,8192,8192,1.080
32,131072,2048,21.650,6.000,27.650,187,2048,190,256,2048,2048,1.016
32,131072,8192,21.650,6.000,27.650,192,3072,203,256,8192,8192,1.057
32,131072,2048,21.650,8.000,29.650,250,2048,253,256,2048,2048,1.012
32,131072,8192,21.650,8.000,29.650,259,4096,269,1024,8192,8192,1.039
32,131072,2048,21.650,12.000,33.650,375,2048,377,1024,2048,2048,1.005
32,131072,8192,21.650,12.000,33.650,390,6144,403,1024,8192,8192,1.033
32,131072,2048,21.650,16.000,37.650,500,2048,503,1024,2048,2048,1.006
32,131072,8192,21.650,16.000,37.650,521,8192,537,1024,8192,8192,1.031
32,131072,2048,21.650,24.000,45.650,750,2048,754,1024,2048,2048,1.005
32,131072,8192,21.650,24.000,45.650,781,8192,806,1024,8192,8192,1.032
32,131072,2048,21.650,32.000,53.650,999,2048,1006,1024,2048,2048,1.007
32,131072,8192,21.650,32.000,53.650,1042,8192,1070,1536,8192,8192,1.027
32,131072,2048,21.650,48.000,69.650,1499,2048,1502,1536,2048,2048,1.002
32,131072,8192,21.650,48.000,69.650,1563,8192,1601,2048,8192,8192,1.024
32,262144,2048,33.360,0.500,33.860,6,128,10,128,2048,2048,1.667
32,262144,8192,33.360,0.500,33.860,6,128,10,128,4096,3072,1.667
32,262144,2048,33.360,1.000,34.360,15,256,20,256,2048,2048,1.333
32,262144,8192,33.360,1.000,34.360,15,256,21,256,8192,6144,1.400
32,262144,2048,33.360,1.500,34.860,23,384,30,256,2048,2048,1.304
32,262144,8192,33.360,1.500,34.860,23,384,32,256,8192,8192,1.391
32,262144,2048,33.360,2.000,35.360,32,512,41,256,2048,2048,1.281
32,262144,8192,33.360,2.000,35.360,32,512,42,256,8192,8192,1.312
32,262144,2048,33.360,3.000,36.360,52,768,61,256,2048,2048,1.173
32,262144,8192,33.360,3.000,36.360,52,768,64,256,8192,8192,1.231
32,262144,2048,33.360,4.000,37.360,72,1024,81,256,2048,2048,1.125
32,262144,8192,33.360,4.000,37.360,72,1024,85,256,8192,8192,1.181
32,262144,2048,33.360,6.000,39.360,115,1536,122,256,2048,2048,1.061
32,262144,8192,33.360,6.000,39.360,115,1536,127,256,8192,8192,1.104
32,262144,2048,33.360,8.000,41.360,157,2048,163,256,2048,2048,1.038
32,262144,8192,33.360,8.000,41.360,157,2048,170,256,8192,8192,1.083
32,262144,2048,33.360,12.000,45.360,236,2048,244,256,2048,2048,1.034
32,262144,8192,33.360,12.000,45.360,240,3072,254,256,8192,8192,1.058
32,262144,2048,33.360,16.000,49.360,315,2048,315,2048,2048,2048,1.000
32,262144,8192,33.360,16.000,49.360,322,4096,328,2048,8192,8192,1.019
32,262144,2048,33.360,24.000,57.360,472,2048,472,2048,2048,2048,1.000
32,262144,8192,33.360,24.000,57.360,483,4096,492,2048,8192,8192,1.019
32,262144,2048,33.360,32.000,65.360,629,2048,629,2048,2048,2048,1.000
32,262144,8192,33.360,32.000,65.360,644,4096,656,2048,8192,8192,1.019
32,262144,2048,33.360,48.000,81.360,944,2048,944,2048,2048,2048,1.000
32,262144,8192,33.360,48.000,81.360,966,4096,983,2048,8192,8192,1.018
64,65536,2048,24.060,0.500,24.560,16,512,23,512,2048,2048,1.438
64,65536,8192,24.060,0.500,24.560,16,512,24,512,4096,3072,1.500
64,65536,2048,24.060,1.000,25.060,41,1024,45,512,2048,2048,1.098
64,65536,8192,24.060,1.000,25.060,41,1024,49,512,8192,6144,1.195
64,65536,2048,24.060,1.500,25.560,66,1536,68,512,2048,2048,1.030
64,65536,8192,24.060,1.500,25.560,66,1536,74,512,8192,8192,1.121
64,65536,2048,24.060,2.000,26.060,90,2048,90,2048,2048,2048,1.000
64,65536,8192,24.060,2.000,26.060,90,2048,98,2048,8192,8192,1.089
64,65536,2048,24.060,3.000,27.060,135,2048,135,2048,2048,2048,1.000
64,65536,8192,24.060,3.000,27.060,139,3072,147,2048,8192,8192,1.058
64,65536,2048,24.060,4.000,28.060,180,2048,180,2048,2048,2048,1.000
64,65536,8192,24.060,4.000,28.060,187,4096,196,2048,8192,8192,1.048
64,65536,2048,24.060,6.000,30.060,271,2048,271,2048,2048,2048,1.000
64,65536,8192,24.060,6.000,30.060,283,6144,295,2048,8192,8192,1.042
64,65536,2048,24.060,8.000,32.060,361,2048,361,2048,2048,2048,1.000
64,65536,8192,24.060,8.000,32.060,378,8192,393,2048,8192,8192,1.040
64,65536,2048,24.060,12.000,36.060,541,2048,541,2048,2048,2048,1.000
64,65536,8192,24.060,12.000,36.060,567,8192,589,2048,8192,8192,1.039
64,65536,2048,24.060,16.000,40.060,721,2048,721,2048,2048,2048,1.000
64,65536,8192,24.060,16.000,40.060,756,8192,786,2048,8192,8192,1.040
64,65536,2048,24.060,24.000,48.060,1082,2048,1082,2048,2048,2048,1.000
64,65536,8192,24.060,24.000,48.060,1134,8192,1179,2048,8192,8192,1.040
64,65536,2048,24.060,32.000,56.060,1443,2048,1443,2048,2048,2048,1.000
64,65536,8192,24.060,32.000,56.060,1512,8192,1572,2048,8192,8192,1.040
64,65536,2048,24.060,48.000,72.060,2048,2048,2048,2048,2048,2048,1.000
64,65536,8192,24.060,48.000,72.060,2268,8192,2334,3072,8192,8192,1.029
64,131072,2048,35.760,0.500,36.260,11,256,16,256,2048,2048,1.455
64,131072,8192,35.760,0.500,36.260,11,256,17,256,4096,3072,1.545
64,131072,2048,35.760,1.000,36.760,24,512,32,256,2048,2048,1.333
64,131072,8192,35.760,1.000,36.760,24,512,34,256,8192,6144,1.417
64,131072,2048,35.760,1.500,37.260,42,768,48,256,2048,2048,1.143
64,131072,8192,35.760,1.500,37.260,42,768,51,256,8192,8192,1.214
64,131072,2048,35.760,2.000,37.760,60,1024,64,256,2048,2048,1.067
64,131072,8192,35.760,2.000,37.760,60,1024,68,256,8192,8192,1.133
64,131072,2048,35.760,3.000,38.760,93,1536,96,256,2048,2048,1.032
64,131072,8192,35.760,3.000,38.760,93,1536,102,256,8192,8192,1.097
64,131072,2048,35.760,4.000,39.760,126,2048,128,256,2048,2048,1.016
64,131072,8192,35.760,4.000,39.760,126,2048,136,256,8192,8192,1.079
64,131072,2048,35.760,6.000,41.760,189,2048,192,256,2048,2048,1.016
64,131072,8192,35.760,6.000,41.760,193,3072,204,256,8192,8192,1.057
64,131072,2048,35.760,8.000,43.760,253,2048,256,256,2048,2048,1.012
64,131072,8192,35.760,8.000,43.760,260,4096,270,1024,8192,8192,1.038
64,131072,2048,35.760,12.000,47.760,379,2048,381,1024,2048,2048,1.005
64,131072,8192,35.760,12.000,47.760,392,6144,405,1024,8192,8192,1.033
64,131072,2048,35.760,16.000,51.760,505,2048,508,1024,2048,2048,1.006
64,131072,8192,35.760,16.000,51.760,523,8192,539,1024,8192,8192,1.031
64,131072,2048,35.760,24.000,59.760,758,2048,762,1024,2048,2048,1.005
64,131072,8192,35.760,24.000,59.760,785,8192,809,1024,8192,8192,1.031
64,131072,2048,35.760,32.000,67.760,1010,2048,1016,1024,2048,2048,1.006
64,131072,8192,35.760,32.000,67.760,1046,8192,1074,1536,8192,8192,1.027
64,131072,2048,35.760,48.000,83.760,1515,2048,1518,1536,2048,2048,1.002
64,131072,8192,35.760,48.000,83.760,1569,8192,1608,2048,8192,8192,1.025
64,262144,2048,59.330,0.500,59.830,6,128,10,128,2048,2048,1.667
64,262144,8192,59.330,0.500,59.830,6,128,10,128,4096,3072,1.667
64,262144,2048,59.330,1.000,60.330,16,256,20,256,2048,2048,1.250
64,262144,8192,59.330,1.000,60.330,16,256,21,256,8192,6144,1.312
64,262144,2048,59.330,1.500,60.830,24,384,31,256,2048,2048,1.292
64,262144,8192,59.330,1.500,60.830,24,384,32,256,8192,8192,1.333
64,262144,2048,59.330,2.000,61.330,33,512,41,256,2048,2048,1.242
64,262144,8192,59.330,2.000,61.330,33,512,42,256,8192,8192,1.273
64,262144,2048,59.330,3.000,62.330,53,768,61,256,2048,2048,1.151
64,262144,8192,59.330,3.000,62.330,53,768,64,256,8192,8192,1.208
64,262144,2048,59.330,4.000,63.330,74,1024,82,256,2048,2048,1.108
64,262144,8192,59.330,4.000,63.330,74,1024,85,256,8192,8192,1.149
64,262144,2048,59.330,6.000,65.330,116,1536,123,256,2048,2048,1.060
64,262144,8192,59.330,6.000,65.330,116,1536,127,256,8192,8192,1.095
64,262144,2048,59.330,8.000,67.330,158,2048,164,256,2048,2048,1.038
64,262144,8192,59.330,8.000,67.330,158,2048,170,256,8192,8192,1.076
64,262144,2048,59.330,12.000,71.330,238,2048,245,256,2048,2048,1.029
64,262144,8192,59.330,12.000,71.330,241,3072,255,256,8192,8192,1.058
64,262144,2048,59.330,16.000,75.330,317,2048,317,2048,2048,2048,1.000
64,262144,8192,59.330,16.000,75.330,323,4096,329,2048,8192,8192,1.019
64,262144,2048,59.330,24.000,83.330,475,2048,475,2048,2048,2048,1.000
64,262144,8192,59.330,24.000,83.330,485,4096,493,2048,8192,8192,1.016
64,262144,2048,59.330,32.000,91.330,634,2048,634,2048,2048,2048,1.000
64,262144,8192,59.330,32.000,91.330,647,4096,657,2048,8192,8192,1.015
64,262144,2048,59.330,48.000,107.330,950,2048,950,2048,2048,2048,1.000
64,262144,8192,59.330,48.000,107.330,970,4096,986,2048,8192,8192,1.016
