op,layers,c,t,p50_ms,p99_ms,min_ms,max_ms,n,us_per_token_p50,eager_p50_ms,host_ms,k_per_graph,flush_ms,timing,experts_touched,peak_alloc_mib,peak_reserved_mib,sm_clock_mean_mhz,sm_clock_min_mhz,power_max_w,gpu_util_pre,foreign_mem_mib
fa_decode,48,1,4096,0.01350,0.01416,0.01333,0.01416,30,13.5008,0.06925,0.05618,20,0.07980,graph,,4.2,22.0,1980,1980,155,0,0
fa_decode,48,8,4096,0.02279,0.02339,0.02251,0.02339,30,2.8486,0.08211,0.05647,18,0.08025,graph,,289.8,310.0,1980,1980,160,0,70
fa_decode,48,16,4096,0.03257,0.03273,0.03242,0.03273,30,2.0354,0.07402,0.05279,17,0.08024,graph,,323.7,342.0,1980,1980,174,0,70
fa_decode,48,32,4096,0.04981,0.05013,0.04935,0.05013,30,1.5567,0.12022,0.05342,14,0.08034,graph,,391.3,406.0,1980,1980,157,0,70
fa_decode,48,64,4096,0.08003,0.08039,0.07966,0.08039,30,1.2505,0.18893,0.05235,12,0.08044,graph,,526.7,528.0,1980,1980,178,0,70
fa_decode,48,1,16384,0.01932,0.02025,0.01916,0.02025,30,19.3164,0.17264,0.13952,18,0.08022,graph,,272.5,278.0,1980,1980,178,0,70
fa_decode,48,8,16384,0.04983,0.05005,0.04965,0.05005,30,6.2293,0.08938,0.05288,14,0.08040,graph,,387.7,406.0,1980,1980,163,0,70
fa_decode,48,16,16384,0.08034,0.08072,0.08003,0.08072,30,5.0215,0.12038,0.05307,12,0.08041,graph,,519.4,534.0,1980,1980,151,0,70
fa_decode,48,32,16384,0.14203,0.14263,0.14079,0.14263,30,4.4384,0.17968,0.05713,8,0.08073,graph,,782.7,786.0,1980,1980,182,0,70
fa_decode,48,64,16384,0.26028,0.26236,0.25840,0.26236,30,4.0669,0.29939,0.05519,5,0.08105,graph,,1309.5,1312.0,1980,1980,177,0,70
fa_decode,48,1,32768,0.02552,0.02574,0.02532,0.02574,30,25.5182,0.06842,0.05398,18,0.08020,graph,,288.5,290.0,1980,1980,182,0,70
fa_decode,48,8,32768,0.08027,0.08065,0.07988,0.08065,30,10.0335,0.15958,0.05470,12,0.08044,graph,,515.7,534.0,1980,1980,172,0,70
fa_decode,48,16,32768,0.14171,0.14226,0.14061,0.14226,30,8.8571,0.25677,0.11085,8,0.08076,graph,,775.4,790.0,1980,1980,157,0,70
fa_decode,48,32,32768,0.26067,0.26184,0.25972,0.26184,30,8.1458,0.30054,0.05299,5,0.08121,graph,,1294.9,1298.0,1980,1980,151,0,70
fa_decode,48,64,32768,0.49841,0.50220,0.49379,0.50220,30,7.7876,0.54477,0.05621,3,0.08178,graph,,2333.7,2336.0,1977,1965,202,0,70
