Time (%),Total Time (ns),Instances,Avg (ns),Med (ns),Min (ns),Max (ns),StdDev (ns),Style,Range
50.5,106418099205,4758,22366141.1,26976212.5,1487542,90616638,7103057.1,PushPop,:ModelRunner::run
45.7,96289184344,4758,20237323.3,25394444.5,0,32223702,6669170.7,PushPop,:ModelRunner::run_model
2.0,4280900979,4758,899727.0,965693.5,237834,5437122,443024.1,PushPop,:ModelRunner::prepare
1.6,3456110123,4758,726378.8,76774.0,472,38307102,2224767.4,PushPop,:ModelRunner::sample
0.1,161435718,4758,33929.3,39048.5,22506,782127,13675.8,PushPop,NCCL:ncclGroupEnd
0.0,32178601,4758,6763.1,6962.0,2387,24193,2392.9,PushPop,:ModelRunner::store_intermediate
0.0,11307064,2379,4752.9,5281.0,3310,18284,1151.2,PushPop,NCCL:ncclRecv
0.0,9985523,2379,4197.4,3785.0,3072,15887,1108.5,PushPop,NCCL:ncclSend
0.0,7798666,4758,1639.1,1486.0,716,52163,1929.7,PushPop,NCCL:ncclCommCount
0.0,2674545,4758,562.1,356.0,169,49856,1473.7,PushPop,NCCL:ncclGroupStart
0.0,1714489,4758,360.3,333.0,128,16460,314.0,PushPop,NCCL:ncclCommUserRank
