Time (%),Total Time (ns),Instances,Avg (ns),Med (ns),Min (ns),Max (ns),StdDev (ns),Name
26.0,20755031451,394416,52622.2,35009.0,13024,372007,73984.0,fused_moe_kernel
16.6,13242809270,369769,35813.7,4256.0,3808,2882136,71354.0,"void vllm::cross_device_reduce_1stage<__nv_bfloat16, (int)2>(vllm::RankData *, vllm::RankSignals, vllm::Signal *, T1 *, int, int)"
10.1,8103363893,197210,41090.0,40385.0,26624,75553,6072.5,"void cutlass::device_kernel<flash::enable_sm90_or_later<flash::FlashAttnFwdSm90<flash::CollectiveMainloopFwdSm90<(int)2, cute::tuple<cute::C<(int)1>, cute::C<(int)1>, cute::C<(int)1>>, cute::tuple<cute::C<(int)64>, cute::C<(int)128>, cute::C<(int)128>>, (int)128, cutlass::bfloat16_t, float, cutlass::arch::Sm90, (bool)1, (bool)0, (bool)0, (bool)1, (bool)1, (bool)0, (bool)0, (bool)1, (bool)1, (bool)1, (bool)1, (bool)0, cutlass::bfloat16_t, (int)8>, flash::CollectiveEpilogueFwd<cute::tuple<cute::C<(int)64>, cute::C<(int)128>, cute::C<(int)128>>, cute::tuple<cute::C<(int)1>, cute::C<(int)1>, cute::C<(int)1>>, cutlass::bfloat16_t, cutlass::arch::Sm90, (int)128, (bool)1, (bool)1, (bool)1, (bool)0, (int)8>, flash::VarlenDynamicPersistentTileScheduler<(int)64, (int)128, (int)128, (bool)1, (bool)1, (bool)1>>>>(T1::Params)"
9.8,7852293205,12324,637154.6,501449.5,179460,2546514,381333.7,"void cutlass::device_kernel<flash::enable_sm90_or_later<flash::FlashAttnFwdSm90<flash::CollectiveMainloopFwdSm90<(int)2, cute::tuple<cute::C<(int)1>, cute::C<(int)1>, cute::C<(int)1>>, cute::tuple<cute::C<(int)128>, cute::C<(int)128>, cute::C<(int)128>>, (int)128, cutlass::bfloat16_t, float, cutlass::arch::Sm90, (bool)1, (bool)0, (bool)0, (bool)1, (bool)1, (bool)0, (bool)0, (bool)1, (bool)1, (bool)1, (bool)1, (bool)0, cutlass::bfloat16_t, (int)8>, flash::CollectiveEpilogueFwd<cute::tuple<cute::C<(int)128>, cute::C<(int)128>, cute::C<(int)128>>, cute::tuple<cute::C<(int)1>, cute::C<(int)1>, cute::C<(int)1>>, cutlass::bfloat16_t, cutlass::arch::Sm90, (int)256, (bool)1, (bool)1, (bool)1, (bool)0, (int)8>, flash::VarlenDynamicPersistentTileScheduler<(int)128, (int)256, (int)128, (bool)1, (bool)1, (bool)1>>>>(T1::Params)"
8.6,6892091864,28758,239658.2,136835.0,130466,217342777,1321878.1,ncclDevKernel_AllReduce_Sum_bf16_RING_LL(ncclDevKernelArgsStorage<(unsigned long)4096>)
4.2,3359512914,394416,8517.7,3008.0,2464,93730,21297.0,"void sarathi::add_rms_norm_kernel<c10::BFloat16>(T1 *, long, T1 *, long, const T1 *, long, const T1 *, float, int, int)"
2.7,2178800900,197208,11048.2,4959.0,4417,107906,23536.9,"void at::native::reduce_kernel<(int)128, (int)4, at::native::ReduceOp<c10::BFloat16, at::native::func_wrapper_t<c10::BFloat16, at::native::sum_functor<c10::BFloat16, float, c10::BFloat16>::operator ()(at::TensorIterator &)::[lambda(float, float) (instance 1)]>, unsigned int, c10::BFloat16, (int)4, (int)4>>(T3)"
2.6,2106393484,342411,6151.7,6112.0,5568,10720,303.4,nvjet_tst_64x8_64x16_4x2_v_bz_TNT
2.6,2095871339,394420,5313.8,1952.0,1600,100802,16997.9,"void sarathi::rms_norm_kernel_3d<c10::BFloat16>(T1 *, long, long, const T1 *, long, long, const T1 *, float, int, int, int)"
1.8,1452169283,197208,7363.6,1472.0,1343,97729,22761.5,"void sarathi::silu_and_mul_kernel<c10::BFloat16>(T1 *, const T1 *, int)"
1.7,1387096686,12324,112552.5,112514.0,110338,117218,772.7,nvjet_tst_256x160_64x4_1x2_h_bz_coopA_TNT
1.3,1032093371,209533,4925.7,3808.0,3136,32512,4646.1,"void cutlass::device_kernel<flash::FlashAttnFwdCombine<cute::tuple<cute::C<(int)8>, cute::C<(int)128>>, (int)5, (int)256, (int)1, (bool)0, (bool)1, cutlass::bfloat16_t, float, cutlass::arch::Sm90>>(T1::Params)"
1.3,1019258410,197210,5168.4,2561.0,2240,46944,10012.2,"void sarathi::rotary_embedding_kernel<c10::BFloat16, (bool)1>(const long *, T1 *, T1 *, const T1 *, int, int, int, int, int, int)"
1.3,1015759094,10992,92408.9,92386.0,90338,96770,665.6,nvjet_tst_128x256_64x4_2x1_v_bz_coopA_TNN
1.1,880305511,171204,5141.9,5121.0,4736,6368,125.5,nvjet_tst_64x8_64x16_2x2_v_bz_TNT
1.1,852827232,197208,4324.5,3104.0,3008,24129,4777.4,"void moe_align_block_size_kernel<int>(const T1 *, int *, int *, int *, int, int, int, int, unsigned long, int *, int)"
0.9,750180373,197208,3804.0,3232.0,3136,13344,2195.5,"void sarathi::moe::topkGatingSoftmax<(int)4, (int)128, (int)4, (int)16>(const float *, const bool *, float *, int, int *, int *, int, int, int)"
0.8,663948063,197210,3366.7,2336.0,1632,19905,4030.8,"void sarathi::store_kvcache_kernel<c10::BFloat16, int>(const T1 *, long, long, long, const T1 *, long, long, long, T1 *, long, long, long, long, T1 *, long, long, long, long, const T2 *, long, long, long, long, long)"
0.6,497432899,199262,2496.4,2368.0,2176,8417,591.2,"void at::native::unrolled_elementwise_kernel<at::native::direct_copy_kernel_cuda(at::TensorIteratorBase &)::[lambda() (instance 3)]::operator ()() const::[lambda() (instance 7)]::operator ()() const::[lambda(float) (instance 1)], std::array<char *, (unsigned long)2>, (int)4, TrivialOffsetCalculator<(int)1, unsigned int>, TrivialOffsetCalculator<(int)1, unsigned int>, at::native::memory::LoadWithCast<(int)1>, at::native::memory::StoreWithCast<(int)1>>(int, T1, T2, T4, T5, T6, T7)"
0.6,494142373,209534,2358.3,2304.0,1824,3968,261.8,"flash::prepare_varlen_num_blocks_kernel(int, int, int, const int *, const int *, const int *, const int *, const int *, const int *, int, int, int, int, int, cutlass::FastDivmod, cutlass::FastDivmod, int *, int *, bool)"
0.6,466475126,197208,2365.4,1185.0,1088,27104,4475.6,"void count_and_sort_expert_tokens_kernel<int>(const T1 *, int *, int *, unsigned long, int)"
0.5,393191271,197208,1993.8,1920.0,1728,3744,236.8,"void at::native::reduce_kernel<(int)512, (int)1, at::native::ReduceOp<float, at::native::func_wrapper_t<float, at::native::sum_functor<float, float, float>::operator ()(at::TensorIterator &)::[lambda(float, float) (instance 1)]>, unsigned int, float, (int)4, (int)4>>(T3)"
0.5,368807262,4108,89777.8,15328.0,10593,4235254,176807.0,ncclDevKernel_SendRecv(ncclDevKernelArgsStorage<(unsigned long)4096>)
0.4,303194095,4110,73769.9,73761.0,72513,75585,463.8,"void at::native::elementwise_kernel<(int)128, (int)4, void at::native::gpu_kernel_impl<at::native::BinaryFunctor<c10::BFloat16, c10::BFloat16, c10::BFloat16, at::native::binary_internal::MulFunctor<float>>>(at::TensorIteratorBase &, const T1 &)::[lambda(int) (instance 1)]>(int, T3)"
0.4,294683846,15850,18592.0,20544.0,3584,23745,5365.4,"void at::native::<unnamed>::CatArrayBatchedCopy_alignedK_contig<at::native::<unnamed>::OpaqueType<(unsigned int)2>, unsigned int, (int)2, (int)128, (int)1, (int)8>(T1 *, at::native::<unnamed>::CatArrInputTensorMetadata<T1, T2, T4, T5>, at::native::<unnamed>::TensorSizeStride<T2, (unsigned int)4>, int, T2)"
0.3,243438235,197208,1234.4,1153.0,1056,2848,218.3,"void at::native::elementwise_kernel<(int)128, (int)2, void at::native::gpu_kernel_impl_nocast<at::native::BinaryFunctor<float, float, float, at::native::binary_internal::DivFunctor<float>>>(at::TensorIteratorBase &, const T1 &)::[lambda(int) (instance 1)]>(int, T3)"
0.3,223967790,2916,76806.5,76290.0,74625,84482,1924.8,nvjet_tst_192x16_64x8_2x1_v_bz_TNT
0.2,193539576,205426,942.1,960.0,736,1984,87.3,"void at::native::vectorized_elementwise_kernel<(int)4, at::native::FillFunctor<int>, std::array<char *, (unsigned long)1>>(int, T2, T3)"
0.2,182014477,27360,6652.6,6657.0,5696,9441,418.2,nvjet_tst_64x8_64x16_4x1_v_bz_TNT
0.2,156809676,12324,12723.9,12640.0,12192,14432,351.9,nvjet_tst_64x128_64x8_2x1_v_bz_TNN
0.2,120059838,1332,90135.0,90082.0,88450,93634,609.6,nvjet_tst_256x128_64x4_1x2_h_bz_coopA_TNT
0.1,91518073,1192,76776.9,76450.0,74882,84129,1636.4,nvjet_tst_192x24_64x7_2x1_v_bz_TNT
0.1,72725281,13590,5351.4,5344.0,4992,6592,116.4,nvjet_tst_64x8_64x16_2x4_v_bz_TNT
0.1,49808617,8218,6060.9,9024.0,1248,13633,4608.5,"void at::native::vectorized_gather_kernel<(int)16, long>(char *, char *, T2 *, int, long, long, long, long, bool)"
0.0,29763112,4110,7241.6,2656.0,2432,77378,17789.6,"void sarathi::rms_norm_kernel<c10::BFloat16>(T1 *, long, const T1 *, long, const T1 *, float, int, int)"
0.0,21701830,2054,10565.6,10785.0,9056,11904,649.2,"void at::native::reduce_kernel<(int)512, (int)1, at::native::ReduceOp<float, at::native::ArgMaxOps<float>, unsigned int, long, (int)4, (int)4>>(T3)"
0.0,13386729,9908,1351.1,1313.0,1024,2400,172.1,"void at::native::<unnamed>::CatArrayBatchedCopy_alignedK_contig<at::native::<unnamed>::OpaqueType<(unsigned int)8>, unsigned int, (int)1, (int)128, (int)1, (int)16>(T1 *, at::native::<unnamed>::CatArrInputTensorMetadata<T1, T2, T4, T5>, at::native::<unnamed>::TensorSizeStride<T2, (unsigned int)4>, int, T2)"
0.0,13061312,12324,1059.8,1056.0,864,2048,110.6,"void at::native::unrolled_elementwise_kernel<at::native::CUDAFunctor_add<int>, std::array<char *, (unsigned long)3>, (int)4, TrivialOffsetCalculator<(int)2, unsigned int>, TrivialOffsetCalculator<(int)1, unsigned int>, at::native::memory::LoadWithoutCast, at::native::memory::StoreWithoutCast>(int, T1, T2, T4, T5, T6, T7)"
0.0,12762090,4110,3105.1,3168.0,2752,3712,169.4,"void at::native::unrolled_elementwise_kernel<at::native::BinaryFunctor<long, long, long, at::native::binary_internal::MulFunctor<long>>, std::array<char *, (unsigned long)3>, (int)4, TrivialOffsetCalculator<(int)2, unsigned int>, TrivialOffsetCalculator<(int)1, unsigned int>, at::native::memory::LoadWithCast<(int)2>, at::native::memory::StoreWithCast<(int)1>>(int, T1, T2, T4, T5, T6, T7)"
0.0,9318920,8220,1133.7,1120.0,928,1920,172.9,"void at::native::vectorized_elementwise_kernel<(int)4, void at::native::compare_scalar_kernel<long>(at::TensorIteratorBase &, at::native::<unnamed>::OpType, T1)::[lambda(long) (instance 1)], std::array<char *, (unsigned long)2>>(int, T2, T3)"
0.0,7575466,3888,1948.4,1920.0,1633,3008,132.3,"void at::native::<unnamed>::CatArrayBatchedCopy_contig<at::native::<unnamed>::OpaqueType<(unsigned int)8>, unsigned int, (int)1, (int)128, (int)1>(T1 *, at::native::<unnamed>::CatArrInputTensorMetadata<T1, T2, T4, T5>, at::native::<unnamed>::TensorSizeStride<T2, (unsigned int)4>, int, T2)"
0.0,5765972,4108,1403.6,1408.0,1088,2433,132.3,"void at::native::unrolled_elementwise_kernel<at::native::direct_copy_kernel_cuda(at::TensorIteratorBase &)::[lambda() (instance 3)]::operator ()() const::[lambda() (instance 4)]::operator ()() const::[lambda(long) (instance 1)], std::array<char *, (unsigned long)2>, (int)4, TrivialOffsetCalculator<(int)1, unsigned int>, TrivialOffsetCalculator<(int)1, unsigned int>, at::native::memory::LoadWithCast<(int)1>, at::native::memory::StoreWithCast<(int)1>>(int, T1, T2, T4, T5, T6, T7)"
0.0,5173202,4110,1258.7,1248.0,1056,1696,99.9,"void at::native::vectorized_elementwise_kernel<(int)4, at::native::BinaryFunctor<bool, bool, bool, at::native::BitwiseAndFunctor<bool>>, std::array<char *, (unsigned long)3>>(int, T2, T3)"
0.0,4607524,2054,2243.2,2240.0,2016,3008,100.2,"void at::native::reduce_kernel<(int)512, (int)1, at::native::ReduceOp<bool, at::native::func_wrapper_t<bool, at::native::and_kernel_cuda(at::TensorIterator &)::[lambda() (instance 1)]::operator ()() const::[lambda() (instance 12)]::operator ()() const::[lambda(bool, bool) (instance 1)]>, unsigned int, bool, (int)4, (int)4>>(T3)"
0.0,4496886,4110,1094.1,1056.0,992,1472,64.6,"void at::native::vectorized_elementwise_kernel<(int)2, at::native::CUDAFunctorOnSelf_add<long>, std::array<char *, (unsigned long)2>>(int, T2, T3)"
0.0,4398953,4108,1070.8,1056.0,832,1857,107.6,"void at::native::unrolled_elementwise_kernel<at::native::CUDAFunctorOnSelf_add<int>, std::array<char *, (unsigned long)2>, (int)4, TrivialOffsetCalculator<(int)1, unsigned int>, TrivialOffsetCalculator<(int)1, unsigned int>, at::native::memory::LoadWithoutCast, at::native::memory::StoreWithoutCast>(int, T1, T2, T4, T5, T6, T7)"
0.0,2969252,4108,722.8,704.0,608,1856,77.2,"void <unnamed>::elementwise_kernel_with_index<int, at::native::arange_cuda_out(const c10::Scalar &, const c10::Scalar &, const c10::Scalar &, at::Tensor &)::[lambda() (instance 1)]::operator ()() const::[lambda() (instance 4)]::operator ()() const::[lambda(long) (instance 1)]>(T1, T2, function_traits<T2>::result_type *)"
0.0,2504011,2054,1219.1,1216.0,1024,1888,105.3,"void at::native::vectorized_elementwise_kernel<(int)4, at::native::AUnaryFunctor<float, float, bool, at::native::<unnamed>::CompareEqFunctor<float>>, std::array<char *, (unsigned long)2>>(int, T2, T3)"
0.0,473415,90,5260.2,5280.0,4992,5536,75.6,nvjet_tst_8x64_64x16_4x1_v_bz_TNN
