B,bd,t,delta,P,R_lay_formula,n_lay_formula,R_hy_formula,R_lay_sim,n_lay_sim,R_hy_sim,n_hy_sim,ratio_formula,ratio_sim
25,8,65536,2048,16.430,699,2048,699,688,2048,688,2048/2048,1.000,1.000
25,8,65536,8192,16.430,767,8192,798,710,3072,786,2048/8192,1.040,1.108
25,8,131072,2048,14.930,452,2048,455,401,2048,450,512/2048,1.007,1.120
25,8,131072,8192,14.930,484,8192,499,406,3072,492,1024/6144,1.031,1.212
25,8,262144,2048,12.070,233,2048,241,187,768,236,256/2048,1.034,1.257
25,8,262144,8192,12.070,238,3072,256,187,768,243,256/6144,1.076,1.295
25,32,65536,2048,8.980,399,2048,399,371,1536,397,512/2048,1.000,1.071
25,32,65536,8192,8.980,422,8192,439,371,1536,424,1536/6144,1.040,1.143
25,32,131072,2048,3.350,105,2048,106,84,1024,104,256/2048,1.010,1.236
25,32,131072,8192,3.350,105,2048,113,84,1024,111,256/8192,1.076,1.309
25,64,65536,2048,0.940,39,1024,42,23,512,39,256/1536,1.077,1.739
25,64,65536,8192,0.940,39,1024,46,23,512,40,1024/6144,1.179,1.773
50,8,65536,2048,41.430,1763,2048,1763,1634,2048,1634,2048/2048,1.000,1.000
50,8,65536,8192,41.430,1934,8192,2011,1847,4096,2003,2048/8192,1.040,1.084
50,8,131072,2048,39.930,1210,2048,1213,1188,2048,1188,2048/2048,1.002,1.000
50,8,131072,8192,39.930,1295,8192,1330,1207,3072,1298,1536/8192,1.027,1.075
50,8,262144,2048,37.070,715,2048,715,672,2048,676,2048/1536,1.000,1.006
50,8,262144,8192,37.070,740,4096,758,676,8192,713,1536/8192,1.024,1.055
50,32,65536,2048,33.980,1509,2048,1509,1448,2048,1484,1536/2048,1.000,1.025
50,32,65536,8192,33.980,1596,8192,1660,1548,6144,1642,2048/8192,1.040,1.061
50,32,131072,2048,28.350,885,2048,891,844,2048,876,1536/2048,1.007,1.038
50,32,131072,8192,28.350,923,8192,952,844,2048,934,1024/8192,1.031,1.107
50,32,262144,2048,16.640,327,2048,327,280,2048,302,768/2048,1.000,1.081
50,32,262144,8192,16.640,335,4096,341,301,4096,328,2048/8192,1.018,1.088
50,64,65536,2048,25.940,1170,2048,1170,1149,2048,1149,2048/2048,1.000,1.000
50,64,65536,8192,25.940,1226,8192,1274,1183,3072,1262,2048/8192,1.039,1.067
50,64,131072,2048,14.240,450,2048,452,422,1024,441,512/2048,1.004,1.046
50,64,131072,8192,14.240,466,8192,480,422,1024,483,1024/8192,1.030,1.146
100,8,65536,2048,91.430,2048,2048,2048,2048,2048,2048,2048/2048,1.000,1.000
100,8,65536,8192,91.430,4268,8192,4302,4207,8192,4207,8192/8192,1.008,1.000
100,8,131072,2048,89.930,2048,2048,2048,2048,2048,2048,2048/2048,1.000,1.000
100,8,131072,8192,89.930,2916,8192,2976,2814,3072,2921,3072/6144,1.021,1.038
100,8,262144,2048,87.070,1680,2048,1680,1614,2048,1614,2048/2048,1.000,1.000
100,8,262144,8192,87.070,1738,4096,1780,1688,4096,1711,3072/6144,1.024,1.014
100,32,65536,2048,83.980,2048,2048,2048,2048,2048,2048,2048/2048,1.000,1.000
100,32,65536,8192,83.980,3945,8192,4040,3830,8192,3981,4096/8192,1.024,1.040
100,32,131072,2048,78.350,2048,2048,2048,2048,2048,2048,2048/2048,1.000,1.000
100,32,131072,8192,78.350,2551,8192,2604,2488,6144,2556,6144/8192,1.021,1.027
100,32,262144,2048,66.640,1311,2048,1311,1253,1536,1253,1536/1536,1.000,1.000
100,32,262144,8192,66.640,1342,4096,1365,1276,4096,1352,2048/8192,1.017,1.059
100,64,65536,2048,75.940,2048,2048,2048,2048,2048,2048,2048/2048,1.000,1.000
100,64,65536,8192,75.940,3588,8192,3675,3533,6144,3633,4096/8192,1.024,1.028
100,64,131072,2048,64.240,2028,2048,2028,1987,2048,1987,2048/2048,1.000,1.000
100,64,131072,8192,64.240,2100,8192,2144,2040,3072,2049,2048/6144,1.021,1.005
100,64,262144,2048,40.670,805,2048,805,762,1536,768,768/2048,1.000,1.008
100,64,262144,8192,40.670,822,4096,835,762,1536,795,2048/8192,1.016,1.043
