h0_ms,B_ms,decode_batch,t,delta,P_ms,cpu_base_ms,uniform_R,uniform_c,uniform_lim,layered_R,layered_n,layered_lim,hy_R,hy_nA,hy_nG,hy_nM,hy_lim,lay_over_uni,hy_over_best,pipe_over_uni
10.000,25.000,8,65536,2048,16.510,21.180,0.000,0.000,,706.000,2048.000,gpu,706.000,2048.000,2048.000,2048.000,gpu,,1.000,
10.000,25.000,8,65536,4096,16.510,21.180,0.000,0.000,,751.000,4096.000,gpu,762.000,2048.000,4096.000,4096.000,gpu,,1.015,
10.000,25.000,8,65536,8192,16.510,21.180,0.000,0.000,,770.000,8192.000,gpu,801.000,2048.000,8192.000,8192.000,gpu,,1.040,
10.000,25.000,8,131072,2048,15.010,21.180,0.000,0.000,,456.000,2048.000,gpu,459.000,1024.000,2048.000,2048.000,gpu,,1.006,
10.000,25.000,8,131072,4096,15.010,21.180,0.000,0.000,,479.000,4096.000,gpu,485.000,1024.000,4096.000,4096.000,gpu,,1.013,
10.000,25.000,8,131072,8192,15.010,21.180,0.000,0.000,,486.000,8192.000,gpu,502.000,1024.000,8192.000,8192.000,gpu,,1.032,
10.000,25.000,8,262144,2048,12.150,21.180,0.000,0.000,,235.000,2048.000,gpu,243.000,256.000,2048.000,2048.000,gpu,,1.034,
10.000,25.000,8,262144,4096,12.150,21.180,0.000,0.000,,240.000,3072.000,gpu,252.000,256.000,4096.000,4096.000,gpu,,1.049,
10.000,25.000,8,262144,8192,12.150,21.180,0.000,0.000,,240.000,3072.000,gpu,256.000,256.000,6144.000,8192.000,chunk,,1.067,
10.000,25.000,32,65536,2048,9.320,21.180,0.000,0.000,,415.000,2048.000,gpu,415.000,512.000,2048.000,2048.000,gpu,,1.000,
10.000,25.000,32,65536,4096,9.320,21.180,0.000,0.000,,433.000,4096.000,gpu,439.000,512.000,4096.000,4096.000,gpu,,1.015,
10.000,25.000,32,65536,8192,9.320,21.180,0.000,0.000,,437.000,8192.000,gpu,454.000,512.000,8192.000,8192.000,gpu,,1.040,
10.000,25.000,32,131072,2048,3.680,21.180,0.000,0.000,,115.000,2048.000,gpu,117.000,256.000,2048.000,2048.000,gpu,,1.015,
10.000,25.000,32,131072,4096,3.680,21.180,0.000,0.000,,115.000,2048.000,gpu,122.000,256.000,4096.000,4096.000,gpu,,1.056,
10.000,25.000,32,131072,8192,3.680,21.180,0.000,0.000,,115.000,2048.000,gpu,125.000,256.000,8192.000,8192.000,gpu,,1.080,
10.000,25.000,32,262144,2048,-8.030,21.180,,,,,,,,,,,,,,
10.000,25.000,32,262144,4096,-8.030,21.180,,,,,,,,,,,,,,
10.000,25.000,32,262144,8192,-8.030,21.180,,,,,,,,,,,,,,
10.000,25.000,64,65536,2048,1.070,21.180,0.000,0.000,,46.000,1024.000,gpu,49.000,512.000,2048.000,2048.000,gpu,,1.065,
10.000,25.000,64,65536,4096,1.070,21.180,0.000,0.000,,46.000,1024.000,gpu,51.000,512.000,4096.000,4096.000,gpu,,1.113,
10.000,25.000,64,65536,8192,1.070,21.180,0.000,0.000,,46.000,1024.000,gpu,52.000,512.000,8192.000,6144.000,gpu,,1.140,
10.000,25.000,64,131072,2048,-10.630,21.180,,,,,,,,,,,,,,
10.000,25.000,64,131072,4096,-10.630,21.180,,,,,,,,,,,,,,
10.000,25.000,64,131072,8192,-10.630,21.180,,,,,,,,,,,,,,
10.000,25.000,64,262144,2048,-34.200,21.180,,,,,,,,,,,,,,
10.000,25.000,64,262144,4096,-34.200,21.180,,,,,,,,,,,,,,
10.000,25.000,64,262144,8192,-34.200,21.180,,,,,,,,,,,,,,
10.000,50.000,8,65536,2048,41.510,21.180,1728.000,1728.000,budget,1775.000,2048.000,gpu,1775.000,2048.000,2048.000,2048.000,gpu,1.027,1.000,1.027
10.000,50.000,8,65536,4096,41.510,21.180,1728.000,1728.000,budget,1888.000,4096.000,gpu,1916.000,2048.000,4096.000,4096.000,gpu,1.092,1.015,1.109
10.000,50.000,8,65536,8192,41.510,21.180,1728.000,1728.000,budget,1936.000,8192.000,gpu,2014.000,2048.000,8192.000,8192.000,gpu,1.121,1.040,1.165
10.000,50.000,8,131072,2048,40.010,21.180,1088.000,1088.000,budget,1217.000,2048.000,gpu,1219.000,1536.000,2048.000,2048.000,gpu,1.118,1.002,1.121
10.000,50.000,8,131072,4096,40.010,21.180,1088.000,1088.000,budget,1276.000,4096.000,gpu,1286.000,1536.000,4096.000,4096.000,gpu,1.173,1.008,1.182
10.000,50.000,8,131072,8192,40.010,21.180,1088.000,1088.000,budget,1296.000,8192.000,gpu,1332.000,1536.000,8192.000,8192.000,gpu,1.192,1.027,1.224
10.000,50.000,8,262144,2048,37.150,21.180,576.000,576.000,budget,718.000,2048.000,gpu,718.000,2048.000,2048.000,2048.000,gpu,1.247,1.000,1.247
10.000,50.000,8,262144,4096,37.150,21.180,576.000,576.000,budget,742.000,4096.000,gpu,743.000,2048.000,4096.000,4096.000,gpu,1.287,1.002,1.290
10.000,50.000,8,262144,8192,37.150,21.180,576.000,576.000,budget,742.000,4096.000,gpu,759.000,2048.000,8192.000,8192.000,gpu,1.287,1.024,1.318
10.000,50.000,32,65536,2048,34.320,21.180,1408.000,1408.000,budget,1530.000,2048.000,gpu,1530.000,2048.000,2048.000,2048.000,gpu,1.086,1.000,1.086
10.000,50.000,32,65536,4096,34.320,21.180,1408.000,1408.000,budget,1595.000,4096.000,gpu,1618.000,2048.000,4096.000,4096.000,gpu,1.133,1.015,1.149
10.000,50.000,32,65536,8192,34.320,21.180,1408.000,1408.000,budget,1608.000,8192.000,gpu,1672.000,2048.000,8192.000,8192.000,gpu,1.142,1.040,1.188
10.000,50.000,32,131072,2048,28.680,21.180,768.000,768.000,budget,898.000,2048.000,gpu,904.000,1024.000,2048.000,2048.000,gpu,1.170,1.006,1.177
10.000,50.000,32,131072,4096,28.680,21.180,768.000,768.000,budget,929.000,4096.000,gpu,940.000,1024.000,4096.000,4096.000,gpu,1.209,1.012,1.224
10.000,50.000,32,131072,8192,28.680,21.180,768.000,768.000,budget,933.000,8192.000,gpu,962.000,1024.000,8192.000,8192.000,gpu,1.214,1.031,1.252
10.000,50.000,32,262144,2048,16.970,21.180,256.000,256.000,budget,334.000,2048.000,gpu,334.000,2048.000,2048.000,2048.000,gpu,1.306,1.000,1.306
10.000,50.000,32,262144,4096,16.970,21.180,256.000,256.000,budget,342.000,4096.000,gpu,343.000,2048.000,4096.000,4096.000,gpu,1.336,1.002,1.338
10.000,50.000,32,262144,8192,16.970,21.180,256.000,256.000,budget,342.000,4096.000,gpu,347.000,2048.000,8192.000,8192.000,gpu,1.336,1.016,1.357
10.000,50.000,64,65536,2048,26.070,21.180,1088.000,1088.000,budget,1189.000,2048.000,gpu,1189.000,2048.000,2048.000,2048.000,gpu,1.093,1.000,1.093
10.000,50.000,64,65536,4096,26.070,21.180,1088.000,1088.000,budget,1224.000,4096.000,gpu,1242.000,2048.000,4096.000,4096.000,gpu,1.125,1.015,1.142
10.000,50.000,64,65536,8192,26.070,21.180,1088.000,1088.000,budget,1230.000,8192.000,gpu,1279.000,2048.000,8192.000,8192.000,gpu,1.131,1.040,1.175
10.000,50.000,64,131072,2048,14.370,21.180,320.000,320.000,budget,457.000,2048.000,gpu,460.000,1024.000,2048.000,2048.000,gpu,1.429,1.006,1.437
10.000,50.000,64,131072,4096,14.370,21.180,320.000,320.000,budget,469.000,4096.000,gpu,474.000,1024.000,4096.000,4096.000,gpu,1.465,1.012,1.482
10.000,50.000,64,131072,8192,14.370,21.180,320.000,320.000,budget,469.000,8192.000,gpu,484.000,1024.000,8192.000,8192.000,gpu,1.467,1.031,1.512
10.000,50.000,64,262144,2048,-9.200,21.180,,,,,,,,,,,,,,
10.000,50.000,64,262144,4096,-9.200,21.180,,,,,,,,,,,,,,
10.000,50.000,64,262144,8192,-9.200,21.180,,,,,,,,,,,,,,
10.000,100.000,8,65536,2048,91.510,21.180,2048.000,2048.000,budget,2048.000,2048.000,chunk,2048.000,2048.000,2048.000,2048.000,chunk,1.000,1.000,1.000
10.000,100.000,8,65536,4096,91.510,21.180,4096.000,4096.000,budget,4096.000,4096.000,chunk,4096.000,4096.000,4096.000,4096.000,chunk,1.000,1.000,1.000
10.000,100.000,8,65536,8192,91.510,21.180,4160.000,4160.000,budget,4269.000,8192.000,gpu,4303.000,6144.000,8192.000,8192.000,gpu,1.026,1.008,1.034
10.000,100.000,8,131072,2048,90.010,21.180,2048.000,2048.000,budget,2048.000,2048.000,chunk,2048.000,2048.000,2048.000,2048.000,chunk,1.000,1.000,1.000
10.000,100.000,8,131072,4096,90.010,21.180,2752.000,2752.000,budget,2871.000,4096.000,gpu,2877.000,3072.000,4096.000,4096.000,gpu,1.043,1.002,1.045
10.000,100.000,8,131072,8192,90.010,21.180,2752.000,2752.000,budget,2917.000,8192.000,gpu,2977.000,3072.000,8192.000,8192.000,gpu,1.060,1.021,1.082
10.000,100.000,8,262144,2048,87.150,21.180,1600.000,1600.000,budget,1685.000,2048.000,gpu,1685.000,2048.000,2048.000,2048.000,gpu,1.053,1.000,1.053
10.000,100.000,8,262144,4096,87.150,21.180,1600.000,1600.000,budget,1740.000,4096.000,gpu,1743.000,2048.000,4096.000,4096.000,gpu,1.087,1.002,1.089
10.000,100.000,8,262144,8192,87.150,21.180,1600.000,1600.000,budget,1740.000,4096.000,gpu,1781.000,2048.000,8192.000,8192.000,gpu,1.087,1.024,1.113
10.000,100.000,32,65536,2048,84.320,21.180,2048.000,2048.000,budget,2048.000,2048.000,chunk,2048.000,2048.000,2048.000,2048.000,chunk,1.000,1.000,1.000
10.000,100.000,32,65536,4096,84.320,21.180,3904.000,3904.000,budget,3919.000,4096.000,gpu,3919.000,4096.000,4096.000,4096.000,gpu,1.004,1.000,1.004
10.000,100.000,32,65536,8192,84.320,21.180,3904.000,3904.000,budget,3952.000,8192.000,gpu,4047.000,4096.000,8192.000,8192.000,gpu,1.012,1.024,1.037
10.000,100.000,32,131072,2048,78.680,21.180,2048.000,2048.000,budget,2048.000,2048.000,chunk,2048.000,2048.000,2048.000,2048.000,chunk,1.000,1.000,1.000
10.000,100.000,32,131072,4096,78.680,21.180,2432.000,2432.000,budget,2548.000,4096.000,gpu,2553.000,3072.000,4096.000,4096.000,gpu,1.048,1.002,1.050
10.000,100.000,32,131072,8192,78.680,21.180,2432.000,2432.000,budget,2558.000,8192.000,gpu,2611.000,3072.000,8192.000,8192.000,gpu,1.052,1.021,1.073
10.000,100.000,32,262144,2048,66.970,21.180,1216.000,1216.000,budget,1319.000,2048.000,gpu,1319.000,2048.000,2048.000,2048.000,gpu,1.085,1.000,1.085
10.000,100.000,32,262144,4096,66.970,21.180,1216.000,1216.000,budget,1349.000,4096.000,gpu,1352.000,2048.000,4096.000,4096.000,gpu,1.110,1.002,1.112
10.000,100.000,32,262144,8192,66.970,21.180,1216.000,1216.000,budget,1349.000,4096.000,gpu,1371.000,2048.000,8192.000,8192.000,gpu,1.110,1.016,1.127
10.000,100.000,64,65536,2048,76.070,21.180,2048.000,2048.000,budget,2048.000,2048.000,chunk,2048.000,2048.000,2048.000,2048.000,chunk,1.000,1.000,1.000
10.000,100.000,64,65536,4096,76.070,21.180,3520.000,3520.000,budget,3572.000,4096.000,gpu,3572.000,4096.000,4096.000,4096.000,gpu,1.015,1.000,1.015
10.000,100.000,64,65536,8192,76.070,21.180,3520.000,3520.000,budget,3590.000,8192.000,gpu,3676.000,4096.000,8192.000,8192.000,gpu,1.020,1.024,1.044
10.000,100.000,64,131072,2048,64.370,21.180,2048.000,2048.000,budget,2048.000,2048.000,chunk,2048.000,2048.000,2048.000,2048.000,chunk,1.000,1.000,1.000
10.000,100.000,64,131072,4096,64.370,21.180,2048.000,2048.000,budget,2100.000,4096.000,gpu,2104.000,3072.000,4096.000,4096.000,gpu,1.025,1.002,1.027
10.000,100.000,64,131072,8192,64.370,21.180,2048.000,2048.000,budget,2103.000,8192.000,gpu,2146.000,3072.000,8192.000,8192.000,gpu,1.027,1.021,1.048
10.000,100.000,64,262144,2048,40.800,21.180,704.000,704.000,budget,812.000,2048.000,gpu,812.000,2048.000,2048.000,2048.000,gpu,1.153,1.000,1.153
10.000,100.000,64,262144,4096,40.800,21.180,704.000,704.000,budget,826.000,4096.000,gpu,827.000,2048.000,4096.000,4096.000,gpu,1.173,1.002,1.175
10.000,100.000,64,262144,8192,40.800,21.180,704.000,704.000,budget,826.000,4096.000,gpu,838.000,2048.000,8192.000,8192.000,gpu,1.173,1.014,1.190
0.000,25.000,8,65536,2048,16.510,11.180,512.000,512.000,budget,706.000,2048.000,gpu,706.000,2048.000,2048.000,2048.000,gpu,1.379,1.000,1.379
0.000,25.000,8,65536,4096,16.510,11.180,512.000,512.000,budget,751.000,4096.000,gpu,762.000,2048.000,4096.000,4096.000,gpu,1.466,1.015,1.488
0.000,25.000,8,65536,8192,16.510,11.180,512.000,512.000,budget,770.000,8192.000,gpu,801.000,2048.000,8192.000,8192.000,gpu,1.504,1.040,1.564
0.000,25.000,8,131072,2048,15.010,11.180,320.000,320.000,budget,456.000,2048.000,gpu,459.000,1024.000,2048.000,2048.000,gpu,1.426,1.006,1.435
0.000,25.000,8,131072,4096,15.010,11.180,320.000,320.000,budget,479.000,4096.000,gpu,485.000,1024.000,4096.000,4096.000,gpu,1.496,1.013,1.515
0.000,25.000,8,131072,8192,15.010,11.180,320.000,320.000,budget,486.000,8192.000,gpu,502.000,1024.000,8192.000,8192.000,gpu,1.520,1.032,1.568
0.000,25.000,8,262144,2048,12.150,11.180,128.000,128.000,budget,235.000,2048.000,gpu,243.000,256.000,2048.000,2048.000,gpu,1.835,1.034,1.898
0.000,25.000,8,262144,4096,12.150,11.180,128.000,128.000,budget,240.000,3072.000,gpu,252.000,256.000,4096.000,4096.000,gpu,1.874,1.049,1.966
0.000,25.000,8,262144,8192,12.150,11.180,128.000,128.000,budget,240.000,3072.000,gpu,256.000,256.000,6144.000,8192.000,chunk,1.874,1.067,2.000
0.000,25.000,32,65536,2048,9.320,11.180,192.000,192.000,budget,415.000,2048.000,gpu,415.000,512.000,2048.000,2048.000,gpu,2.163,1.000,2.163
0.000,25.000,32,65536,4096,9.320,11.180,192.000,192.000,budget,433.000,4096.000,gpu,439.000,512.000,4096.000,4096.000,gpu,2.255,1.015,2.289
0.000,25.000,32,65536,8192,9.320,11.180,192.000,192.000,budget,437.000,8192.000,gpu,454.000,512.000,8192.000,8192.000,gpu,2.274,1.040,2.365
0.000,25.000,32,131072,2048,3.680,11.180,0.000,0.000,,115.000,2048.000,gpu,117.000,256.000,2048.000,2048.000,gpu,,1.015,
0.000,25.000,32,131072,4096,3.680,11.180,0.000,0.000,,115.000,2048.000,gpu,122.000,256.000,4096.000,4096.000,gpu,,1.056,
0.000,25.000,32,131072,8192,3.680,11.180,0.000,0.000,,115.000,2048.000,gpu,125.000,256.000,8192.000,8192.000,gpu,,1.080,
0.000,25.000,32,262144,2048,-8.030,11.180,,,,,,,,,,,,,,
0.000,25.000,32,262144,4096,-8.030,11.180,,,,,,,,,,,,,,
0.000,25.000,32,262144,8192,-8.030,11.180,,,,,,,,,,,,,,
0.000,25.000,64,65536,2048,1.070,11.180,0.000,0.000,,46.000,1024.000,gpu,49.000,512.000,2048.000,2048.000,gpu,,1.065,
0.000,25.000,64,65536,4096,1.070,11.180,0.000,0.000,,46.000,1024.000,gpu,51.000,512.000,4096.000,4096.000,gpu,,1.113,
0.000,25.000,64,65536,8192,1.070,11.180,0.000,0.000,,46.000,1024.000,gpu,52.000,512.000,8192.000,6144.000,gpu,,1.140,
0.000,25.000,64,131072,2048,-10.630,11.180,,,,,,,,,,,,,,
0.000,25.000,64,131072,4096,-10.630,11.180,,,,,,,,,,,,,,
0.000,25.000,64,131072,8192,-10.630,11.180,,,,,,,,,,,,,,
0.000,25.000,64,262144,2048,-34.200,11.180,,,,,,,,,,,,,,
0.000,25.000,64,262144,4096,-34.200,11.180,,,,,,,,,,,,,,
0.000,25.000,64,262144,8192,-34.200,11.180,,,,,,,,,,,,,,
0.000,50.000,8,65536,2048,41.510,11.180,1728.000,1728.000,budget,1775.000,2048.000,gpu,1775.000,2048.000,2048.000,2048.000,gpu,1.027,1.000,1.027
0.000,50.000,8,65536,4096,41.510,11.180,1728.000,1728.000,budget,1888.000,4096.000,gpu,1916.000,2048.000,4096.000,4096.000,gpu,1.092,1.015,1.109
0.000,50.000,8,65536,8192,41.510,11.180,1728.000,1728.000,budget,1936.000,8192.000,gpu,2014.000,2048.000,8192.000,8192.000,gpu,1.121,1.040,1.165
0.000,50.000,8,131072,2048,40.010,11.180,1088.000,1088.000,budget,1217.000,2048.000,gpu,1219.000,1536.000,2048.000,2048.000,gpu,1.118,1.002,1.121
0.000,50.000,8,131072,4096,40.010,11.180,1088.000,1088.000,budget,1276.000,4096.000,gpu,1286.000,1536.000,4096.000,4096.000,gpu,1.173,1.008,1.182
0.000,50.000,8,131072,8192,40.010,11.180,1088.000,1088.000,budget,1296.000,8192.000,gpu,1332.000,1536.000,8192.000,8192.000,gpu,1.192,1.027,1.224
0.000,50.000,8,262144,2048,37.150,11.180,576.000,576.000,budget,718.000,2048.000,gpu,718.000,2048.000,2048.000,2048.000,gpu,1.247,1.000,1.247
0.000,50.000,8,262144,4096,37.150,11.180,576.000,576.000,budget,742.000,4096.000,gpu,743.000,2048.000,4096.000,4096.000,gpu,1.287,1.002,1.290
0.000,50.000,8,262144,8192,37.150,11.180,576.000,576.000,budget,742.000,4096.000,gpu,759.000,2048.000,8192.000,8192.000,gpu,1.287,1.024,1.318
0.000,50.000,32,65536,2048,34.320,11.180,1408.000,1408.000,budget,1530.000,2048.000,gpu,1530.000,2048.000,2048.000,2048.000,gpu,1.086,1.000,1.086
0.000,50.000,32,65536,4096,34.320,11.180,1408.000,1408.000,budget,1595.000,4096.000,gpu,1618.000,2048.000,4096.000,4096.000,gpu,1.133,1.015,1.149
0.000,50.000,32,65536,8192,34.320,11.180,1408.000,1408.000,budget,1608.000,8192.000,gpu,1672.000,2048.000,8192.000,8192.000,gpu,1.142,1.040,1.188
0.000,50.000,32,131072,2048,28.680,11.180,768.000,768.000,budget,898.000,2048.000,gpu,904.000,1024.000,2048.000,2048.000,gpu,1.170,1.006,1.177
0.000,50.000,32,131072,4096,28.680,11.180,768.000,768.000,budget,929.000,4096.000,gpu,940.000,1024.000,4096.000,4096.000,gpu,1.209,1.012,1.224
0.000,50.000,32,131072,8192,28.680,11.180,768.000,768.000,budget,933.000,8192.000,gpu,962.000,1024.000,8192.000,8192.000,gpu,1.214,1.031,1.252
0.000,50.000,32,262144,2048,16.970,11.180,256.000,256.000,budget,334.000,2048.000,gpu,334.000,2048.000,2048.000,2048.000,gpu,1.306,1.000,1.306
0.000,50.000,32,262144,4096,16.970,11.180,256.000,256.000,budget,342.000,4096.000,gpu,343.000,2048.000,4096.000,4096.000,gpu,1.336,1.002,1.338
0.000,50.000,32,262144,8192,16.970,11.180,256.000,256.000,budget,342.000,4096.000,gpu,347.000,2048.000,8192.000,8192.000,gpu,1.336,1.016,1.357
0.000,50.000,64,65536,2048,26.070,11.180,1088.000,1088.000,budget,1189.000,2048.000,gpu,1189.000,2048.000,2048.000,2048.000,gpu,1.093,1.000,1.093
0.000,50.000,64,65536,4096,26.070,11.180,1088.000,1088.000,budget,1224.000,4096.000,gpu,1242.000,2048.000,4096.000,4096.000,gpu,1.125,1.015,1.142
0.000,50.000,64,65536,8192,26.070,11.180,1088.000,1088.000,budget,1230.000,8192.000,gpu,1279.000,2048.000,8192.000,8192.000,gpu,1.131,1.040,1.175
0.000,50.000,64,131072,2048,14.370,11.180,320.000,320.000,budget,457.000,2048.000,gpu,460.000,1024.000,2048.000,2048.000,gpu,1.429,1.006,1.437
0.000,50.000,64,131072,4096,14.370,11.180,320.000,320.000,budget,469.000,4096.000,gpu,474.000,1024.000,4096.000,4096.000,gpu,1.465,1.012,1.482
0.000,50.000,64,131072,8192,14.370,11.180,320.000,320.000,budget,469.000,8192.000,gpu,484.000,1024.000,8192.000,8192.000,gpu,1.467,1.031,1.512
0.000,50.000,64,262144,2048,-9.200,11.180,,,,,,,,,,,,,,
0.000,50.000,64,262144,4096,-9.200,11.180,,,,,,,,,,,,,,
0.000,50.000,64,262144,8192,-9.200,11.180,,,,,,,,,,,,,,
0.000,100.000,8,65536,2048,91.510,11.180,2048.000,2048.000,budget,2048.000,2048.000,chunk,2048.000,2048.000,2048.000,2048.000,chunk,1.000,1.000,1.000
0.000,100.000,8,65536,4096,91.510,11.180,4096.000,4096.000,budget,4096.000,4096.000,chunk,4096.000,4096.000,4096.000,4096.000,chunk,1.000,1.000,1.000
0.000,100.000,8,65536,8192,91.510,11.180,4160.000,4160.000,budget,4269.000,8192.000,gpu,4303.000,6144.000,8192.000,8192.000,gpu,1.026,1.008,1.034
0.000,100.000,8,131072,2048,90.010,11.180,2048.000,2048.000,budget,2048.000,2048.000,chunk,2048.000,2048.000,2048.000,2048.000,chunk,1.000,1.000,1.000
0.000,100.000,8,131072,4096,90.010,11.180,2752.000,2752.000,budget,2871.000,4096.000,gpu,2877.000,3072.000,4096.000,4096.000,gpu,1.043,1.002,1.045
0.000,100.000,8,131072,8192,90.010,11.180,2752.000,2752.000,budget,2917.000,8192.000,gpu,2977.000,3072.000,8192.000,8192.000,gpu,1.060,1.021,1.082
0.000,100.000,8,262144,2048,87.150,11.180,1600.000,1600.000,budget,1685.000,2048.000,gpu,1685.000,2048.000,2048.000,2048.000,gpu,1.053,1.000,1.053
0.000,100.000,8,262144,4096,87.150,11.180,1600.000,1600.000,budget,1740.000,4096.000,gpu,1743.000,2048.000,4096.000,4096.000,gpu,1.087,1.002,1.089
0.000,100.000,8,262144,8192,87.150,11.180,1600.000,1600.000,budget,1740.000,4096.000,gpu,1781.000,2048.000,8192.000,8192.000,gpu,1.087,1.024,1.113
0.000,100.000,32,65536,2048,84.320,11.180,2048.000,2048.000,budget,2048.000,2048.000,chunk,2048.000,2048.000,2048.000,2048.000,chunk,1.000,1.000,1.000
0.000,100.000,32,65536,4096,84.320,11.180,3904.000,3904.000,budget,3919.000,4096.000,gpu,3919.000,4096.000,4096.000,4096.000,gpu,1.004,1.000,1.004
0.000,100.000,32,65536,8192,84.320,11.180,3904.000,3904.000,budget,3952.000,8192.000,gpu,4047.000,4096.000,8192.000,8192.000,gpu,1.012,1.024,1.037
0.000,100.000,32,131072,2048,78.680,11.180,2048.000,2048.000,budget,2048.000,2048.000,chunk,2048.000,2048.000,2048.000,2048.000,chunk,1.000,1.000,1.000
0.000,100.000,32,131072,4096,78.680,11.180,2432.000,2432.000,budget,2548.000,4096.000,gpu,2553.000,3072.000,4096.000,4096.000,gpu,1.048,1.002,1.050
0.000,100.000,32,131072,8192,78.680,11.180,2432.000,2432.000,budget,2558.000,8192.000,gpu,2611.000,3072.000,8192.000,8192.000,gpu,1.052,1.021,1.073
0.000,100.000,32,262144,2048,66.970,11.180,1216.000,1216.000,budget,1319.000,2048.000,gpu,1319.000,2048.000,2048.000,2048.000,gpu,1.085,1.000,1.085
0.000,100.000,32,262144,4096,66.970,11.180,1216.000,1216.000,budget,1349.000,4096.000,gpu,1352.000,2048.000,4096.000,4096.000,gpu,1.110,1.002,1.112
0.000,100.000,32,262144,8192,66.970,11.180,1216.000,1216.000,budget,1349.000,4096.000,gpu,1371.000,2048.000,8192.000,8192.000,gpu,1.110,1.016,1.127
0.000,100.000,64,65536,2048,76.070,11.180,2048.000,2048.000,budget,2048.000,2048.000,chunk,2048.000,2048.000,2048.000,2048.000,chunk,1.000,1.000,1.000
0.000,100.000,64,65536,4096,76.070,11.180,3520.000,3520.000,budget,3572.000,4096.000,gpu,3572.000,4096.000,4096.000,4096.000,gpu,1.015,1.000,1.015
0.000,100.000,64,65536,8192,76.070,11.180,3520.000,3520.000,budget,3590.000,8192.000,gpu,3676.000,4096.000,8192.000,8192.000,gpu,1.020,1.024,1.044
0.000,100.000,64,131072,2048,64.370,11.180,2048.000,2048.000,budget,2048.000,2048.000,chunk,2048.000,2048.000,2048.000,2048.000,chunk,1.000,1.000,1.000
0.000,100.000,64,131072,4096,64.370,11.180,2048.000,2048.000,budget,2100.000,4096.000,gpu,2104.000,3072.000,4096.000,4096.000,gpu,1.025,1.002,1.027
0.000,100.000,64,131072,8192,64.370,11.180,2048.000,2048.000,budget,2103.000,8192.000,gpu,2146.000,3072.000,8192.000,8192.000,gpu,1.027,1.021,1.048
0.000,100.000,64,262144,2048,40.800,11.180,704.000,704.000,budget,812.000,2048.000,gpu,812.000,2048.000,2048.000,2048.000,gpu,1.153,1.000,1.153
0.000,100.000,64,262144,4096,40.800,11.180,704.000,704.000,budget,826.000,4096.000,gpu,827.000,2048.000,4096.000,4096.000,gpu,1.173,1.002,1.175
0.000,100.000,64,262144,8192,40.800,11.180,704.000,704.000,budget,826.000,4096.000,gpu,838.000,2048.000,8192.000,8192.000,gpu,1.173,1.014,1.190
20.000,25.000,8,65536,2048,16.510,31.180,,,,,,,,,,,,,,
20.000,25.000,8,65536,4096,16.510,31.180,,,,,,,,,,,,,,
20.000,25.000,8,65536,8192,16.510,31.180,,,,,,,,,,,,,,
20.000,25.000,8,131072,2048,15.010,31.180,,,,,,,,,,,,,,
20.000,25.000,8,131072,4096,15.010,31.180,,,,,,,,,,,,,,
20.000,25.000,8,131072,8192,15.010,31.180,,,,,,,,,,,,,,
20.000,25.000,8,262144,2048,12.150,31.180,,,,,,,,,,,,,,
20.000,25.000,8,262144,4096,12.150,31.180,,,,,,,,,,,,,,
20.000,25.000,8,262144,8192,12.150,31.180,,,,,,,,,,,,,,
20.000,25.000,32,65536,2048,9.320,31.180,,,,,,,,,,,,,,
20.000,25.000,32,65536,4096,9.320,31.180,,,,,,,,,,,,,,
20.000,25.000,32,65536,8192,9.320,31.180,,,,,,,,,,,,,,
20.000,25.000,32,131072,2048,3.680,31.180,,,,,,,,,,,,,,
20.000,25.000,32,131072,4096,3.680,31.180,,,,,,,,,,,,,,
20.000,25.000,32,131072,8192,3.680,31.180,,,,,,,,,,,,,,
20.000,25.000,32,262144,2048,-8.030,31.180,,,,,,,,,,,,,,
20.000,25.000,32,262144,4096,-8.030,31.180,,,,,,,,,,,,,,
20.000,25.000,32,262144,8192,-8.030,31.180,,,,,,,,,,,,,,
20.000,25.000,64,65536,2048,1.070,31.180,,,,,,,,,,,,,,
20.000,25.000,64,65536,4096,1.070,31.180,,,,,,,,,,,,,,
20.000,25.000,64,65536,8192,1.070,31.180,,,,,,,,,,,,,,
20.000,25.000,64,131072,2048,-10.630,31.180,,,,,,,,,,,,,,
20.000,25.000,64,131072,4096,-10.630,31.180,,,,,,,,,,,,,,
20.000,25.000,64,131072,8192,-10.630,31.180,,,,,,,,,,,,,,
20.000,25.000,64,262144,2048,-34.200,31.180,,,,,,,,,,,,,,
20.000,25.000,64,262144,4096,-34.200,31.180,,,,,,,,,,,,,,
20.000,25.000,64,262144,8192,-34.200,31.180,,,,,,,,,,,,,,
20.000,50.000,8,65536,2048,41.510,31.180,1728.000,1728.000,budget,1775.000,2048.000,gpu,1775.000,2048.000,2048.000,2048.000,gpu,1.027,1.000,1.027
20.000,50.000,8,65536,4096,41.510,31.180,1728.000,1728.000,budget,1888.000,4096.000,gpu,1916.000,2048.000,4096.000,4096.000,gpu,1.092,1.015,1.109
20.000,50.000,8,65536,8192,41.510,31.180,1728.000,1728.000,budget,1936.000,8192.000,gpu,2014.000,2048.000,8192.000,8192.000,gpu,1.121,1.040,1.165
20.000,50.000,8,131072,2048,40.010,31.180,1088.000,1088.000,budget,1217.000,2048.000,gpu,1219.000,1536.000,2048.000,2048.000,gpu,1.118,1.002,1.121
20.000,50.000,8,131072,4096,40.010,31.180,1088.000,1088.000,budget,1276.000,4096.000,gpu,1286.000,1536.000,4096.000,4096.000,gpu,1.173,1.008,1.182
20.000,50.000,8,131072,8192,40.010,31.180,1088.000,1088.000,budget,1296.000,8192.000,gpu,1332.000,1536.000,8192.000,8192.000,gpu,1.192,1.027,1.224
20.000,50.000,8,262144,2048,37.150,31.180,576.000,576.000,budget,718.000,2048.000,gpu,718.000,2048.000,2048.000,2048.000,gpu,1.247,1.000,1.247
20.000,50.000,8,262144,4096,37.150,31.180,576.000,576.000,budget,742.000,4096.000,gpu,743.000,2048.000,4096.000,4096.000,gpu,1.287,1.002,1.290
20.000,50.000,8,262144,8192,37.150,31.180,576.000,576.000,budget,742.000,4096.000,gpu,759.000,2048.000,8192.000,8192.000,gpu,1.287,1.024,1.318
20.000,50.000,32,65536,2048,34.320,31.180,1408.000,1408.000,budget,1530.000,2048.000,gpu,1530.000,2048.000,2048.000,2048.000,gpu,1.086,1.000,1.086
20.000,50.000,32,65536,4096,34.320,31.180,1408.000,1408.000,budget,1595.000,4096.000,gpu,1618.000,2048.000,4096.000,4096.000,gpu,1.133,1.015,1.149
20.000,50.000,32,65536,8192,34.320,31.180,1408.000,1408.000,budget,1608.000,8192.000,gpu,1672.000,2048.000,8192.000,8192.000,gpu,1.142,1.040,1.188
20.000,50.000,32,131072,2048,28.680,31.180,768.000,768.000,budget,898.000,2048.000,gpu,904.000,1024.000,2048.000,2048.000,gpu,1.170,1.006,1.177
20.000,50.000,32,131072,4096,28.680,31.180,768.000,768.000,budget,929.000,4096.000,gpu,940.000,1024.000,4096.000,4096.000,gpu,1.209,1.012,1.224
20.000,50.000,32,131072,8192,28.680,31.180,768.000,768.000,budget,933.000,8192.000,gpu,962.000,1024.000,8192.000,8192.000,gpu,1.214,1.031,1.252
20.000,50.000,32,262144,2048,16.970,31.180,256.000,256.000,budget,334.000,2048.000,gpu,334.000,2048.000,2048.000,2048.000,gpu,1.306,1.000,1.306
20.000,50.000,32,262144,4096,16.970,31.180,256.000,256.000,budget,342.000,4096.000,gpu,343.000,2048.000,4096.000,4096.000,gpu,1.336,1.002,1.338
20.000,50.000,32,262144,8192,16.970,31.180,256.000,256.000,budget,342.000,4096.000,gpu,347.000,2048.000,8192.000,8192.000,gpu,1.336,1.016,1.357
20.000,50.000,64,65536,2048,26.070,31.180,1088.000,1088.000,budget,1189.000,2048.000,gpu,1189.000,2048.000,2048.000,2048.000,gpu,1.093,1.000,1.093
20.000,50.000,64,65536,4096,26.070,31.180,1088.000,1088.000,budget,1224.000,4096.000,gpu,1242.000,2048.000,4096.000,4096.000,gpu,1.125,1.015,1.142
20.000,50.000,64,65536,8192,26.070,31.180,1088.000,1088.000,budget,1230.000,8192.000,gpu,1279.000,2048.000,8192.000,8192.000,gpu,1.131,1.040,1.175
20.000,50.000,64,131072,2048,14.370,31.180,320.000,320.000,budget,457.000,2048.000,gpu,460.000,1024.000,2048.000,2048.000,gpu,1.429,1.006,1.437
20.000,50.000,64,131072,4096,14.370,31.180,320.000,320.000,budget,469.000,4096.000,gpu,474.000,1024.000,4096.000,4096.000,gpu,1.465,1.012,1.482
20.000,50.000,64,131072,8192,14.370,31.180,320.000,320.000,budget,469.000,8192.000,gpu,484.000,1024.000,8192.000,8192.000,gpu,1.467,1.031,1.512
20.000,50.000,64,262144,2048,-9.200,31.180,,,,,,,,,,,,,,
20.000,50.000,64,262144,4096,-9.200,31.180,,,,,,,,,,,,,,
20.000,50.000,64,262144,8192,-9.200,31.180,,,,,,,,,,,,,,
20.000,100.000,8,65536,2048,91.510,31.180,2048.000,2048.000,budget,2048.000,2048.000,chunk,2048.000,2048.000,2048.000,2048.000,chunk,1.000,1.000,1.000
20.000,100.000,8,65536,4096,91.510,31.180,4096.000,4096.000,budget,4096.000,4096.000,chunk,4096.000,4096.000,4096.000,4096.000,chunk,1.000,1.000,1.000
20.000,100.000,8,65536,8192,91.510,31.180,4160.000,4160.000,budget,4269.000,8192.000,gpu,4303.000,6144.000,8192.000,8192.000,gpu,1.026,1.008,1.034
20.000,100.000,8,131072,2048,90.010,31.180,2048.000,2048.000,budget,2048.000,2048.000,chunk,2048.000,2048.000,2048.000,2048.000,chunk,1.000,1.000,1.000
20.000,100.000,8,131072,4096,90.010,31.180,2752.000,2752.000,budget,2871.000,4096.000,gpu,2877.000,3072.000,4096.000,4096.000,gpu,1.043,1.002,1.045
20.000,100.000,8,131072,8192,90.010,31.180,2752.000,2752.000,budget,2917.000,8192.000,gpu,2977.000,3072.000,8192.000,8192.000,gpu,1.060,1.021,1.082
20.000,100.000,8,262144,2048,87.150,31.180,1600.000,1600.000,budget,1685.000,2048.000,gpu,1685.000,2048.000,2048.000,2048.000,gpu,1.053,1.000,1.053
20.000,100.000,8,262144,4096,87.150,31.180,1600.000,1600.000,budget,1740.000,4096.000,gpu,1743.000,2048.000,4096.000,4096.000,gpu,1.087,1.002,1.089
20.000,100.000,8,262144,8192,87.150,31.180,1600.000,1600.000,budget,1740.000,4096.000,gpu,1781.000,2048.000,8192.000,8192.000,gpu,1.087,1.024,1.113
20.000,100.000,32,65536,2048,84.320,31.180,2048.000,2048.000,budget,2048.000,2048.000,chunk,2048.000,2048.000,2048.000,2048.000,chunk,1.000,1.000,1.000
20.000,100.000,32,65536,4096,84.320,31.180,3904.000,3904.000,budget,3919.000,4096.000,gpu,3919.000,4096.000,4096.000,4096.000,gpu,1.004,1.000,1.004
20.000,100.000,32,65536,8192,84.320,31.180,3904.000,3904.000,budget,3952.000,8192.000,gpu,4047.000,4096.000,8192.000,8192.000,gpu,1.012,1.024,1.037
20.000,100.000,32,131072,2048,78.680,31.180,2048.000,2048.000,budget,2048.000,2048.000,chunk,2048.000,2048.000,2048.000,2048.000,chunk,1.000,1.000,1.000
20.000,100.000,32,131072,4096,78.680,31.180,2432.000,2432.000,budget,2548.000,4096.000,gpu,2553.000,3072.000,4096.000,4096.000,gpu,1.048,1.002,1.050
20.000,100.000,32,131072,8192,78.680,31.180,2432.000,2432.000,budget,2558.000,8192.000,gpu,2611.000,3072.000,8192.000,8192.000,gpu,1.052,1.021,1.073
20.000,100.000,32,262144,2048,66.970,31.180,1216.000,1216.000,budget,1319.000,2048.000,gpu,1319.000,2048.000,2048.000,2048.000,gpu,1.085,1.000,1.085
20.000,100.000,32,262144,4096,66.970,31.180,1216.000,1216.000,budget,1349.000,4096.000,gpu,1352.000,2048.000,4096.000,4096.000,gpu,1.110,1.002,1.112
20.000,100.000,32,262144,8192,66.970,31.180,1216.000,1216.000,budget,1349.000,4096.000,gpu,1371.000,2048.000,8192.000,8192.000,gpu,1.110,1.016,1.127
20.000,100.000,64,65536,2048,76.070,31.180,2048.000,2048.000,budget,2048.000,2048.000,chunk,2048.000,2048.000,2048.000,2048.000,chunk,1.000,1.000,1.000
20.000,100.000,64,65536,4096,76.070,31.180,3520.000,3520.000,budget,3572.000,4096.000,gpu,3572.000,4096.000,4096.000,4096.000,gpu,1.015,1.000,1.015
20.000,100.000,64,65536,8192,76.070,31.180,3520.000,3520.000,budget,3590.000,8192.000,gpu,3676.000,4096.000,8192.000,8192.000,gpu,1.020,1.024,1.044
20.000,100.000,64,131072,2048,64.370,31.180,2048.000,2048.000,budget,2048.000,2048.000,chunk,2048.000,2048.000,2048.000,2048.000,chunk,1.000,1.000,1.000
20.000,100.000,64,131072,4096,64.370,31.180,2048.000,2048.000,budget,2100.000,4096.000,gpu,2104.000,3072.000,4096.000,4096.000,gpu,1.025,1.002,1.027
20.000,100.000,64,131072,8192,64.370,31.180,2048.000,2048.000,budget,2103.000,8192.000,gpu,2146.000,3072.000,8192.000,8192.000,gpu,1.027,1.021,1.048
20.000,100.000,64,262144,2048,40.800,31.180,704.000,704.000,budget,812.000,2048.000,gpu,812.000,2048.000,2048.000,2048.000,gpu,1.153,1.000,1.153
20.000,100.000,64,262144,4096,40.800,31.180,704.000,704.000,budget,826.000,4096.000,gpu,827.000,2048.000,4096.000,4096.000,gpu,1.173,1.002,1.175
20.000,100.000,64,262144,8192,40.800,31.180,704.000,704.000,budget,826.000,4096.000,gpu,838.000,2048.000,8192.000,8192.000,gpu,1.173,1.014,1.190
