B,bd,t,delta,h0,P,cpu_left,R_lay,n_lay,order_lay,R_hy,n_hy,order_hy,ratio
25,8,65536,2048,0.000,16.510,14.690,691,2048.000,deep,694,1536/2048,deep,1.004
25,8,65536,8192,0.000,16.510,14.690,705,3072.000,deep,774,1536/8192,deep,1.098
25,8,131072,2048,0.000,15.010,14.690,408,1024.000,deep,451,512/2048,deep,1.104
25,8,131072,8192,0.000,15.010,14.690,415,6144.000,deep,483,1024/8192,deep,1.165
25,8,262144,2048,0.000,12.150,14.690,187,768.000,deep,236,256/2048,deep,1.257
25,8,262144,8192,0.000,12.150,14.690,194,3072.000,deep,243,256/6144,deep,1.254
25,32,65536,2048,0.000,9.320,14.690,387,1536.000,deep,411,768/2048,deep,1.061
25,32,65536,8192,0.000,9.320,14.690,380,1536.000,deep,430,768/8192,deep,1.131
25,32,131072,2048,0.000,3.680,14.690,90,1536.000,deep,114,256/2048,deep,1.265
25,32,131072,8192,0.000,3.680,14.690,86,1024.000,deep,117,256/4096,deep,1.357
25,32,262144,2048,0.000,-8.030,14.690,0,,,0,,,
25,32,262144,8192,0.000,-8.030,14.690,0,,,0,,,
25,64,65536,2048,0.000,1.070,14.690,38,512.000,deep,42,256/2048,deep,1.116
25,64,65536,8192,0.000,1.070,14.690,35,512.000,deep,47,256/4096,deep,1.363
25,64,131072,2048,0.000,-10.630,14.690,0,,,0,,,
25,64,131072,8192,0.000,-10.630,14.690,0,,,0,,,
25,64,262144,2048,0.000,-34.200,14.690,0,,,0,,,
25,64,262144,8192,0.000,-34.200,14.690,0,,,0,,,
50,8,65536,2048,0.000,41.510,39.690,1656,2048.000,deep,1656,2048/2048,deep,1.000
50,8,65536,8192,0.000,41.510,39.690,1846,6144.000,deep,1954,2048/8192,deep,1.058
50,8,131072,2048,0.000,40.010,39.690,1188,2048.000,deep,1188,2048/2048,deep,1.000
50,8,131072,8192,0.000,40.010,39.690,1200,3072.000,deep,1278,3072/6144,deep,1.065
50,8,262144,2048,0.000,37.150,39.690,672,2048.000,deep,682,2048/1536,deep,1.015
50,8,262144,8192,0.000,37.150,39.690,676,8192.000,deep,713,1536/8192,deep,1.055
50,32,65536,2048,0.000,34.320,39.690,1514,2048.000,deep,1514,2048/2048,deep,1.000
50,32,65536,8192,0.000,34.320,39.690,1548,6144.000,deep,1618,2048/8192,deep,1.045
50,32,131072,2048,0.000,28.680,39.690,856,1536.000,deep,887,1024/2048,deep,1.037
50,32,131072,8192,0.000,28.680,39.690,844,2048.000,deep,926,1024/8192,deep,1.097
50,32,262144,2048,0.000,16.970,39.690,301,2048.000,deep,319,768/1536,deep,1.061
50,32,262144,8192,0.000,16.970,39.690,338,4096.000,deep,350,2048/4096,deep,1.036
50,64,65536,2048,0.000,26.070,39.690,1170,2048.000,deep,1170,2048/2048,deep,1.000
50,64,65536,8192,0.000,26.070,39.690,1183,3072.000,deep,1245,2048/8192,deep,1.053
50,64,131072,2048,0.000,14.370,39.690,422,1024.000,deep,452,512/2048,deep,1.070
50,64,131072,8192,0.000,14.370,39.690,422,1024.000,deep,461,768/6144,deep,1.092
50,64,262144,2048,0.000,-9.200,39.690,0,,,0,,,
50,64,262144,8192,0.000,-9.200,39.690,0,,,0,,,
100,8,65536,2048,0.000,91.510,89.690,2048,2048.000,shallow,2048,2048/2048,shallow,1.000
100,8,65536,8192,0.000,91.510,89.690,4207,8192.000,deep,4207,8192/8192,deep,1.000
100,8,131072,2048,0.000,90.010,89.690,2048,2048.000,shallow,2048,2048/2048,shallow,1.000
100,8,131072,8192,0.000,90.010,89.690,2782,3072.000,deep,2906,3072/6144,deep,1.045
100,8,262144,2048,0.000,87.150,89.690,1634,2048.000,deep,1634,2048/2048,deep,1.000
100,8,262144,8192,0.000,87.150,89.690,1688,4096.000,deep,1698,2048/4096,deep,1.006
100,32,65536,2048,0.000,84.320,89.690,2048,2048.000,shallow,2048,2048/2048,shallow,1.000
100,32,65536,8192,0.000,84.320,89.690,3842,8192.000,deep,3953,4096/8192,deep,1.029
100,32,131072,2048,0.000,78.680,89.690,2048,2048.000,shallow,2048,2048/2048,shallow,1.000
100,32,131072,8192,0.000,78.680,89.690,2531,6144.000,deep,2556,6144/8192,deep,1.010
100,32,262144,2048,0.000,66.970,89.690,1278,1536.000,deep,1278,1536/1536,deep,1.000
100,32,262144,8192,0.000,66.970,89.690,1292,4096.000,deep,1364,4096/8192,deep,1.055
100,64,65536,2048,0.000,76.070,89.690,2048,2048.000,shallow,2048,2048/2048,shallow,1.000
100,64,65536,8192,0.000,76.070,89.690,3564,6144.000,deep,3580,4096/8192,deep,1.005
100,64,131072,2048,0.000,64.370,89.690,2048,2048.000,shallow,2048,2048/2048,shallow,1.000
100,64,131072,8192,0.000,64.370,89.690,2040,3072.000,deep,2049,2048/6144,deep,1.005
100,64,262144,2048,0.000,40.800,89.690,766,1024.000,deep,768,768/2048,deep,1.003
100,64,262144,8192,0.000,40.800,89.690,766,1024.000,deep,793,2048/6144,deep,1.035
25,8,65536,2048,10.000,16.510,4.690,691,2048.000,deep,691,2048/2048,deep,1.000
25,8,65536,8192,10.000,16.510,4.690,705,3072.000,deep,774,1536/8192,deep,1.098
25,8,131072,2048,10.000,15.010,4.690,406,1024.000,deep,451,512/2048,deep,1.110
25,8,131072,8192,10.000,15.010,4.690,415,6144.000,deep,483,1024/8192,deep,1.165
25,8,262144,2048,10.000,12.150,4.690,187,768.000,deep,236,256/2048,deep,1.257
25,8,262144,8192,10.000,12.150,4.690,194,3072.000,deep,243,256/6144,deep,1.254
25,32,65536,2048,10.000,9.320,4.690,387,1536.000,deep,411,768/2048,deep,1.061
25,32,65536,8192,10.000,9.320,4.690,380,1536.000,deep,430,768/8192,deep,1.131
25,32,131072,2048,10.000,3.680,4.690,90,1536.000,deep,114,256/2048,deep,1.265
25,32,131072,8192,10.000,3.680,4.690,86,1024.000,deep,117,256/4096,deep,1.357
25,32,262144,2048,10.000,-8.030,4.690,0,,,0,,,
25,32,262144,8192,10.000,-8.030,4.690,0,,,0,,,
25,64,65536,2048,10.000,1.070,4.690,38,512.000,deep,42,256/2048,deep,1.116
25,64,65536,8192,10.000,1.070,4.690,35,512.000,deep,47,256/4096,deep,1.363
25,64,131072,2048,10.000,-10.630,4.690,0,,,0,,,
25,64,131072,8192,10.000,-10.630,4.690,0,,,0,,,
25,64,262144,2048,10.000,-34.200,4.690,0,,,0,,,
25,64,262144,8192,10.000,-34.200,4.690,0,,,0,,,
50,8,65536,2048,10.000,41.510,29.690,1656,2048.000,deep,1656,2048/2048,deep,1.000
50,8,65536,8192,10.000,41.510,29.690,1846,6144.000,deep,1954,2048/8192,deep,1.058
50,8,131072,2048,10.000,40.010,29.690,1188,2048.000,deep,1188,2048/2048,deep,1.000
50,8,131072,8192,10.000,40.010,29.690,1200,3072.000,deep,1278,3072/6144,deep,1.065
50,8,262144,2048,10.000,37.150,29.690,672,2048.000,deep,682,2048/1536,deep,1.015
50,8,262144,8192,10.000,37.150,29.690,676,8192.000,deep,713,1536/8192,deep,1.055
50,32,65536,2048,10.000,34.320,29.690,1514,2048.000,deep,1514,2048/2048,deep,1.000
50,32,65536,8192,10.000,34.320,29.690,1548,6144.000,deep,1618,2048/8192,deep,1.045
50,32,131072,2048,10.000,28.680,29.690,856,1536.000,deep,887,1024/2048,deep,1.037
50,32,131072,8192,10.000,28.680,29.690,844,2048.000,deep,926,1024/8192,deep,1.097
50,32,262144,2048,10.000,16.970,29.690,301,2048.000,deep,319,768/1536,deep,1.061
50,32,262144,8192,10.000,16.970,29.690,338,4096.000,deep,350,2048/4096,deep,1.036
50,64,65536,2048,10.000,26.070,29.690,1170,2048.000,deep,1170,2048/2048,deep,1.000
50,64,65536,8192,10.000,26.070,29.690,1183,3072.000,deep,1245,2048/8192,deep,1.053
50,64,131072,2048,10.000,14.370,29.690,422,1024.000,deep,452,512/2048,deep,1.070
50,64,131072,8192,10.000,14.370,29.690,422,1024.000,deep,461,768/6144,deep,1.092
50,64,262144,2048,10.000,-9.200,29.690,0,,,0,,,
50,64,262144,8192,10.000,-9.200,29.690,0,,,0,,,
100,8,65536,2048,10.000,91.510,79.690,2048,2048.000,shallow,2048,2048/2048,shallow,1.000
100,8,65536,8192,10.000,91.510,79.690,4207,8192.000,deep,4207,8192/8192,deep,1.000
100,8,131072,2048,10.000,90.010,79.690,2048,2048.000,shallow,2048,2048/2048,shallow,1.000
100,8,131072,8192,10.000,90.010,79.690,2782,3072.000,deep,2906,3072/6144,deep,1.045
100,8,262144,2048,10.000,87.150,79.690,1634,2048.000,deep,1634,2048/2048,deep,1.000
100,8,262144,8192,10.000,87.150,79.690,1688,4096.000,deep,1698,2048/4096,deep,1.006
100,32,65536,2048,10.000,84.320,79.690,2048,2048.000,shallow,2048,2048/2048,shallow,1.000
100,32,65536,8192,10.000,84.320,79.690,3842,8192.000,deep,3953,4096/8192,deep,1.029
100,32,131072,2048,10.000,78.680,79.690,2048,2048.000,shallow,2048,2048/2048,shallow,1.000
100,32,131072,8192,10.000,78.680,79.690,2531,6144.000,deep,2556,6144/8192,deep,1.010
100,32,262144,2048,10.000,66.970,79.690,1278,1536.000,deep,1278,1536/1536,deep,1.000
100,32,262144,8192,10.000,66.970,79.690,1292,4096.000,deep,1364,4096/8192,deep,1.055
100,64,65536,2048,10.000,76.070,79.690,2048,2048.000,shallow,2048,2048/2048,shallow,1.000
100,64,65536,8192,10.000,76.070,79.690,3564,6144.000,deep,3580,4096/8192,deep,1.005
100,64,131072,2048,10.000,64.370,79.690,2048,2048.000,shallow,2048,2048/2048,shallow,1.000
100,64,131072,8192,10.000,64.370,79.690,2040,3072.000,deep,2049,2048/6144,deep,1.005
100,64,262144,2048,10.000,40.800,79.690,766,1024.000,deep,768,768/2048,deep,1.003
100,64,262144,8192,10.000,40.800,79.690,766,1024.000,deep,793,2048/6144,deep,1.035
