decode_batch,c,samples,decode_experts,prefill_experts,union_experts,added_by_prefill,added_frac_of_E,random_decode,random_prefill,random_union
8,0,100,59.629,0.000,59.629,0.000,0.000,74.740,0.000,74.740
8,64,100,60.415,127.032,159.830,99.415,0.194,74.740,367.113,388.263
8,128,100,59.952,167.723,193.339,133.388,0.261,74.740,470.999,476.984
8,256,100,59.844,206.951,226.864,167.020,0.326,74.740,508.717,509.196
8,512,100,60.062,243.880,258.856,198.794,0.388,74.740,511.979,511.982
8,1024,100,60.283,284.741,294.825,234.541,0.458,74.740,512.000,512.000
8,2048,93,60.297,319.549,326.711,266.415,0.520,74.740,512.000,512.000
8,4096,81,59.610,353.204,357.614,298.004,0.582,74.740,512.000,512.000
8,8192,32,60.788,375.781,379.015,318.227,0.622,74.740,512.000,512.000
32,0,100,151.581,0.000,151.581,0.000,0.000,239.636,0.000,239.636
32,64,100,152.540,128.471,215.701,63.162,0.123,239.636,367.113,434.926
32,128,100,151.060,166.110,237.631,86.571,0.169,239.636,470.999,490.189
32,256,100,150.692,206.459,262.219,111.527,0.218,239.636,508.717,510.253
32,512,100,149.913,245.653,288.418,138.505,0.271,239.636,511.979,511.989
32,1024,100,150.137,282.778,314.163,164.026,0.320,239.636,512.000,512.000
32,2048,90,150.418,318.693,340.559,190.141,0.371,239.636,512.000,512.000
32,4096,78,151.683,350.498,365.550,213.866,0.418,239.636,512.000,512.000
32,8192,44,150.958,379.659,388.897,237.939,0.465,239.636,512.000,512.000
