op,c,t,mode,iter,ms
fa_decode,1,4096,graph,0,0.01754
fa_decode,1,4096,graph,1,0.01755
fa_decode,1,4096,graph,2,0.01789
fa_decode,1,4096,graph,3,0.01779
fa_decode,1,4096,graph,4,0.01792
fa_decode,1,4096,graph,5,0.01767
fa_decode,1,4096,graph,6,0.01765
fa_decode,1,4096,graph,7,0.01767
fa_decode,1,4096,graph,8,0.01763
fa_decode,1,4096,graph,9,0.01767
fa_decode,1,4096,graph,10,0.01768
fa_decode,1,4096,graph,11,0.01770
fa_decode,1,4096,graph,12,0.01753
fa_decode,1,4096,graph,13,0.01738
fa_decode,1,4096,graph,14,0.01754
fa_decode,1,4096,graph,15,0.01783
fa_decode,1,4096,graph,16,0.01765
fa_decode,1,4096,graph,17,0.01763
fa_decode,1,4096,graph,18,0.01806
fa_decode,1,4096,graph,19,0.01798
fa_decode,1,4096,graph,20,0.01777
fa_decode,1,4096,graph,21,0.01777
fa_decode,1,4096,graph,22,0.01767
fa_decode,1,4096,graph,23,0.01804
fa_decode,1,4096,graph,24,0.01805
fa_decode,1,4096,graph,25,0.01812
fa_decode,1,4096,graph,26,0.01776
fa_decode,1,4096,graph,27,0.01785
fa_decode,1,4096,graph,28,0.01779
fa_decode,1,4096,graph,29,0.01791
fa_decode,1,4096,eager,0,0.13978
fa_decode,1,4096,eager,1,0.12067
fa_decode,1,4096,eager,2,0.11027
fa_decode,1,4096,eager,3,0.10611
fa_decode,1,4096,eager,4,0.10538
fa_decode,1,4096,eager,5,0.10931
fa_decode,1,4096,eager,6,0.10458
fa_decode,1,4096,eager,7,0.10563
fa_decode,1,4096,eager,8,0.10608
fa_decode,1,4096,eager,9,0.10288
fa_decode,1,4096,eager,10,0.10314
fa_decode,1,4096,eager,11,0.10234
fa_decode,1,4096,eager,12,0.10493
fa_decode,1,4096,eager,13,0.10374
fa_decode,1,4096,eager,14,0.09936
fa_decode,1,4096,eager,15,0.09859
fa_decode,1,4096,eager,16,0.10458
fa_decode,1,4096,eager,17,0.10077
fa_decode,1,4096,eager,18,0.09958
fa_decode,1,4096,eager,19,0.10365
fa_decode,1,4096,eager,20,0.10128
fa_decode,1,4096,eager,21,0.10022
fa_decode,1,4096,eager,22,0.09776
fa_decode,1,4096,eager,23,0.10048
fa_decode,1,4096,eager,24,0.10035
fa_decode,1,4096,eager,25,0.09930
fa_decode,1,4096,eager,26,0.10582
fa_decode,1,4096,eager,27,0.09997
fa_decode,1,4096,eager,28,0.10061
fa_decode,1,4096,eager,29,0.09840
fa_decode,8,4096,graph,0,0.04999
fa_decode,8,4096,graph,1,0.04981
fa_decode,8,4096,graph,2,0.04985
fa_decode,8,4096,graph,3,0.04980
fa_decode,8,4096,graph,4,0.05005
fa_decode,8,4096,graph,5,0.04968
fa_decode,8,4096,graph,6,0.05009
fa_decode,8,4096,graph,7,0.04961
fa_decode,8,4096,graph,8,0.04977
fa_decode,8,4096,graph,9,0.04979
fa_decode,8,4096,graph,10,0.04969
fa_decode,8,4096,graph,11,0.04978
fa_decode,8,4096,graph,12,0.04984
fa_decode,8,4096,graph,13,0.04983
fa_decode,8,4096,graph,14,0.04971
fa_decode,8,4096,graph,15,0.04977
fa_decode,8,4096,graph,16,0.04977
fa_decode,8,4096,graph,17,0.04962
fa_decode,8,4096,graph,18,0.04985
fa_decode,8,4096,graph,19,0.04956
fa_decode,8,4096,graph,20,0.04975
fa_decode,8,4096,graph,21,0.04986
fa_decode,8,4096,graph,22,0.04975
fa_decode,8,4096,graph,23,0.04977
fa_decode,8,4096,graph,24,0.04971
fa_decode,8,4096,graph,25,0.04968
fa_decode,8,4096,graph,26,0.04966
fa_decode,8,4096,graph,27,0.04971
fa_decode,8,4096,graph,28,0.04955
fa_decode,8,4096,graph,29,0.04979
fa_decode,8,4096,eager,0,0.22330
fa_decode,8,4096,eager,1,0.19709
fa_decode,8,4096,eager,2,0.18717
fa_decode,8,4096,eager,3,0.18131
fa_decode,8,4096,eager,4,0.18490
fa_decode,8,4096,eager,5,0.17411
fa_decode,8,4096,eager,6,0.17725
fa_decode,8,4096,eager,7,0.17274
fa_decode,8,4096,eager,8,0.17763
fa_decode,8,4096,eager,9,0.17171
fa_decode,8,4096,eager,10,0.16934
fa_decode,8,4096,eager,11,0.17213
fa_decode,8,4096,eager,12,0.17366
fa_decode,8,4096,eager,13,0.17731
fa_decode,8,4096,eager,14,0.18128
fa_decode,8,4096,eager,15,0.17680
fa_decode,8,4096,eager,16,0.17267
fa_decode,8,4096,eager,17,0.18179
fa_decode,8,4096,eager,18,0.16995
fa_decode,8,4096,eager,19,0.16582
fa_decode,8,4096,eager,20,0.16707
fa_decode,8,4096,eager,21,0.17773
fa_decode,8,4096,eager,22,0.17120
fa_decode,8,4096,eager,23,0.16998
fa_decode,8,4096,eager,24,0.16864
fa_decode,8,4096,eager,25,0.17504
fa_decode,8,4096,eager,26,0.17034
fa_decode,8,4096,eager,27,0.16822
fa_decode,8,4096,eager,28,0.17622
fa_decode,8,4096,eager,29,0.17427
fa_decode,16,4096,graph,0,0.08026
fa_decode,16,4096,graph,1,0.08070
fa_decode,16,4096,graph,2,0.08030
fa_decode,16,4096,graph,3,0.08094
fa_decode,16,4096,graph,4,0.08083
fa_decode,16,4096,graph,5,0.08052
fa_decode,16,4096,graph,6,0.08085
fa_decode,16,4096,graph,7,0.08093
fa_decode,16,4096,graph,8,0.08043
fa_decode,16,4096,graph,9,0.08095
fa_decode,16,4096,graph,10,0.08115
fa_decode,16,4096,graph,11,0.08120
fa_decode,16,4096,graph,12,0.08085
fa_decode,16,4096,graph,13,0.08076
fa_decode,16,4096,graph,14,0.08044
fa_decode,16,4096,graph,15,0.08099
fa_decode,16,4096,graph,16,0.08080
fa_decode,16,4096,graph,17,0.08124
fa_decode,16,4096,graph,18,0.08088
fa_decode,16,4096,graph,19,0.08063
fa_decode,16,4096,graph,20,0.08079
fa_decode,16,4096,graph,21,0.08119
fa_decode,16,4096,graph,22,0.08110
fa_decode,16,4096,graph,23,0.08088
fa_decode,16,4096,graph,24,0.08107
fa_decode,16,4096,graph,25,0.08069
fa_decode,16,4096,graph,26,0.08085
fa_decode,16,4096,graph,27,0.08058
fa_decode,16,4096,graph,28,0.08078
fa_decode,16,4096,graph,29,0.08100
fa_decode,16,4096,eager,0,0.17581
fa_decode,16,4096,eager,1,0.16614
fa_decode,16,4096,eager,2,0.16486
fa_decode,16,4096,eager,3,0.16179
fa_decode,16,4096,eager,4,0.15910
fa_decode,16,4096,eager,5,0.15994
fa_decode,16,4096,eager,6,0.15872
fa_decode,16,4096,eager,7,0.15750
fa_decode,16,4096,eager,8,0.20736
fa_decode,16,4096,eager,9,0.16694
fa_decode,16,4096,eager,10,0.16061
fa_decode,16,4096,eager,11,0.15930
fa_decode,16,4096,eager,12,0.15843
fa_decode,16,4096,eager,13,0.15888
fa_decode,16,4096,eager,14,0.15824
fa_decode,16,4096,eager,15,0.15869
fa_decode,16,4096,eager,16,0.15837
fa_decode,16,4096,eager,17,0.15539
fa_decode,16,4096,eager,18,0.15347
fa_decode,16,4096,eager,19,0.15462
fa_decode,16,4096,eager,20,0.15552
fa_decode,16,4096,eager,21,0.15466
fa_decode,16,4096,eager,22,0.15565
fa_decode,16,4096,eager,23,0.15603
fa_decode,16,4096,eager,24,0.17194
fa_decode,16,4096,eager,25,0.16282
fa_decode,16,4096,eager,26,0.15837
fa_decode,16,4096,eager,27,0.15866
fa_decode,16,4096,eager,28,0.13370
fa_decode,16,4096,eager,29,0.13843
fa_decode,32,4096,graph,0,0.14013
fa_decode,32,4096,graph,1,0.13938
fa_decode,32,4096,graph,2,0.13938
fa_decode,32,4096,graph,3,0.13969
fa_decode,32,4096,graph,4,0.13985
fa_decode,32,4096,graph,5,0.13955
fa_decode,32,4096,graph,6,0.13986
fa_decode,32,4096,graph,7,0.13939
fa_decode,32,4096,graph,8,0.13976
fa_decode,32,4096,graph,9,0.13951
fa_decode,32,4096,graph,10,0.13963
fa_decode,32,4096,graph,11,0.13997
fa_decode,32,4096,graph,12,0.14016
fa_decode,32,4096,graph,13,0.14045
fa_decode,32,4096,graph,14,0.13983
fa_decode,32,4096,graph,15,0.14000
fa_decode,32,4096,graph,16,0.13996
fa_decode,32,4096,graph,17,0.13949
fa_decode,32,4096,graph,18,0.13961
fa_decode,32,4096,graph,19,0.13974
fa_decode,32,4096,graph,20,0.13984
fa_decode,32,4096,graph,21,0.13968
fa_decode,32,4096,graph,22,0.13955
fa_decode,32,4096,graph,23,0.13950
fa_decode,32,4096,graph,24,0.14006
fa_decode,32,4096,graph,25,0.13940
fa_decode,32,4096,graph,26,0.13978
fa_decode,32,4096,graph,27,0.14006
fa_decode,32,4096,graph,28,0.13934
fa_decode,32,4096,graph,29,0.13963
fa_decode,32,4096,eager,0,0.20330
fa_decode,32,4096,eager,1,0.19664
fa_decode,32,4096,eager,2,0.19494
fa_decode,32,4096,eager,3,0.19472
fa_decode,32,4096,eager,4,0.20077
fa_decode,32,4096,eager,5,0.19293
fa_decode,32,4096,eager,6,0.19395
fa_decode,32,4096,eager,7,0.19293
fa_decode,32,4096,eager,8,0.19450
fa_decode,32,4096,eager,9,0.19110
fa_decode,32,4096,eager,10,0.19530
fa_decode,32,4096,eager,11,0.19280
fa_decode,32,4096,eager,12,0.19302
fa_decode,32,4096,eager,13,0.19587
fa_decode,32,4096,eager,14,0.19206
fa_decode,32,4096,eager,15,0.19011
fa_decode,32,4096,eager,16,0.19187
fa_decode,32,4096,eager,17,0.19126
fa_decode,32,4096,eager,18,0.19110
fa_decode,32,4096,eager,19,0.19030
fa_decode,32,4096,eager,20,0.19213
fa_decode,32,4096,eager,21,0.19037
fa_decode,32,4096,eager,22,0.19549
fa_decode,32,4096,eager,23,0.18963
fa_decode,32,4096,eager,24,0.18957
fa_decode,32,4096,eager,25,0.19014
fa_decode,32,4096,eager,26,0.19091
fa_decode,32,4096,eager,27,0.19261
fa_decode,32,4096,eager,28,0.18947
fa_decode,32,4096,eager,29,0.19024
fa_decode,64,4096,graph,0,0.26076
fa_decode,64,4096,graph,1,0.26095
fa_decode,64,4096,graph,2,0.26098
fa_decode,64,4096,graph,3,0.26186
fa_decode,64,4096,graph,4,0.26192
fa_decode,64,4096,graph,5,0.26157
fa_decode,64,4096,graph,6,0.26218
fa_decode,64,4096,graph,7,0.26132
fa_decode,64,4096,graph,8,0.26177
fa_decode,64,4096,graph,9,0.26044
fa_decode,64,4096,graph,10,0.26152
fa_decode,64,4096,graph,11,0.26051
fa_decode,64,4096,graph,12,0.26118
fa_decode,64,4096,graph,13,0.26145
fa_decode,64,4096,graph,14,0.26129
fa_decode,64,4096,graph,15,0.26072
fa_decode,64,4096,graph,16,0.26120
fa_decode,64,4096,graph,17,0.26198
fa_decode,64,4096,graph,18,0.26236
fa_decode,64,4096,graph,19,0.26146
fa_decode,64,4096,graph,20,0.26127
fa_decode,64,4096,graph,21,0.26238
fa_decode,64,4096,graph,22,0.26179
fa_decode,64,4096,graph,23,0.26042
fa_decode,64,4096,graph,24,0.26159
fa_decode,64,4096,graph,25,0.26152
fa_decode,64,4096,graph,26,0.26154
fa_decode,64,4096,graph,27,0.26163
fa_decode,64,4096,graph,28,0.26143
fa_decode,64,4096,graph,29,0.26212
fa_decode,64,4096,eager,0,0.40374
fa_decode,64,4096,eager,1,0.39651
fa_decode,64,4096,eager,2,0.38861
fa_decode,64,4096,eager,3,0.38605
fa_decode,64,4096,eager,4,0.38938
fa_decode,64,4096,eager,5,0.41744
fa_decode,64,4096,eager,6,0.39472
fa_decode,64,4096,eager,7,0.31923
fa_decode,64,4096,eager,8,0.31152
fa_decode,64,4096,eager,9,0.34205
fa_decode,64,4096,eager,10,0.30624
fa_decode,64,4096,eager,11,0.30176
fa_decode,64,4096,eager,12,0.30250
fa_decode,64,4096,eager,13,0.30310
fa_decode,64,4096,eager,14,0.30166
fa_decode,64,4096,eager,15,0.30342
fa_decode,64,4096,eager,16,0.30208
fa_decode,64,4096,eager,17,0.30211
fa_decode,64,4096,eager,18,0.30192
fa_decode,64,4096,eager,19,0.30925
fa_decode,64,4096,eager,20,0.30784
fa_decode,64,4096,eager,21,0.31050
fa_decode,64,4096,eager,22,0.30429
fa_decode,64,4096,eager,23,0.30691
fa_decode,64,4096,eager,24,0.30848
fa_decode,64,4096,eager,25,0.30522
fa_decode,64,4096,eager,26,0.30330
fa_decode,64,4096,eager,27,0.30966
fa_decode,64,4096,eager,28,0.30346
fa_decode,64,4096,eager,29,0.30256
fa_decode,1,16384,graph,0,0.03453
fa_decode,1,16384,graph,1,0.03461
fa_decode,1,16384,graph,2,0.03445
fa_decode,1,16384,graph,3,0.03462
fa_decode,1,16384,graph,4,0.03473
fa_decode,1,16384,graph,5,0.03444
fa_decode,1,16384,graph,6,0.03463
fa_decode,1,16384,graph,7,0.03458
fa_decode,1,16384,graph,8,0.03454
fa_decode,1,16384,graph,9,0.03448
fa_decode,1,16384,graph,10,0.03439
fa_decode,1,16384,graph,11,0.03478
fa_decode,1,16384,graph,12,0.03439
fa_decode,1,16384,graph,13,0.03454
fa_decode,1,16384,graph,14,0.03471
fa_decode,1,16384,graph,15,0.03450
fa_decode,1,16384,graph,16,0.03465
fa_decode,1,16384,graph,17,0.03433
fa_decode,1,16384,graph,18,0.03463
fa_decode,1,16384,graph,19,0.03449
fa_decode,1,16384,graph,20,0.03438
fa_decode,1,16384,graph,21,0.03452
fa_decode,1,16384,graph,22,0.03441
fa_decode,1,16384,graph,23,0.03447
fa_decode,1,16384,graph,24,0.03449
fa_decode,1,16384,graph,25,0.03445
fa_decode,1,16384,graph,26,0.03455
fa_decode,1,16384,graph,27,0.03435
fa_decode,1,16384,graph,28,0.03448
fa_decode,1,16384,graph,29,0.03454
fa_decode,1,16384,eager,0,0.20982
fa_decode,1,16384,eager,1,0.19382
fa_decode,1,16384,eager,2,0.19936
fa_decode,1,16384,eager,3,0.18272
fa_decode,1,16384,eager,4,0.17882
fa_decode,1,16384,eager,5,0.17462
fa_decode,1,16384,eager,6,0.18589
fa_decode,1,16384,eager,7,0.17808
fa_decode,1,16384,eager,8,0.17574
fa_decode,1,16384,eager,9,0.17354
fa_decode,1,16384,eager,10,0.18038
fa_decode,1,16384,eager,11,0.17606
fa_decode,1,16384,eager,12,0.17510
fa_decode,1,16384,eager,13,0.17152
fa_decode,1,16384,eager,14,0.17917
fa_decode,1,16384,eager,15,0.16800
fa_decode,1,16384,eager,16,0.16954
fa_decode,1,16384,eager,17,0.17194
fa_decode,1,16384,eager,18,0.21178
fa_decode,1,16384,eager,19,0.17866
fa_decode,1,16384,eager,20,0.17414
fa_decode,1,16384,eager,21,0.08806
fa_decode,1,16384,eager,22,0.08781
fa_decode,1,16384,eager,23,0.08771
fa_decode,1,16384,eager,24,0.09475
fa_decode,1,16384,eager,25,0.08528
fa_decode,1,16384,eager,26,0.07754
fa_decode,1,16384,eager,27,0.07770
fa_decode,1,16384,eager,28,0.07558
fa_decode,1,16384,eager,29,0.07562
fa_decode,8,16384,graph,0,0.14175
fa_decode,8,16384,graph,1,0.14159
fa_decode,8,16384,graph,2,0.14198
fa_decode,8,16384,graph,3,0.14181
fa_decode,8,16384,graph,4,0.14236
fa_decode,8,16384,graph,5,0.14189
fa_decode,8,16384,graph,6,0.14143
fa_decode,8,16384,graph,7,0.14171
fa_decode,8,16384,graph,8,0.14154
fa_decode,8,16384,graph,9,0.14122
fa_decode,8,16384,graph,10,0.14103
fa_decode,8,16384,graph,11,0.14187
fa_decode,8,16384,graph,12,0.14177
fa_decode,8,16384,graph,13,0.14131
fa_decode,8,16384,graph,14,0.14183
fa_decode,8,16384,graph,15,0.14144
fa_decode,8,16384,graph,16,0.14186
fa_decode,8,16384,graph,17,0.14107
fa_decode,8,16384,graph,18,0.14179
fa_decode,8,16384,graph,19,0.14149
fa_decode,8,16384,graph,20,0.14197
fa_decode,8,16384,graph,21,0.14177
fa_decode,8,16384,graph,22,0.14141
fa_decode,8,16384,graph,23,0.14125
fa_decode,8,16384,graph,24,0.14210
fa_decode,8,16384,graph,25,0.14156
fa_decode,8,16384,graph,26,0.14167
fa_decode,8,16384,graph,27,0.14143
fa_decode,8,16384,graph,28,0.14147
fa_decode,8,16384,graph,29,0.14209
fa_decode,8,16384,eager,0,0.28512
fa_decode,8,16384,eager,1,0.27002
fa_decode,8,16384,eager,2,0.26618
fa_decode,8,16384,eager,3,0.26803
fa_decode,8,16384,eager,4,0.26253
fa_decode,8,16384,eager,5,0.26147
fa_decode,8,16384,eager,6,0.34006
fa_decode,8,16384,eager,7,0.19574
fa_decode,8,16384,eager,8,0.19187
fa_decode,8,16384,eager,9,0.19213
fa_decode,8,16384,eager,10,0.18861
fa_decode,8,16384,eager,11,0.18701
fa_decode,8,16384,eager,12,0.18448
fa_decode,8,16384,eager,13,0.18346
fa_decode,8,16384,eager,14,0.18093
fa_decode,8,16384,eager,15,0.18195
fa_decode,8,16384,eager,16,0.18182
fa_decode,8,16384,eager,17,0.18118
fa_decode,8,16384,eager,18,0.18339
fa_decode,8,16384,eager,19,0.18333
fa_decode,8,16384,eager,20,0.18800
fa_decode,8,16384,eager,21,0.18275
fa_decode,8,16384,eager,22,0.18490
fa_decode,8,16384,eager,23,0.18934
fa_decode,8,16384,eager,24,0.18499
fa_decode,8,16384,eager,25,0.18720
fa_decode,8,16384,eager,26,0.18346
fa_decode,8,16384,eager,27,0.18272
fa_decode,8,16384,eager,28,0.18522
fa_decode,8,16384,eager,29,0.18464
fa_decode,16,16384,graph,0,0.26045
fa_decode,16,16384,graph,1,0.26091
fa_decode,16,16384,graph,2,0.26059
fa_decode,16,16384,graph,3,0.25996
fa_decode,16,16384,graph,4,0.26070
fa_decode,16,16384,graph,5,0.26061
fa_decode,16,16384,graph,6,0.26105
fa_decode,16,16384,graph,7,0.26208
fa_decode,16,16384,graph,8,0.26117
fa_decode,16,16384,graph,9,0.26091
fa_decode,16,16384,graph,10,0.26052
fa_decode,16,16384,graph,11,0.26039
fa_decode,16,16384,graph,12,0.25957
fa_decode,16,16384,graph,13,0.26011
fa_decode,16,16384,graph,14,0.26001
fa_decode,16,16384,graph,15,0.26012
fa_decode,16,16384,graph,16,0.26070
fa_decode,16,16384,graph,17,0.26124
fa_decode,16,16384,graph,18,0.26016
fa_decode,16,16384,graph,19,0.25995
fa_decode,16,16384,graph,20,0.26065
fa_decode,16,16384,graph,21,0.26053
fa_decode,16,16384,graph,22,0.26127
fa_decode,16,16384,graph,23,0.26159
fa_decode,16,16384,graph,24,0.26098
fa_decode,16,16384,graph,25,0.26098
fa_decode,16,16384,graph,26,0.26119
fa_decode,16,16384,graph,27,0.26033
fa_decode,16,16384,graph,28,0.26054
fa_decode,16,16384,graph,29,0.26164
fa_decode,16,16384,eager,0,0.41072
fa_decode,16,16384,eager,1,0.39891
fa_decode,16,16384,eager,2,0.40803
fa_decode,16,16384,eager,3,0.39210
fa_decode,16,16384,eager,4,0.38733
fa_decode,16,16384,eager,5,0.38400
fa_decode,16,16384,eager,6,0.38461
fa_decode,16,16384,eager,7,0.38432
fa_decode,16,16384,eager,8,0.40170
fa_decode,16,16384,eager,9,0.31776
fa_decode,16,16384,eager,10,0.30333
fa_decode,16,16384,eager,11,0.30701
fa_decode,16,16384,eager,12,0.30467
fa_decode,16,16384,eager,13,0.30362
fa_decode,16,16384,eager,14,0.30461
fa_decode,16,16384,eager,15,0.30390
fa_decode,16,16384,eager,16,0.30192
fa_decode,16,16384,eager,17,0.30253
fa_decode,16,16384,eager,18,0.30112
fa_decode,16,16384,eager,19,0.30294
fa_decode,16,16384,eager,20,0.30336
fa_decode,16,16384,eager,21,0.30237
fa_decode,16,16384,eager,22,0.29990
fa_decode,16,16384,eager,23,0.30995
fa_decode,16,16384,eager,24,0.30240
fa_decode,16,16384,eager,25,0.30147
fa_decode,16,16384,eager,26,0.30486
fa_decode,16,16384,eager,27,0.30125
fa_decode,16,16384,eager,28,0.30010
fa_decode,16,16384,eager,29,0.30182
fa_decode,32,16384,graph,0,0.49885
fa_decode,32,16384,graph,1,0.49897
fa_decode,32,16384,graph,2,0.49884
fa_decode,32,16384,graph,3,0.49872
fa_decode,32,16384,graph,4,0.49868
fa_decode,32,16384,graph,5,0.50082
fa_decode,32,16384,graph,6,0.50164
fa_decode,32,16384,graph,7,0.49735
fa_decode,32,16384,graph,8,0.49935
fa_decode,32,16384,graph,9,0.50139
fa_decode,32,16384,graph,10,0.49926
fa_decode,32,16384,graph,11,0.50112
fa_decode,32,16384,graph,12,0.49990
fa_decode,32,16384,graph,13,0.49690
fa_decode,32,16384,graph,14,0.49877
fa_decode,32,16384,graph,15,0.50117
fa_decode,32,16384,graph,16,0.50103
fa_decode,32,16384,graph,17,0.50269
fa_decode,32,16384,graph,18,0.49933
fa_decode,32,16384,graph,19,0.49658
fa_decode,32,16384,graph,20,0.49934
fa_decode,32,16384,graph,21,0.49626
fa_decode,32,16384,graph,22,0.50090
fa_decode,32,16384,graph,23,0.50063
fa_decode,32,16384,graph,24,0.49946
fa_decode,32,16384,graph,25,0.50048
fa_decode,32,16384,graph,26,0.49722
fa_decode,32,16384,graph,27,0.50014
fa_decode,32,16384,graph,28,0.49879
fa_decode,32,16384,graph,29,0.50107
fa_decode,32,16384,eager,0,0.55050
fa_decode,32,16384,eager,1,0.54816
fa_decode,32,16384,eager,2,0.54576
fa_decode,32,16384,eager,3,0.54378
fa_decode,32,16384,eager,4,0.54163
fa_decode,32,16384,eager,5,0.54480
fa_decode,32,16384,eager,6,0.54218
fa_decode,32,16384,eager,7,0.54080
fa_decode,32,16384,eager,8,0.54320
fa_decode,32,16384,eager,9,0.54355
fa_decode,32,16384,eager,10,0.53904
fa_decode,32,16384,eager,11,0.54403
fa_decode,32,16384,eager,12,0.54019
fa_decode,32,16384,eager,13,0.54800
fa_decode,32,16384,eager,14,0.54925
fa_decode,32,16384,eager,15,0.55459
fa_decode,32,16384,eager,16,0.54781
fa_decode,32,16384,eager,17,0.54435
fa_decode,32,16384,eager,18,0.54256
fa_decode,32,16384,eager,19,0.54205
fa_decode,32,16384,eager,20,0.54154
fa_decode,32,16384,eager,21,0.54102
fa_decode,32,16384,eager,22,0.54208
fa_decode,32,16384,eager,23,0.53978
fa_decode,32,16384,eager,24,0.54118
fa_decode,32,16384,eager,25,0.54160
fa_decode,32,16384,eager,26,0.53904
fa_decode,32,16384,eager,27,0.54115
fa_decode,32,16384,eager,28,0.54253
fa_decode,32,16384,eager,29,0.54291
fa_decode,64,16384,graph,0,0.98000
fa_decode,64,16384,graph,1,0.97962
fa_decode,64,16384,graph,2,0.97859
fa_decode,64,16384,graph,3,0.97770
fa_decode,64,16384,graph,4,0.97987
fa_decode,64,16384,graph,5,0.98016
fa_decode,64,16384,graph,6,0.97850
fa_decode,64,16384,graph,7,0.98086
fa_decode,64,16384,graph,8,0.98163
fa_decode,64,16384,graph,9,0.98026
fa_decode,64,16384,graph,10,0.97936
fa_decode,64,16384,graph,11,0.97222
fa_decode,64,16384,graph,12,0.97069
fa_decode,64,16384,graph,13,0.97030
fa_decode,64,16384,graph,14,0.97309
fa_decode,64,16384,graph,15,0.97130
fa_decode,64,16384,graph,16,0.97267
fa_decode,64,16384,graph,17,0.97446
fa_decode,64,16384,graph,18,0.96746
fa_decode,64,16384,graph,19,0.97152
fa_decode,64,16384,graph,20,0.97027
fa_decode,64,16384,graph,21,0.97222
fa_decode,64,16384,graph,22,0.97114
fa_decode,64,16384,graph,23,0.97146
fa_decode,64,16384,graph,24,0.97850
fa_decode,64,16384,graph,25,0.96858
fa_decode,64,16384,graph,26,0.97539
fa_decode,64,16384,graph,27,0.97174
fa_decode,64,16384,graph,28,0.97110
fa_decode,64,16384,graph,29,0.97334
fa_decode,64,16384,eager,0,1.03629
fa_decode,64,16384,eager,1,1.02410
fa_decode,64,16384,eager,2,1.02458
fa_decode,64,16384,eager,3,1.01901
fa_decode,64,16384,eager,4,1.01677
fa_decode,64,16384,eager,5,1.02598
fa_decode,64,16384,eager,6,1.02102
fa_decode,64,16384,eager,7,1.01699
fa_decode,64,16384,eager,8,1.01594
fa_decode,64,16384,eager,9,1.01558
fa_decode,64,16384,eager,10,1.01814
fa_decode,64,16384,eager,11,1.01232
fa_decode,64,16384,eager,12,1.01488
fa_decode,64,16384,eager,13,1.01632
fa_decode,64,16384,eager,14,1.01693
fa_decode,64,16384,eager,15,1.01776
fa_decode,64,16384,eager,16,1.01446
fa_decode,64,16384,eager,17,1.01453
fa_decode,64,16384,eager,18,1.01296
fa_decode,64,16384,eager,19,1.01555
fa_decode,64,16384,eager,20,1.01328
fa_decode,64,16384,eager,21,1.01376
fa_decode,64,16384,eager,22,1.01078
fa_decode,64,16384,eager,23,1.01130
fa_decode,64,16384,eager,24,1.01168
fa_decode,64,16384,eager,25,1.01078
fa_decode,64,16384,eager,26,1.01786
fa_decode,64,16384,eager,27,1.01309
fa_decode,64,16384,eager,28,1.03750
fa_decode,64,16384,eager,29,1.04022
fa_decode,1,32768,graph,0,0.05371
fa_decode,1,32768,graph,1,0.05338
fa_decode,1,32768,graph,2,0.05346
fa_decode,1,32768,graph,3,0.05366
fa_decode,1,32768,graph,4,0.05365
fa_decode,1,32768,graph,5,0.05343
fa_decode,1,32768,graph,6,0.05372
fa_decode,1,32768,graph,7,0.05369
fa_decode,1,32768,graph,8,0.05372
fa_decode,1,32768,graph,9,0.05379
fa_decode,1,32768,graph,10,0.05397
fa_decode,1,32768,graph,11,0.05376
fa_decode,1,32768,graph,12,0.05408
fa_decode,1,32768,graph,13,0.05368
fa_decode,1,32768,graph,14,0.05366
fa_decode,1,32768,graph,15,0.05382
fa_decode,1,32768,graph,16,0.05371
fa_decode,1,32768,graph,17,0.05342
fa_decode,1,32768,graph,18,0.05390
fa_decode,1,32768,graph,19,0.05374
fa_decode,1,32768,graph,20,0.05393
fa_decode,1,32768,graph,21,0.05365
fa_decode,1,32768,graph,22,0.05343
fa_decode,1,32768,graph,23,0.05349
fa_decode,1,32768,graph,24,0.05356
fa_decode,1,32768,graph,25,0.05368
fa_decode,1,32768,graph,26,0.05368
fa_decode,1,32768,graph,27,0.05357
fa_decode,1,32768,graph,28,0.05367
fa_decode,1,32768,graph,29,0.05348
fa_decode,1,32768,eager,0,0.13046
fa_decode,1,32768,eager,1,0.12704
fa_decode,1,32768,eager,2,0.12448
fa_decode,1,32768,eager,3,0.12365
fa_decode,1,32768,eager,4,0.12147
fa_decode,1,32768,eager,5,0.12256
fa_decode,1,32768,eager,6,0.12198
fa_decode,1,32768,eager,7,0.11782
fa_decode,1,32768,eager,8,0.11904
fa_decode,1,32768,eager,9,0.12646
fa_decode,1,32768,eager,10,0.12006
fa_decode,1,32768,eager,11,0.11814
fa_decode,1,32768,eager,12,0.12029
fa_decode,1,32768,eager,13,0.11952
fa_decode,1,32768,eager,14,0.11946
fa_decode,1,32768,eager,15,0.11811
fa_decode,1,32768,eager,16,0.12067
fa_decode,1,32768,eager,17,0.11952
fa_decode,1,32768,eager,18,0.11814
fa_decode,1,32768,eager,19,0.11757
fa_decode,1,32768,eager,20,0.12067
fa_decode,1,32768,eager,21,0.11885
fa_decode,1,32768,eager,22,0.11011
fa_decode,1,32768,eager,23,0.10646
fa_decode,1,32768,eager,24,0.10000
fa_decode,1,32768,eager,25,0.09917
fa_decode,1,32768,eager,26,0.09965
fa_decode,1,32768,eager,27,0.09811
fa_decode,1,32768,eager,28,0.10029
fa_decode,1,32768,eager,29,0.09990
fa_decode,8,32768,graph,0,0.26123
fa_decode,8,32768,graph,1,0.26128
fa_decode,8,32768,graph,2,0.26049
fa_decode,8,32768,graph,3,0.26166
fa_decode,8,32768,graph,4,0.26110
fa_decode,8,32768,graph,5,0.26017
fa_decode,8,32768,graph,6,0.26035
fa_decode,8,32768,graph,7,0.26109
fa_decode,8,32768,graph,8,0.26129
fa_decode,8,32768,graph,9,0.26094
fa_decode,8,32768,graph,10,0.26136
fa_decode,8,32768,graph,11,0.26011
fa_decode,8,32768,graph,12,0.26055
fa_decode,8,32768,graph,13,0.26058
fa_decode,8,32768,graph,14,0.26134
fa_decode,8,32768,graph,15,0.26048
fa_decode,8,32768,graph,16,0.26022
fa_decode,8,32768,graph,17,0.26047
fa_decode,8,32768,graph,18,0.26090
fa_decode,8,32768,graph,19,0.26040
fa_decode,8,32768,graph,20,0.26052
fa_decode,8,32768,graph,21,0.26074
fa_decode,8,32768,graph,22,0.26138
fa_decode,8,32768,graph,23,0.25971
fa_decode,8,32768,graph,24,0.26019
fa_decode,8,32768,graph,25,0.25969
fa_decode,8,32768,graph,26,0.26109
fa_decode,8,32768,graph,27,0.26104
fa_decode,8,32768,graph,28,0.26136
fa_decode,8,32768,graph,29,0.26054
fa_decode,8,32768,eager,0,0.32390
fa_decode,8,32768,eager,1,0.30912
fa_decode,8,32768,eager,2,0.30918
fa_decode,8,32768,eager,3,0.30704
fa_decode,8,32768,eager,4,0.30362
fa_decode,8,32768,eager,5,0.30378
fa_decode,8,32768,eager,6,0.30458
fa_decode,8,32768,eager,7,0.30397
fa_decode,8,32768,eager,8,0.30371
fa_decode,8,32768,eager,9,0.30355
fa_decode,8,32768,eager,10,0.30314
fa_decode,8,32768,eager,11,0.30218
fa_decode,8,32768,eager,12,0.30682
fa_decode,8,32768,eager,13,0.30381
fa_decode,8,32768,eager,14,0.30170
fa_decode,8,32768,eager,15,0.30701
fa_decode,8,32768,eager,16,0.30346
fa_decode,8,32768,eager,17,0.30422
fa_decode,8,32768,eager,18,0.30832
fa_decode,8,32768,eager,19,0.30368
fa_decode,8,32768,eager,20,0.30317
fa_decode,8,32768,eager,21,0.30659
fa_decode,8,32768,eager,22,0.30278
fa_decode,8,32768,eager,23,0.30173
fa_decode,8,32768,eager,24,0.30173
fa_decode,8,32768,eager,25,0.30362
fa_decode,8,32768,eager,26,0.30147
fa_decode,8,32768,eager,27,0.30250
fa_decode,8,32768,eager,28,0.30339
fa_decode,8,32768,eager,29,0.30282
fa_decode,16,32768,graph,0,0.50250
fa_decode,16,32768,graph,1,0.50188
fa_decode,16,32768,graph,2,0.50171
fa_decode,16,32768,graph,3,0.50312
fa_decode,16,32768,graph,4,0.50079
fa_decode,16,32768,graph,5,0.49966
fa_decode,16,32768,graph,6,0.49889
fa_decode,16,32768,graph,7,0.50230
fa_decode,16,32768,graph,8,0.50140
fa_decode,16,32768,graph,9,0.50035
fa_decode,16,32768,graph,10,0.50085
fa_decode,16,32768,graph,11,0.50228
fa_decode,16,32768,graph,12,0.50184
fa_decode,16,32768,graph,13,0.50365
fa_decode,16,32768,graph,14,0.50142
fa_decode,16,32768,graph,15,0.50311
fa_decode,16,32768,graph,16,0.50089
fa_decode,16,32768,graph,17,0.50231
fa_decode,16,32768,graph,18,0.50394
fa_decode,16,32768,graph,19,0.50311
fa_decode,16,32768,graph,20,0.50175
fa_decode,16,32768,graph,21,0.50254
fa_decode,16,32768,graph,22,0.49839
fa_decode,16,32768,graph,23,0.50035
fa_decode,16,32768,graph,24,0.49900
fa_decode,16,32768,graph,25,0.50104
fa_decode,16,32768,graph,26,0.49983
fa_decode,16,32768,graph,27,0.49883
fa_decode,16,32768,graph,28,0.49972
fa_decode,16,32768,graph,29,0.50244
fa_decode,16,32768,eager,0,0.64445
fa_decode,16,32768,eager,1,0.56554
fa_decode,16,32768,eager,2,0.54819
fa_decode,16,32768,eager,3,0.54646
fa_decode,16,32768,eager,4,0.54483
fa_decode,16,32768,eager,5,0.54560
fa_decode,16,32768,eager,6,0.54464
fa_decode,16,32768,eager,7,0.54534
fa_decode,16,32768,eager,8,0.54650
fa_decode,16,32768,eager,9,0.54307
fa_decode,16,32768,eager,10,0.54480
fa_decode,16,32768,eager,11,0.54451
fa_decode,16,32768,eager,12,0.54429
fa_decode,16,32768,eager,13,0.54378
fa_decode,16,32768,eager,14,0.54400
fa_decode,16,32768,eager,15,0.54355
fa_decode,16,32768,eager,16,0.54301
fa_decode,16,32768,eager,17,0.54496
fa_decode,16,32768,eager,18,0.54595
fa_decode,16,32768,eager,19,0.54531
fa_decode,16,32768,eager,20,0.54272
fa_decode,16,32768,eager,21,0.54749
fa_decode,16,32768,eager,22,0.54608
fa_decode,16,32768,eager,23,0.54707
fa_decode,16,32768,eager,24,0.54410
fa_decode,16,32768,eager,25,0.54163
fa_decode,16,32768,eager,26,0.53990
fa_decode,16,32768,eager,27,0.53971
fa_decode,16,32768,eager,28,0.54192
fa_decode,16,32768,eager,29,0.54243
fa_decode,32,32768,graph,0,1.04246
fa_decode,32,32768,graph,1,0.99024
fa_decode,32,32768,graph,2,0.99946
fa_decode,32,32768,graph,3,0.99315
fa_decode,32,32768,graph,4,0.99002
fa_decode,32,32768,graph,5,0.99994
fa_decode,32,32768,graph,6,0.99750
fa_decode,32,32768,graph,7,0.99075
fa_decode,32,32768,graph,8,0.99280
fa_decode,32,32768,graph,9,0.99117
fa_decode,32,32768,graph,10,0.98125
fa_decode,32,32768,graph,11,0.97984
fa_decode,32,32768,graph,12,0.97814
fa_decode,32,32768,graph,13,0.97322
fa_decode,32,32768,graph,14,0.97901
fa_decode,32,32768,graph,15,0.97664
fa_decode,32,32768,graph,16,0.97987
fa_decode,32,32768,graph,17,0.97994
fa_decode,32,32768,graph,18,0.97661
fa_decode,32,32768,graph,19,0.97638
fa_decode,32,32768,graph,20,0.97427
fa_decode,32,32768,graph,21,0.97443
fa_decode,32,32768,graph,22,0.97776
fa_decode,32,32768,graph,23,0.97702
fa_decode,32,32768,graph,24,0.97475
fa_decode,32,32768,graph,25,0.97418
fa_decode,32,32768,graph,26,0.97562
fa_decode,32,32768,graph,27,0.98058
fa_decode,32,32768,graph,28,0.97587
fa_decode,32,32768,graph,29,0.95939
fa_decode,32,32768,eager,0,1.02976
fa_decode,32,32768,eager,1,1.03200
fa_decode,32,32768,eager,2,1.02240
fa_decode,32,32768,eager,3,1.02118
fa_decode,32,32768,eager,4,1.01965
fa_decode,32,32768,eager,5,1.01722
fa_decode,32,32768,eager,6,1.02013
fa_decode,32,32768,eager,7,1.01674
fa_decode,32,32768,eager,8,1.02083
fa_decode,32,32768,eager,9,1.02378
fa_decode,32,32768,eager,10,1.01728
fa_decode,32,32768,eager,11,1.01920
fa_decode,32,32768,eager,12,1.01968
fa_decode,32,32768,eager,13,1.01952
fa_decode,32,32768,eager,14,1.01667
fa_decode,32,32768,eager,15,1.01901
fa_decode,32,32768,eager,16,1.01472
fa_decode,32,32768,eager,17,1.01744
fa_decode,32,32768,eager,18,1.02134
fa_decode,32,32768,eager,19,1.02298
fa_decode,32,32768,eager,20,1.02582
fa_decode,32,32768,eager,21,1.02099
fa_decode,32,32768,eager,22,1.02246
fa_decode,32,32768,eager,23,1.02029
fa_decode,32,32768,eager,24,1.01974
fa_decode,32,32768,eager,25,1.01907
fa_decode,32,32768,eager,26,1.01862
fa_decode,32,32768,eager,27,1.01597
fa_decode,32,32768,eager,28,1.01792
fa_decode,32,32768,eager,29,1.06042
fa_decode,64,32768,graph,0,1.90754
fa_decode,64,32768,graph,1,1.90142
fa_decode,64,32768,graph,2,1.90763
fa_decode,64,32768,graph,3,1.91077
fa_decode,64,32768,graph,4,1.92117
fa_decode,64,32768,graph,5,1.91330
fa_decode,64,32768,graph,6,1.92968
fa_decode,64,32768,graph,7,1.92594
fa_decode,64,32768,graph,8,1.92581
fa_decode,64,32768,graph,9,1.93285
fa_decode,64,32768,graph,10,1.92440
fa_decode,64,32768,graph,11,1.92699
fa_decode,64,32768,graph,12,1.92654
fa_decode,64,32768,graph,13,1.93115
fa_decode,64,32768,graph,14,1.92366
fa_decode,64,32768,graph,15,1.92613
fa_decode,64,32768,graph,16,1.92786
fa_decode,64,32768,graph,17,1.92574
fa_decode,64,32768,graph,18,1.92357
fa_decode,64,32768,graph,19,1.92885
fa_decode,64,32768,graph,20,1.94386
fa_decode,64,32768,graph,21,1.94549
fa_decode,64,32768,graph,22,1.94686
fa_decode,64,32768,graph,23,1.94942
fa_decode,64,32768,graph,24,1.95048
fa_decode,64,32768,graph,25,1.94728
fa_decode,64,32768,graph,26,1.95752
fa_decode,64,32768,graph,27,1.97224
fa_decode,64,32768,graph,28,1.96862
fa_decode,64,32768,graph,29,1.96814
fa_decode,64,32768,eager,0,1.98819
fa_decode,64,32768,eager,1,1.97277
fa_decode,64,32768,eager,2,1.97232
fa_decode,64,32768,eager,3,1.97478
fa_decode,64,32768,eager,4,1.96877
fa_decode,64,32768,eager,5,1.96986
fa_decode,64,32768,eager,6,1.97091
fa_decode,64,32768,eager,7,1.97309
fa_decode,64,32768,eager,8,1.96614
fa_decode,64,32768,eager,9,1.96502
fa_decode,64,32768,eager,10,1.96534
fa_decode,64,32768,eager,11,1.97347
fa_decode,64,32768,eager,12,1.96058
fa_decode,64,32768,eager,13,1.99942
fa_decode,64,32768,eager,14,2.04426
fa_decode,64,32768,eager,15,2.03728
fa_decode,64,32768,eager,16,2.02000
fa_decode,64,32768,eager,17,2.03104
fa_decode,64,32768,eager,18,2.02723
fa_decode,64,32768,eager,19,2.03722
fa_decode,64,32768,eager,20,2.02432
fa_decode,64,32768,eager,21,2.01440
fa_decode,64,32768,eager,22,2.02045
fa_decode,64,32768,eager,23,2.02966
fa_decode,64,32768,eager,24,2.02368
fa_decode,64,32768,eager,25,2.03411
fa_decode,64,32768,eager,26,2.02717
fa_decode,64,32768,eager,27,2.01965
fa_decode,64,32768,eager,28,2.01981
fa_decode,64,32768,eager,29,2.03110
fa_decode,1,65536,graph,0,0.08636
fa_decode,1,65536,graph,1,0.08675
fa_decode,1,65536,graph,2,0.08652
fa_decode,1,65536,graph,3,0.08695
fa_decode,1,65536,graph,4,0.08681
fa_decode,1,65536,graph,5,0.08690
fa_decode,1,65536,graph,6,0.08594
fa_decode,1,65536,graph,7,0.08628
fa_decode,1,65536,graph,8,0.08670
fa_decode,1,65536,graph,9,0.08642
fa_decode,1,65536,graph,10,0.08593
fa_decode,1,65536,graph,11,0.08647
fa_decode,1,65536,graph,12,0.08608
fa_decode,1,65536,graph,13,0.08664
fa_decode,1,65536,graph,14,0.08640
fa_decode,1,65536,graph,15,0.08616
fa_decode,1,65536,graph,16,0.08680
fa_decode,1,65536,graph,17,0.08576
fa_decode,1,65536,graph,18,0.08626
fa_decode,1,65536,graph,19,0.08662
fa_decode,1,65536,graph,20,0.08591
fa_decode,1,65536,graph,21,0.08627
fa_decode,1,65536,graph,22,0.08632
fa_decode,1,65536,graph,23,0.08632
fa_decode,1,65536,graph,24,0.08661
fa_decode,1,65536,graph,25,0.08624
fa_decode,1,65536,graph,26,0.08665
fa_decode,1,65536,graph,27,0.08602
fa_decode,1,65536,graph,28,0.08638
fa_decode,1,65536,graph,29,0.08587
fa_decode,1,65536,eager,0,0.21946
fa_decode,1,65536,eager,1,0.21411
fa_decode,1,65536,eager,2,0.20822
fa_decode,1,65536,eager,3,0.20682
fa_decode,1,65536,eager,4,0.20234
fa_decode,1,65536,eager,5,0.20432
fa_decode,1,65536,eager,6,0.20342
fa_decode,1,65536,eager,7,0.20483
fa_decode,1,65536,eager,8,0.19946
fa_decode,1,65536,eager,9,0.20042
fa_decode,1,65536,eager,10,0.20106
fa_decode,1,65536,eager,11,0.19926
fa_decode,1,65536,eager,12,0.19798
fa_decode,1,65536,eager,13,0.19990
fa_decode,1,65536,eager,14,0.19590
fa_decode,1,65536,eager,15,0.19898
fa_decode,1,65536,eager,16,0.19738
fa_decode,1,65536,eager,17,0.19843
fa_decode,1,65536,eager,18,0.19338
fa_decode,1,65536,eager,19,0.19485
fa_decode,1,65536,eager,20,0.20067
fa_decode,1,65536,eager,21,0.19862
fa_decode,1,65536,eager,22,0.19773
fa_decode,1,65536,eager,23,0.19238
fa_decode,1,65536,eager,24,0.19286
fa_decode,1,65536,eager,25,0.19222
fa_decode,1,65536,eager,26,0.19539
fa_decode,1,65536,eager,27,0.19267
fa_decode,1,65536,eager,28,0.19136
fa_decode,1,65536,eager,29,0.29574
fa_decode,8,65536,graph,0,0.50124
fa_decode,8,65536,graph,1,0.50042
fa_decode,8,65536,graph,2,0.49936
fa_decode,8,65536,graph,3,0.50393
fa_decode,8,65536,graph,4,0.50071
fa_decode,8,65536,graph,5,0.50220
fa_decode,8,65536,graph,6,0.50062
fa_decode,8,65536,graph,7,0.50073
fa_decode,8,65536,graph,8,0.50085
fa_decode,8,65536,graph,9,0.49919
fa_decode,8,65536,graph,10,0.50045
fa_decode,8,65536,graph,11,0.50140
fa_decode,8,65536,graph,12,0.50474
fa_decode,8,65536,graph,13,0.49927
fa_decode,8,65536,graph,14,0.50058
fa_decode,8,65536,graph,15,0.50041
fa_decode,8,65536,graph,16,0.50057
fa_decode,8,65536,graph,17,0.50252
fa_decode,8,65536,graph,18,0.50091
fa_decode,8,65536,graph,19,0.50094
fa_decode,8,65536,graph,20,0.49952
fa_decode,8,65536,graph,21,0.49906
fa_decode,8,65536,graph,22,0.50313
fa_decode,8,65536,graph,23,0.49844
fa_decode,8,65536,graph,24,0.49954
fa_decode,8,65536,graph,25,0.50101
fa_decode,8,65536,graph,26,0.50223
fa_decode,8,65536,graph,27,0.50352
fa_decode,8,65536,graph,28,0.50320
fa_decode,8,65536,graph,29,0.50118
fa_decode,8,65536,eager,0,0.55702
fa_decode,8,65536,eager,1,0.55088
fa_decode,8,65536,eager,2,0.54867
fa_decode,8,65536,eager,3,0.55312
fa_decode,8,65536,eager,4,0.55405
fa_decode,8,65536,eager,5,0.54787
fa_decode,8,65536,eager,6,0.54806
fa_decode,8,65536,eager,7,0.54592
fa_decode,8,65536,eager,8,0.54662
fa_decode,8,65536,eager,9,0.54598
fa_decode,8,65536,eager,10,0.55123
fa_decode,8,65536,eager,11,0.54832
fa_decode,8,65536,eager,12,0.54403
fa_decode,8,65536,eager,13,0.54982
fa_decode,8,65536,eager,14,0.54669
fa_decode,8,65536,eager,15,0.54698
fa_decode,8,65536,eager,16,0.54739
fa_decode,8,65536,eager,17,0.54509
fa_decode,8,65536,eager,18,0.55037
fa_decode,8,65536,eager,19,0.54806
fa_decode,8,65536,eager,20,0.54451
fa_decode,8,65536,eager,21,0.54934
fa_decode,8,65536,eager,22,0.54493
fa_decode,8,65536,eager,23,0.54950
fa_decode,8,65536,eager,24,0.54579
fa_decode,8,65536,eager,25,0.55094
fa_decode,8,65536,eager,26,0.54528
fa_decode,8,65536,eager,27,0.54467
fa_decode,8,65536,eager,28,0.54608
fa_decode,8,65536,eager,29,0.54461
fa_decode,16,65536,graph,0,0.96238
fa_decode,16,65536,graph,1,0.96299
fa_decode,16,65536,graph,2,0.96901
fa_decode,16,65536,graph,3,0.97122
fa_decode,16,65536,graph,4,0.96626
fa_decode,16,65536,graph,5,0.97051
fa_decode,16,65536,graph,6,0.97250
fa_decode,16,65536,graph,7,0.97054
fa_decode,16,65536,graph,8,0.97403
fa_decode,16,65536,graph,9,0.96619
fa_decode,16,65536,graph,10,0.97090
fa_decode,16,65536,graph,11,0.96277
fa_decode,16,65536,graph,12,0.96670
fa_decode,16,65536,graph,13,0.97461
fa_decode,16,65536,graph,14,0.97554
fa_decode,16,65536,graph,15,0.96312
fa_decode,16,65536,graph,16,0.96802
fa_decode,16,65536,graph,17,0.97141
fa_decode,16,65536,graph,18,0.96978
fa_decode,16,65536,graph,19,0.96136
fa_decode,16,65536,graph,20,0.96187
fa_decode,16,65536,graph,21,0.96651
fa_decode,16,65536,graph,22,0.96731
fa_decode,16,65536,graph,23,0.96686
fa_decode,16,65536,graph,24,0.96242
fa_decode,16,65536,graph,25,0.96642
fa_decode,16,65536,graph,26,0.96680
fa_decode,16,65536,graph,27,0.96814
fa_decode,16,65536,graph,28,0.96072
fa_decode,16,65536,graph,29,0.96037
fa_decode,16,65536,eager,0,1.03776
fa_decode,16,65536,eager,1,1.02362
fa_decode,16,65536,eager,2,1.02339
fa_decode,16,65536,eager,3,1.02499
fa_decode,16,65536,eager,4,1.02218
fa_decode,16,65536,eager,5,1.02608
fa_decode,16,65536,eager,6,1.02154
fa_decode,16,65536,eager,7,1.01968
fa_decode,16,65536,eager,8,1.02387
fa_decode,16,65536,eager,9,1.01808
fa_decode,16,65536,eager,10,1.02045
fa_decode,16,65536,eager,11,1.01875
fa_decode,16,65536,eager,12,1.02470
fa_decode,16,65536,eager,13,1.02029
fa_decode,16,65536,eager,14,1.04762
fa_decode,16,65536,eager,15,1.03350
fa_decode,16,65536,eager,16,1.03059
fa_decode,16,65536,eager,17,1.02966
fa_decode,16,65536,eager,18,1.03146
fa_decode,16,65536,eager,19,1.02765
fa_decode,16,65536,eager,20,1.03507
fa_decode,16,65536,eager,21,1.03133
fa_decode,16,65536,eager,22,1.03667
fa_decode,16,65536,eager,23,1.03114
fa_decode,16,65536,eager,24,1.03120
fa_decode,16,65536,eager,25,1.04122
fa_decode,16,65536,eager,26,1.03110
fa_decode,16,65536,eager,27,1.03011
fa_decode,16,65536,eager,28,1.03136
fa_decode,16,65536,eager,29,1.03517
fa_decode,32,65536,graph,0,1.90496
fa_decode,32,65536,graph,1,1.91386
fa_decode,32,65536,graph,2,1.93776
fa_decode,32,65536,graph,3,1.92496
fa_decode,32,65536,graph,4,1.93459
fa_decode,32,65536,graph,5,1.94461
fa_decode,32,65536,graph,6,1.92755
fa_decode,32,65536,graph,7,1.94422
fa_decode,32,65536,graph,8,1.93994
fa_decode,32,65536,graph,9,1.94346
fa_decode,32,65536,graph,10,1.93766
fa_decode,32,65536,graph,11,1.93798
fa_decode,32,65536,graph,12,1.93446
fa_decode,32,65536,graph,13,1.92602
fa_decode,32,65536,graph,14,1.92685
fa_decode,32,65536,graph,15,1.92726
fa_decode,32,65536,graph,16,1.93101
fa_decode,32,65536,graph,17,1.93792
fa_decode,32,65536,graph,18,1.92768
fa_decode,32,65536,graph,19,1.93696
fa_decode,32,65536,graph,20,1.93376
fa_decode,32,65536,graph,21,1.93347
fa_decode,32,65536,graph,22,1.92758
fa_decode,32,65536,graph,23,1.93584
fa_decode,32,65536,graph,24,1.93325
fa_decode,32,65536,graph,25,1.92822
fa_decode,32,65536,graph,26,1.93363
fa_decode,32,65536,graph,27,1.92701
fa_decode,32,65536,graph,28,1.92598
fa_decode,32,65536,graph,29,1.93008
fa_decode,32,65536,eager,0,1.97872
fa_decode,32,65536,eager,1,1.97821
fa_decode,32,65536,eager,2,1.97315
fa_decode,32,65536,eager,3,1.97469
fa_decode,32,65536,eager,4,1.96928
fa_decode,32,65536,eager,5,1.97741
fa_decode,32,65536,eager,6,2.01994
fa_decode,32,65536,eager,7,2.04842
fa_decode,32,65536,eager,8,2.05187
fa_decode,32,65536,eager,9,2.05587
fa_decode,32,65536,eager,10,2.05021
fa_decode,32,65536,eager,11,2.04947
fa_decode,32,65536,eager,12,2.03501
fa_decode,32,65536,eager,13,2.02851
fa_decode,32,65536,eager,14,2.05110
fa_decode,32,65536,eager,15,2.04451
fa_decode,32,65536,eager,16,2.11606
fa_decode,32,65536,eager,17,2.23286
fa_decode,32,65536,eager,18,2.22851
fa_decode,32,65536,eager,19,2.22368
fa_decode,32,65536,eager,20,2.21770
fa_decode,32,65536,eager,21,2.21162
fa_decode,32,65536,eager,22,2.24077
fa_decode,32,65536,eager,23,2.22326
fa_decode,32,65536,eager,24,2.23325
fa_decode,32,65536,eager,25,2.23280
fa_decode,32,65536,eager,26,2.29261
fa_decode,32,65536,eager,27,2.28710
fa_decode,32,65536,eager,28,2.27258
fa_decode,32,65536,eager,29,2.29091
fa_decode,64,65536,graph,0,3.84805
fa_decode,64,65536,graph,1,3.84875
fa_decode,64,65536,graph,2,3.90302
fa_decode,64,65536,graph,3,3.87080
fa_decode,64,65536,graph,4,3.89378
fa_decode,64,65536,graph,5,3.86946
fa_decode,64,65536,graph,6,3.88507
fa_decode,64,65536,graph,7,3.92107
fa_decode,64,65536,graph,8,3.92277
fa_decode,64,65536,graph,9,3.92469
fa_decode,64,65536,graph,10,3.93294
fa_decode,64,65536,graph,11,3.95829
fa_decode,64,65536,graph,12,3.99061
fa_decode,64,65536,graph,13,3.99563
fa_decode,64,65536,graph,14,3.99854
fa_decode,64,65536,graph,15,3.99221
fa_decode,64,65536,graph,16,3.99013
fa_decode,64,65536,graph,17,4.01150
fa_decode,64,65536,graph,18,3.98936
fa_decode,64,65536,graph,19,3.97234
fa_decode,64,65536,graph,20,3.96894
fa_decode,64,65536,graph,21,3.97835
fa_decode,64,65536,graph,22,3.97502
fa_decode,64,65536,graph,23,3.97582
fa_decode,64,65536,graph,24,3.97166
fa_decode,64,65536,graph,25,3.98549
fa_decode,64,65536,graph,26,3.99166
fa_decode,64,65536,graph,27,3.99787
fa_decode,64,65536,graph,28,3.99134
fa_decode,64,65536,graph,29,3.98782
fa_decode,64,65536,eager,0,4.10141
fa_decode,64,65536,eager,1,4.08451
fa_decode,64,65536,eager,2,4.09632
fa_decode,64,65536,eager,3,4.08819
fa_decode,64,65536,eager,4,4.42416
fa_decode,64,65536,eager,5,4.43814
fa_decode,64,65536,eager,6,4.43331
fa_decode,64,65536,eager,7,4.44800
fa_decode,64,65536,eager,8,4.44614
fa_decode,64,65536,eager,9,4.44438
fa_decode,64,65536,eager,10,4.43363
fa_decode,64,65536,eager,11,4.45114
fa_decode,64,65536,eager,12,4.43850
fa_decode,64,65536,eager,13,4.44384
fa_decode,64,65536,eager,14,4.44413
fa_decode,64,65536,eager,15,4.44928
fa_decode,64,65536,eager,16,4.44896
fa_decode,64,65536,eager,17,4.44272
fa_decode,64,65536,eager,18,4.44787
fa_decode,64,65536,eager,19,4.34717
fa_decode,64,65536,eager,20,4.34454
fa_decode,64,65536,eager,21,4.34749
fa_decode,64,65536,eager,22,4.34592
fa_decode,64,65536,eager,23,4.34653
fa_decode,64,65536,eager,24,4.34163
fa_decode,64,65536,eager,25,4.33712
fa_decode,64,65536,eager,26,4.33878
fa_decode,64,65536,eager,27,4.34768
fa_decode,64,65536,eager,28,4.34061
fa_decode,64,65536,eager,29,4.33542
fa_decode,1,131072,graph,0,0.15075
fa_decode,1,131072,graph,1,0.14950
fa_decode,1,131072,graph,2,0.14866
fa_decode,1,131072,graph,3,0.14878
fa_decode,1,131072,graph,4,0.14892
fa_decode,1,131072,graph,5,0.14821
fa_decode,1,131072,graph,6,0.14776
fa_decode,1,131072,graph,7,0.14855
fa_decode,1,131072,graph,8,0.14954
fa_decode,1,131072,graph,9,0.14840
fa_decode,1,131072,graph,10,0.14878
fa_decode,1,131072,graph,11,0.14800
fa_decode,1,131072,graph,12,0.14812
fa_decode,1,131072,graph,13,0.14715
fa_decode,1,131072,graph,14,0.14755
fa_decode,1,131072,graph,15,0.14855
fa_decode,1,131072,graph,16,0.14654
fa_decode,1,131072,graph,17,0.14858
fa_decode,1,131072,graph,18,0.14937
fa_decode,1,131072,graph,19,0.14869
fa_decode,1,131072,graph,20,0.14884
fa_decode,1,131072,graph,21,0.14762
fa_decode,1,131072,graph,22,0.14827
fa_decode,1,131072,graph,23,0.14893
fa_decode,1,131072,graph,24,0.14796
fa_decode,1,131072,graph,25,0.14879
fa_decode,1,131072,graph,26,0.14844
fa_decode,1,131072,graph,27,0.14777
fa_decode,1,131072,graph,28,0.14874
fa_decode,1,131072,graph,29,0.14862
fa_decode,1,131072,eager,0,0.27181
fa_decode,1,131072,eager,1,0.27334
fa_decode,1,131072,eager,2,0.25533
fa_decode,1,131072,eager,3,0.20541
fa_decode,1,131072,eager,4,0.18746
fa_decode,1,131072,eager,5,0.19082
fa_decode,1,131072,eager,6,0.18720
fa_decode,1,131072,eager,7,0.18534
fa_decode,1,131072,eager,8,0.18582
fa_decode,1,131072,eager,9,0.18717
fa_decode,1,131072,eager,10,0.18650
fa_decode,1,131072,eager,11,0.18640
fa_decode,1,131072,eager,12,0.18403
fa_decode,1,131072,eager,13,0.18906
fa_decode,1,131072,eager,14,0.19958
fa_decode,1,131072,eager,15,0.18739
fa_decode,1,131072,eager,16,0.18637
fa_decode,1,131072,eager,17,0.18547
fa_decode,1,131072,eager,18,0.23478
fa_decode,1,131072,eager,19,0.20461
fa_decode,1,131072,eager,20,0.18992
fa_decode,1,131072,eager,21,0.18784
fa_decode,1,131072,eager,22,0.21293
fa_decode,1,131072,eager,23,0.19619
fa_decode,1,131072,eager,24,0.18749
fa_decode,1,131072,eager,25,0.18659
fa_decode,1,131072,eager,26,0.18410
fa_decode,1,131072,eager,27,0.18560
fa_decode,1,131072,eager,28,0.18986
fa_decode,1,131072,eager,29,0.18989
fa_decode,8,131072,graph,0,1.04530
fa_decode,8,131072,graph,1,1.03938
fa_decode,8,131072,graph,2,0.98597
fa_decode,8,131072,graph,3,0.96882
fa_decode,8,131072,graph,4,0.96190
fa_decode,8,131072,graph,5,0.96347
fa_decode,8,131072,graph,6,0.96776
fa_decode,8,131072,graph,7,0.96587
fa_decode,8,131072,graph,8,0.96443
fa_decode,8,131072,graph,9,0.96629
fa_decode,8,131072,graph,10,0.96142
fa_decode,8,131072,graph,11,0.96312
fa_decode,8,131072,graph,12,0.96245
fa_decode,8,131072,graph,13,0.96651
fa_decode,8,131072,graph,14,0.97221
fa_decode,8,131072,graph,15,0.96510
fa_decode,8,131072,graph,16,0.95656
fa_decode,8,131072,graph,17,0.96597
fa_decode,8,131072,graph,18,0.96302
fa_decode,8,131072,graph,19,0.96466
fa_decode,8,131072,graph,20,0.96088
fa_decode,8,131072,graph,21,0.96763
fa_decode,8,131072,graph,22,0.96117
fa_decode,8,131072,graph,23,0.96837
fa_decode,8,131072,graph,24,0.96520
fa_decode,8,131072,graph,25,0.96197
fa_decode,8,131072,graph,26,0.96565
fa_decode,8,131072,graph,27,0.96168
fa_decode,8,131072,graph,28,0.96190
fa_decode,8,131072,graph,29,0.96056
fa_decode,8,131072,eager,0,1.03510
fa_decode,8,131072,eager,1,1.02762
fa_decode,8,131072,eager,2,1.02502
fa_decode,8,131072,eager,3,1.02064
fa_decode,8,131072,eager,4,1.02320
fa_decode,8,131072,eager,5,1.02682
fa_decode,8,131072,eager,6,1.02634
fa_decode,8,131072,eager,7,1.02842
fa_decode,8,131072,eager,8,1.01917
fa_decode,8,131072,eager,9,1.02262
fa_decode,8,131072,eager,10,1.03114
fa_decode,8,131072,eager,11,1.02982
fa_decode,8,131072,eager,12,1.02656
fa_decode,8,131072,eager,13,1.01862
fa_decode,8,131072,eager,14,1.02736
fa_decode,8,131072,eager,15,1.02682
fa_decode,8,131072,eager,16,1.02669
fa_decode,8,131072,eager,17,1.02285
fa_decode,8,131072,eager,18,1.02237
fa_decode,8,131072,eager,19,1.02259
fa_decode,8,131072,eager,20,1.02512
fa_decode,8,131072,eager,21,1.02816
fa_decode,8,131072,eager,22,1.02090
fa_decode,8,131072,eager,23,1.02070
fa_decode,8,131072,eager,24,1.02355
fa_decode,8,131072,eager,25,1.02454
fa_decode,8,131072,eager,26,1.02726
fa_decode,8,131072,eager,27,1.02896
fa_decode,8,131072,eager,28,1.02147
fa_decode,8,131072,eager,29,1.02083
fa_decode,16,131072,graph,0,1.92086
fa_decode,16,131072,graph,1,1.92442
fa_decode,16,131072,graph,2,1.93194
fa_decode,16,131072,graph,3,1.93789
fa_decode,16,131072,graph,4,1.93923
fa_decode,16,131072,graph,5,1.93363
fa_decode,16,131072,graph,6,1.93120
fa_decode,16,131072,graph,7,1.91258
fa_decode,16,131072,graph,8,1.92899
fa_decode,16,131072,graph,9,1.91827
fa_decode,16,131072,graph,10,1.91517
fa_decode,16,131072,graph,11,1.93050
fa_decode,16,131072,graph,12,1.91056
fa_decode,16,131072,graph,13,1.93014
fa_decode,16,131072,graph,14,1.90973
fa_decode,16,131072,graph,15,1.90640
fa_decode,16,131072,graph,16,1.92448
fa_decode,16,131072,graph,17,1.94195
fa_decode,16,131072,graph,18,1.92906
fa_decode,16,131072,graph,19,1.93642
fa_decode,16,131072,graph,20,1.94189
fa_decode,16,131072,graph,21,1.91434
fa_decode,16,131072,graph,22,1.92982
fa_decode,16,131072,graph,23,1.92269
fa_decode,16,131072,graph,24,1.92454
fa_decode,16,131072,graph,25,1.92320
fa_decode,16,131072,graph,26,1.90883
fa_decode,16,131072,graph,27,1.93808
fa_decode,16,131072,graph,28,1.93270
fa_decode,16,131072,graph,29,1.94125
fa_decode,16,131072,eager,0,1.99363
fa_decode,16,131072,eager,1,1.98560
fa_decode,16,131072,eager,2,1.98320
fa_decode,16,131072,eager,3,1.98093
fa_decode,16,131072,eager,4,1.97533
fa_decode,16,131072,eager,5,1.97792
fa_decode,16,131072,eager,6,1.98563
fa_decode,16,131072,eager,7,2.01578
fa_decode,16,131072,eager,8,1.98426
fa_decode,16,131072,eager,9,1.98608
fa_decode,16,131072,eager,10,1.99062
fa_decode,16,131072,eager,11,1.99130
fa_decode,16,131072,eager,12,2.10429
fa_decode,16,131072,eager,13,2.11994
fa_decode,16,131072,eager,14,2.11667
fa_decode,16,131072,eager,15,2.11722
fa_decode,16,131072,eager,16,2.12128
fa_decode,16,131072,eager,17,2.11882
fa_decode,16,131072,eager,18,2.11610
fa_decode,16,131072,eager,19,2.12925
fa_decode,16,131072,eager,20,2.12650
fa_decode,16,131072,eager,21,2.12931
fa_decode,16,131072,eager,22,2.22326
fa_decode,16,131072,eager,23,2.26147
fa_decode,16,131072,eager,24,2.23142
fa_decode,16,131072,eager,25,2.22208
fa_decode,16,131072,eager,26,2.21789
fa_decode,16,131072,eager,27,2.21830
fa_decode,16,131072,eager,28,2.22726
fa_decode,16,131072,eager,29,2.21955
fa_decode,32,131072,graph,0,3.82280
fa_decode,32,131072,graph,1,3.86830
fa_decode,32,131072,graph,2,3.93246
fa_decode,32,131072,graph,3,3.94373
fa_decode,32,131072,graph,4,3.95576
fa_decode,32,131072,graph,5,3.91912
fa_decode,32,131072,graph,6,3.97262
fa_decode,32,131072,graph,7,3.96210
fa_decode,32,131072,graph,8,3.97176
fa_decode,32,131072,graph,9,3.96629
fa_decode,32,131072,graph,10,3.94904
fa_decode,32,131072,graph,11,3.98395
fa_decode,32,131072,graph,12,4.01653
fa_decode,32,131072,graph,13,4.03358
fa_decode,32,131072,graph,14,4.03947
fa_decode,32,131072,graph,15,4.02734
fa_decode,32,131072,graph,16,4.02555
fa_decode,32,131072,graph,17,4.01653
fa_decode,32,131072,graph,18,4.03592
fa_decode,32,131072,graph,19,4.01579
fa_decode,32,131072,graph,20,4.02750
fa_decode,32,131072,graph,21,4.01950
fa_decode,32,131072,graph,22,4.02930
fa_decode,32,131072,graph,23,4.01714
fa_decode,32,131072,graph,24,3.94200
fa_decode,32,131072,graph,25,3.96440
fa_decode,32,131072,graph,26,3.92926
fa_decode,32,131072,graph,27,3.96578
fa_decode,32,131072,graph,28,3.98472
fa_decode,32,131072,graph,29,3.97522
fa_decode,32,131072,eager,0,4.02221
fa_decode,32,131072,eager,1,4.03571
fa_decode,32,131072,eager,2,3.99309
fa_decode,32,131072,eager,3,3.99187
fa_decode,32,131072,eager,4,4.34019
fa_decode,32,131072,eager,5,4.35133
fa_decode,32,131072,eager,6,4.34742
fa_decode,32,131072,eager,7,4.32557
fa_decode,32,131072,eager,8,4.38064
fa_decode,32,131072,eager,9,4.42227
fa_decode,32,131072,eager,10,4.44998
fa_decode,32,131072,eager,11,4.43242
fa_decode,32,131072,eager,12,4.43002
fa_decode,32,131072,eager,13,4.41968
fa_decode,32,131072,eager,14,4.42611
fa_decode,32,131072,eager,15,4.47805
fa_decode,32,131072,eager,16,4.43523
fa_decode,32,131072,eager,17,4.43053
fa_decode,32,131072,eager,18,4.43962
fa_decode,32,131072,eager,19,4.46621
fa_decode,32,131072,eager,20,4.47341
fa_decode,32,131072,eager,21,4.45117
fa_decode,32,131072,eager,22,4.44784
fa_decode,32,131072,eager,23,4.41056
fa_decode,32,131072,eager,24,4.36288
fa_decode,32,131072,eager,25,4.35930
fa_decode,32,131072,eager,26,4.35130
fa_decode,32,131072,eager,27,4.34842
fa_decode,32,131072,eager,28,4.35030
fa_decode,32,131072,eager,29,4.35885
fa_decode,64,131072,graph,0,9.25082
fa_decode,64,131072,graph,1,11.73616
fa_decode,64,131072,graph,2,12.41114
fa_decode,64,131072,graph,3,12.61542
fa_decode,64,131072,graph,4,12.37242
fa_decode,64,131072,graph,5,11.96333
fa_decode,64,131072,graph,6,11.58675
fa_decode,64,131072,graph,7,11.24138
fa_decode,64,131072,graph,8,10.31402
fa_decode,64,131072,graph,9,10.02438
fa_decode,64,131072,graph,10,9.49213
fa_decode,64,131072,graph,11,9.48064
fa_decode,64,131072,graph,12,9.38358
fa_decode,64,131072,graph,13,8.94717
fa_decode,64,131072,graph,14,8.87885
fa_decode,64,131072,graph,15,8.86851
fa_decode,64,131072,graph,16,8.77920
fa_decode,64,131072,graph,17,8.68973
fa_decode,64,131072,graph,18,8.60534
fa_decode,64,131072,graph,19,8.54157
fa_decode,64,131072,graph,20,8.47843
fa_decode,64,131072,graph,21,8.38170
fa_decode,64,131072,graph,22,8.39181
fa_decode,64,131072,graph,23,8.39645
fa_decode,64,131072,graph,24,8.33830
fa_decode,64,131072,graph,25,8.26691
fa_decode,64,131072,graph,26,8.24947
fa_decode,64,131072,graph,27,8.23587
fa_decode,64,131072,graph,28,8.17754
fa_decode,64,131072,graph,29,8.17021
fa_decode,64,131072,eager,0,8.60365
fa_decode,64,131072,eager,1,8.59565
fa_decode,64,131072,eager,2,8.59955
fa_decode,64,131072,eager,3,8.84806
fa_decode,64,131072,eager,4,8.83264
fa_decode,64,131072,eager,5,8.61642
fa_decode,64,131072,eager,6,8.62426
fa_decode,64,131072,eager,7,8.61197
fa_decode,64,131072,eager,8,8.73478
fa_decode,64,131072,eager,9,8.68682
fa_decode,64,131072,eager,10,8.62320
fa_decode,64,131072,eager,11,8.63370
fa_decode,64,131072,eager,12,8.71021
fa_decode,64,131072,eager,13,8.74445
fa_decode,64,131072,eager,14,8.71094
fa_decode,64,131072,eager,15,8.71907
fa_decode,64,131072,eager,16,8.86189
fa_decode,64,131072,eager,17,8.89587
fa_decode,64,131072,eager,18,8.89104
fa_decode,64,131072,eager,19,8.80947
fa_decode,64,131072,eager,20,8.73178
fa_decode,64,131072,eager,21,8.72810
fa_decode,64,131072,eager,22,8.72998
fa_decode,64,131072,eager,23,8.70208
fa_decode,64,131072,eager,24,8.69760
fa_decode,64,131072,eager,25,8.84362
fa_decode,64,131072,eager,26,8.89155
fa_decode,64,131072,eager,27,8.80915
fa_decode,64,131072,eager,28,8.73155
fa_decode,64,131072,eager,29,8.70080
fa_decode,1,262144,graph,0,0.27420
fa_decode,1,262144,graph,1,0.27262
fa_decode,1,262144,graph,2,0.27228
fa_decode,1,262144,graph,3,0.27482
fa_decode,1,262144,graph,4,0.27243
fa_decode,1,262144,graph,5,0.27473
fa_decode,1,262144,graph,6,0.27410
fa_decode,1,262144,graph,7,0.27380
fa_decode,1,262144,graph,8,0.27453
fa_decode,1,262144,graph,9,0.27481
fa_decode,1,262144,graph,10,0.27168
fa_decode,1,262144,graph,11,0.27462
fa_decode,1,262144,graph,12,0.27493
fa_decode,1,262144,graph,13,0.27342
fa_decode,1,262144,graph,14,0.27500
fa_decode,1,262144,graph,15,0.27148
fa_decode,1,262144,graph,16,0.27503
fa_decode,1,262144,graph,17,0.27364
fa_decode,1,262144,graph,18,0.27318
fa_decode,1,262144,graph,19,0.27508
fa_decode,1,262144,graph,20,0.27369
fa_decode,1,262144,graph,21,0.27224
fa_decode,1,262144,graph,22,0.27308
fa_decode,1,262144,graph,23,0.27419
fa_decode,1,262144,graph,24,0.27525
fa_decode,1,262144,graph,25,0.27074
fa_decode,1,262144,graph,26,0.27305
fa_decode,1,262144,graph,27,0.27391
fa_decode,1,262144,graph,28,0.27077
fa_decode,1,262144,graph,29,0.27136
fa_decode,1,262144,eager,0,0.41312
fa_decode,1,262144,eager,1,0.39840
fa_decode,1,262144,eager,2,0.40253
fa_decode,1,262144,eager,3,0.39472
fa_decode,1,262144,eager,4,0.38877
fa_decode,1,262144,eager,5,0.39104
fa_decode,1,262144,eager,6,0.39114
fa_decode,1,262144,eager,7,0.38829
fa_decode,1,262144,eager,8,0.36042
fa_decode,1,262144,eager,9,0.31498
fa_decode,1,262144,eager,10,0.31354
fa_decode,1,262144,eager,11,0.31328
fa_decode,1,262144,eager,12,0.31626
fa_decode,1,262144,eager,13,0.31574
fa_decode,1,262144,eager,14,0.31376
fa_decode,1,262144,eager,15,0.31555
fa_decode,1,262144,eager,16,0.31693
fa_decode,1,262144,eager,17,0.31411
fa_decode,1,262144,eager,18,0.31427
fa_decode,1,262144,eager,19,0.31146
fa_decode,1,262144,eager,20,0.31370
fa_decode,1,262144,eager,21,0.31629
fa_decode,1,262144,eager,22,0.31248
fa_decode,1,262144,eager,23,0.31379
fa_decode,1,262144,eager,24,0.31373
fa_decode,1,262144,eager,25,0.31264
fa_decode,1,262144,eager,26,0.31286
fa_decode,1,262144,eager,27,0.31194
fa_decode,1,262144,eager,28,0.31210
fa_decode,1,262144,eager,29,0.31251
fa_decode,8,262144,graph,0,1.90891
fa_decode,8,262144,graph,1,1.89726
fa_decode,8,262144,graph,2,1.90072
fa_decode,8,262144,graph,3,1.90424
fa_decode,8,262144,graph,4,1.89272
fa_decode,8,262144,graph,5,1.89493
fa_decode,8,262144,graph,6,1.90558
fa_decode,8,262144,graph,7,1.91330
fa_decode,8,262144,graph,8,1.89698
fa_decode,8,262144,graph,9,1.91509
fa_decode,8,262144,graph,10,1.91480
fa_decode,8,262144,graph,11,1.91064
fa_decode,8,262144,graph,12,1.91454
fa_decode,8,262144,graph,13,1.92914
fa_decode,8,262144,graph,14,1.91291
fa_decode,8,262144,graph,15,1.90443
fa_decode,8,262144,graph,16,1.92274
fa_decode,8,262144,graph,17,1.93618
fa_decode,8,262144,graph,18,1.93835
fa_decode,8,262144,graph,19,1.93141
fa_decode,8,262144,graph,20,1.93262
fa_decode,8,262144,graph,21,1.93800
fa_decode,8,262144,graph,22,1.92661
fa_decode,8,262144,graph,23,1.92821
fa_decode,8,262144,graph,24,1.92718
fa_decode,8,262144,graph,25,1.93138
fa_decode,8,262144,graph,26,1.95502
fa_decode,8,262144,graph,27,1.96990
fa_decode,8,262144,graph,28,1.98718
fa_decode,8,262144,graph,29,1.97710
fa_decode,8,262144,eager,0,2.10013
fa_decode,8,262144,eager,1,2.07171
fa_decode,8,262144,eager,2,2.06688
fa_decode,8,262144,eager,3,1.97773
fa_decode,8,262144,eager,4,1.99696
fa_decode,8,262144,eager,5,1.98189
fa_decode,8,262144,eager,6,1.98986
fa_decode,8,262144,eager,7,1.98182
fa_decode,8,262144,eager,8,1.97869
fa_decode,8,262144,eager,9,1.98006
fa_decode,8,262144,eager,10,2.08256
fa_decode,8,262144,eager,11,2.10384
fa_decode,8,262144,eager,12,2.10074
fa_decode,8,262144,eager,13,2.08442
fa_decode,8,262144,eager,14,2.08643
fa_decode,8,262144,eager,15,2.09418
fa_decode,8,262144,eager,16,2.09517
fa_decode,8,262144,eager,17,2.09430
fa_decode,8,262144,eager,18,2.09507
fa_decode,8,262144,eager,19,2.08765
fa_decode,8,262144,eager,20,2.09590
fa_decode,8,262144,eager,21,2.09862
fa_decode,8,262144,eager,22,2.09203
fa_decode,8,262144,eager,23,2.10266
fa_decode,8,262144,eager,24,2.09693
fa_decode,8,262144,eager,25,2.08627
fa_decode,8,262144,eager,26,2.09002
fa_decode,8,262144,eager,27,2.09558
fa_decode,8,262144,eager,28,2.08547
fa_decode,8,262144,eager,29,2.09258
fa_decode,16,262144,graph,0,3.78650
fa_decode,16,262144,graph,1,3.78336
fa_decode,16,262144,graph,2,3.83821
fa_decode,16,262144,graph,3,3.84749
fa_decode,16,262144,graph,4,3.85046
fa_decode,16,262144,graph,5,3.84589
fa_decode,16,262144,graph,6,3.85002
fa_decode,16,262144,graph,7,3.92189
fa_decode,16,262144,graph,8,3.95315
fa_decode,16,262144,graph,9,3.91437
fa_decode,16,262144,graph,10,3.95715
fa_decode,16,262144,graph,11,3.96384
fa_decode,16,262144,graph,12,4.04365
fa_decode,16,262144,graph,13,4.01699
fa_decode,16,262144,graph,14,4.01504
fa_decode,16,262144,graph,15,4.06157
fa_decode,16,262144,graph,16,4.02598
fa_decode,16,262144,graph,17,4.02656
fa_decode,16,262144,graph,18,4.01686
fa_decode,16,262144,graph,19,4.02806
fa_decode,16,262144,graph,20,4.03229
fa_decode,16,262144,graph,21,4.05344
fa_decode,16,262144,graph,22,4.02157
fa_decode,16,262144,graph,23,4.01018
fa_decode,16,262144,graph,24,3.97978
fa_decode,16,262144,graph,25,3.96720
fa_decode,16,262144,graph,26,3.95622
fa_decode,16,262144,graph,27,3.92701
fa_decode,16,262144,graph,28,3.92074
fa_decode,16,262144,graph,29,3.94368
fa_decode,16,262144,eager,0,4.13130
fa_decode,16,262144,eager,1,4.12502
fa_decode,16,262144,eager,2,4.12749
fa_decode,16,262144,eager,3,4.11907
fa_decode,16,262144,eager,4,4.30118
fa_decode,16,262144,eager,5,4.34595
fa_decode,16,262144,eager,6,4.35120
fa_decode,16,262144,eager,7,4.35370
fa_decode,16,262144,eager,8,4.34560
fa_decode,16,262144,eager,9,4.34755
fa_decode,16,262144,eager,10,4.35309
fa_decode,16,262144,eager,11,4.33395
fa_decode,16,262144,eager,12,4.35046
fa_decode,16,262144,eager,13,4.34058
fa_decode,16,262144,eager,14,4.35110
fa_decode,16,262144,eager,15,4.33965
fa_decode,16,262144,eager,16,4.36138
fa_decode,16,262144,eager,17,4.34563
fa_decode,16,262144,eager,18,4.33792
fa_decode,16,262144,eager,19,4.36950
fa_decode,16,262144,eager,20,4.42909
fa_decode,16,262144,eager,21,4.42819
fa_decode,16,262144,eager,22,4.41565
fa_decode,16,262144,eager,23,4.36806
fa_decode,16,262144,eager,24,4.36342
fa_decode,16,262144,eager,25,4.34931
fa_decode,16,262144,eager,26,4.34717
fa_decode,16,262144,eager,27,4.39850
fa_decode,16,262144,eager,28,4.44688
fa_decode,16,262144,eager,29,4.46477
fa_decode,32,262144,graph,0,10.01378
fa_decode,32,262144,graph,1,10.47918
fa_decode,32,262144,graph,2,12.40485
fa_decode,32,262144,graph,3,12.39704
fa_decode,32,262144,graph,4,12.40613
fa_decode,32,262144,graph,5,11.96581
fa_decode,32,262144,graph,6,11.83794
fa_decode,32,262144,graph,7,11.54638
fa_decode,32,262144,graph,8,11.04488
fa_decode,32,262144,graph,9,10.78661
fa_decode,32,262144,graph,10,9.79835
fa_decode,32,262144,graph,11,9.60440
fa_decode,32,262144,graph,12,9.60843
fa_decode,32,262144,graph,13,9.38821
fa_decode,32,262144,graph,14,9.00229
fa_decode,32,262144,graph,15,8.87032
fa_decode,32,262144,graph,16,8.71230
fa_decode,32,262144,graph,17,8.54350
fa_decode,32,262144,graph,18,8.50837
fa_decode,32,262144,graph,19,8.39730
fa_decode,32,262144,graph,20,8.38904
fa_decode,32,262144,graph,21,8.34408
fa_decode,32,262144,graph,22,8.31896
fa_decode,32,262144,graph,23,8.31765
fa_decode,32,262144,graph,24,8.30590
fa_decode,32,262144,graph,25,8.24139
fa_decode,32,262144,graph,26,8.23912
fa_decode,32,262144,graph,27,8.25182
fa_decode,32,262144,graph,28,8.24930
fa_decode,32,262144,graph,29,8.26027
fa_decode,32,262144,eager,0,7.83600
fa_decode,32,262144,eager,1,7.89027
fa_decode,32,262144,eager,2,8.76160
fa_decode,32,262144,eager,3,8.76931
fa_decode,32,262144,eager,4,8.79523
fa_decode,32,262144,eager,5,8.80992
fa_decode,32,262144,eager,6,8.90285
fa_decode,32,262144,eager,7,8.90899
fa_decode,32,262144,eager,8,8.90483
fa_decode,32,262144,eager,9,8.81325
fa_decode,32,262144,eager,10,8.67802
fa_decode,32,262144,eager,11,8.61104
fa_decode,32,262144,eager,12,8.62736
fa_decode,32,262144,eager,13,8.79347
fa_decode,32,262144,eager,14,8.76435
fa_decode,32,262144,eager,15,8.77741
fa_decode,32,262144,eager,16,8.77939
fa_decode,32,262144,eager,17,8.80186
fa_decode,32,262144,eager,18,8.80131
fa_decode,32,262144,eager,19,8.78102
fa_decode,32,262144,eager,20,8.79469
fa_decode,32,262144,eager,21,8.78013
fa_decode,32,262144,eager,22,8.76198
fa_decode,32,262144,eager,23,8.77101
fa_decode,32,262144,eager,24,8.77882
fa_decode,32,262144,eager,25,8.77216
fa_decode,32,262144,eager,26,8.78352
fa_decode,32,262144,eager,27,8.79552
fa_decode,32,262144,eager,28,8.78634
fa_decode,32,262144,eager,29,8.80941
fa_decode,64,262144,graph,0,15.99946
fa_decode,64,262144,graph,1,16.05850
fa_decode,64,262144,graph,2,16.31219
fa_decode,64,262144,graph,3,16.78576
fa_decode,64,262144,graph,4,17.43126
fa_decode,64,262144,graph,5,17.95635
fa_decode,64,262144,graph,6,18.13731
fa_decode,64,262144,graph,7,18.50560
fa_decode,64,262144,graph,8,18.24730
fa_decode,64,262144,graph,9,18.37309
fa_decode,64,262144,graph,10,18.39610
fa_decode,64,262144,graph,11,18.08054
fa_decode,64,262144,graph,12,18.05414
fa_decode,64,262144,graph,13,17.85898
fa_decode,64,262144,graph,14,17.77258
fa_decode,64,262144,graph,15,17.41309
fa_decode,64,262144,graph,16,17.40205
fa_decode,64,262144,graph,17,17.40288
fa_decode,64,262144,graph,18,17.40003
fa_decode,64,262144,graph,19,17.39923
fa_decode,64,262144,graph,20,17.43376
fa_decode,64,262144,graph,21,17.38941
fa_decode,64,262144,graph,22,17.29613
fa_decode,64,262144,graph,23,17.17594
fa_decode,64,262144,graph,24,16.81590
fa_decode,64,262144,graph,25,16.64870
fa_decode,64,262144,graph,26,16.52429
fa_decode,64,262144,graph,27,16.53555
fa_decode,64,262144,graph,28,16.61318
fa_decode,64,262144,graph,29,16.89334
fa_decode,64,262144,eager,0,17.57053
fa_decode,64,262144,eager,1,17.55187
fa_decode,64,262144,eager,2,17.55219
fa_decode,64,262144,eager,3,17.58640
fa_decode,64,262144,eager,4,17.72765
fa_decode,64,262144,eager,5,17.70390
fa_decode,64,262144,eager,6,17.69094
fa_decode,64,262144,eager,7,17.69750
fa_decode,64,262144,eager,8,17.68790
fa_decode,64,262144,eager,9,17.60090
fa_decode,64,262144,eager,10,17.53123
fa_decode,64,262144,eager,11,17.52358
fa_decode,64,262144,eager,12,17.54573
fa_decode,64,262144,eager,13,17.49798
fa_decode,64,262144,eager,14,17.38915
fa_decode,64,262144,eager,15,17.53379
fa_decode,64,262144,eager,16,17.53373
fa_decode,64,262144,eager,17,17.54022
fa_decode,64,262144,eager,18,17.54211
fa_decode,64,262144,eager,19,17.46426
fa_decode,64,262144,eager,20,17.36906
fa_decode,64,262144,eager,21,17.39798
fa_decode,64,262144,eager,22,17.54230
fa_decode,64,262144,eager,23,17.51328
fa_decode,64,262144,eager,24,17.53280
fa_decode,64,262144,eager,25,17.53446
fa_decode,64,262144,eager,26,17.52544
fa_decode,64,262144,eager,27,17.54778
fa_decode,64,262144,eager,28,17.53670
fa_decode,64,262144,eager,29,17.51795
