tag,wall_s,quota_cores,nr_periods,nr_throttled,throttled_s,cpu_s,mean_cores_used
chunked_025654_r1.3,629.5,128.0,6295,0,0.0,1957.3,3.11
chunked_025654_r2.0,638.1,128.0,6381,0,0.0,1992.9,3.12
chunked_025654_r2.5,655.6,128.0,6556,0,0.0,2031.0,3.1
chunked_025654_r2.7,665.4,128.0,6653,0,0.0,2052.4,3.08
chunked_025654_r2.8,666.3,128.0,6662,0,0.0,2046.5,3.07
chunked_025654_r2.9,665.2,128.0,6652,0,0.0,2037.1,3.06
chunked_025654_r3.0,670.6,128.0,6707,0,0.0,2063.2,3.08
chunked_025654_r3.2,681.3,128.0,6813,0,0.0,2059.7,3.02
chunked_025654_r3.5,743.1,128.0,7431,0,0.0,2238.8,3.01
chunked_025654_r4.0,847.6,128.0,8476,0,0.0,2548.8,3.01
layered_051225_r1.3,632.4,128.0,6324,0,0.0,1951.0,3.09
layered_051225_r2.0,640.5,128.0,6405,0,0.0,1987.2,3.1
layered_051225_r2.5,657.5,128.0,6576,0,0.0,2046.9,3.11
layered_051225_r2.7,667.0,128.0,6670,0,0.0,2056.8,3.08
layered_051225_r2.8,668.2,128.0,6682,0,0.0,2062.5,3.09
layered_051225_r2.9,667.6,128.0,6676,0,0.0,2064.2,3.09
layered_051225_r3.0,670.7,128.0,6707,0,0.0,2060.3,3.07
layered_051225_r3.2,673.8,128.0,6739,0,0.0,2089.2,3.1
layered_051225_r3.5,718.5,128.0,7185,0,0.0,2224.8,3.1
layered_051225_r4.0,822.3,128.0,8223,0,0.0,2543.8,3.09
