run,mode,rate,completed,request_throughput,slo_attain_pct,mean_ttft_ms,median_ttft_ms,p99_ttft_ms,mean_tpot_ms,p99_tpot_ms,mean_itl_ms,p99_itl_ms,mean_e2el_ms,p99_e2el_ms,mean_input_len,cpu_throttled_s
chunked_025654_r1.3,chunked,1.3,780,1.284,100.0,462.318,379.213,1537.339,10.995,18.598,10.994,21.273,2678.183,5826.884,8675.3,0.0
chunked_025654_r2.0,chunked,2.0,1200,1.9685,100.0,719.867,537.212,2765.445,13.482,19.839,13.487,22.58,3430.623,7710.823,8922.3,0.0
chunked_025654_r2.5,chunked,2.5,1500,2.4065,100.0,1053.866,769.784,3866.106,15.431,20.053,15.458,23.342,4161.549,9004.006,8736.2,0.0
chunked_025654_r2.7,chunked,2.7,1620,2.5679,100.0,1363.312,1060.455,4723.504,16.437,20.217,16.471,23.648,4679.317,10022.933,8758.0,0.0
chunked_025654_r2.8,chunked,2.8,1680,2.6632,100.0,1641.738,1372.121,5229.79,17.048,20.348,17.067,23.92,5075.359,10619.47,8770.3,0.0
chunked_025654_r2.9,chunked,2.9,1740,2.7649,100.0,2015.267,1731.962,6500.198,17.66,20.48,17.674,23.973,5567.495,11363.61,8731.8,0.0
chunked_025654_r3.0,chunked,3.0,1800,2.8402,99.56,3220.48,2792.886,9212.933,18.349,20.641,18.38,24.286,6926.453,13908.827,8787.5,0.0
chunked_025654_r3.2,chunked,3.2,1920,2.9952,32.81,13167.16,12018.553,25960.183,19.347,20.74,19.363,24.43,17061.236,31596.675,8818.6,0.0
chunked_025654_r3.5,chunked,3.5,2100,2.9996,9.48,41419.665,49420.667,77824.388,19.397,20.698,19.415,24.511,45313.993,81233.621,8792.0,0.0
chunked_025654_r4.0,chunked,4.0,2400,3.004,6.04,89780.546,97893.156,173575.703,19.474,20.783,19.49,24.575,93675.728,177287.057,8801.0,0.0
layered_051225_r1.3,layered,1.3,780,1.2836,100.0,474.369,402.405,1500.223,10.782,17.599,10.789,19.803,2648.83,5600.172,8675.3,0.0
layered_051225_r2.0,layered,2.0,1200,1.9685,100.0,720.567,569.652,2604.362,12.883,19.098,12.894,21.39,3312.219,7536.365,8922.3,0.0
layered_051225_r2.5,layered,2.5,1500,2.4064,100.0,1020.393,794.803,3503.077,14.946,20.235,14.971,22.824,4030.625,8668.147,8736.2,0.0
layered_051225_r2.7,layered,2.7,1620,2.5677,100.0,1216.009,943.04,4140.972,15.653,20.025,15.682,22.717,4373.213,9406.31,8758.0,0.0
layered_051225_r2.8,layered,2.8,1680,2.6666,100.0,1410.223,1155.784,4549.376,16.27,20.173,16.298,23.135,4689.055,9810.408,8770.3,0.0
layered_051225_r2.9,layered,2.9,1740,2.7666,100.0,1660.387,1422.047,5104.181,16.845,20.295,16.85,23.222,5047.056,10401.224,8731.8,0.0
layered_051225_r3.0,layered,3.0,1800,2.8495,100.0,2098.586,1852.695,6492.31,17.503,20.465,17.522,23.381,5631.458,11225.517,8787.5,0.0
layered_051225_r3.2,layered,3.2,1920,3.0351,81.93,5579.307,5081.782,13716.293,18.661,20.613,18.676,23.382,9335.139,18439.507,8818.6,0.0
layered_051225_r3.5,layered,3.5,2100,3.1078,11.1,29569.877,33902.963,53694.035,19.236,20.721,19.246,23.743,33430.319,57313.194,8792.0,0.0
layered_051225_r4.0,layered,4.0,2400,3.0968,6.04,80297.293,88129.712,149947.902,19.425,21.287,19.435,25.217,84181.451,153538.933,8801.0,0.0
