experts_touched,tokens,tokens_per_expert,p50_ms,p99_ms,min_ms,max_ms,n,weight_mib,eff_weight_gbps,sm_clock_mean_mhz,sm_clock_min_mhz,power_max_w
16,16,10.0,0.04149,0.04188,0.04113,0.04188,30,48.0,1213,1980,1980,137
16,32,20.0,0.04627,0.04645,0.04601,0.04645,30,48.0,1088,1980,1980,179
16,64,40.0,0.05670,0.05714,0.05591,0.05714,30,48.0,888,1980,1980,225
16,128,80.0,0.06921,0.06950,0.06896,0.06950,30,48.0,727,1980,1980,265
16,256,160.0,0.09953,0.10025,0.09917,0.10025,30,48.0,506,1980,1980,310
16,320,200.0,0.12431,0.12502,0.12380,0.12502,30,48.0,405,1980,1980,342
16,384,240.0,0.13845,0.13877,0.13811,0.13877,30,48.0,364,1980,1980,350
16,448,280.0,0.16830,0.16961,0.16715,0.16961,30,48.0,299,1980,1980,350
16,512,320.0,0.17989,0.18081,0.17904,0.18081,30,48.0,280,1980,1980,357
16,640,400.0,0.21393,0.21488,0.21301,0.21488,30,48.0,235,1980,1980,362
16,768,480.0,0.24571,0.25239,0.24481,0.25239,30,48.0,205,1980,1980,380
16,1024,640.0,0.18746,0.18814,0.18705,0.18814,30,48.0,268,1980,1980,380
16,1536,960.0,0.19269,0.19544,0.19148,0.19544,30,48.0,261,1980,1980,396
16,2048,1280.0,0.25170,0.25634,0.24992,0.25634,30,48.0,200,1980,1980,199
16,3072,1920.0,0.35370,0.35441,0.35250,0.35441,30,48.0,142,1980,1980,229
16,4096,2560.0,0.41531,0.41711,0.41416,0.41711,30,48.0,121,1980,1980,305
16,8192,5120.0,0.79974,0.80418,0.79738,0.80418,30,48.0,63,1980,1980,352
32,16,5.0,0.05236,0.05262,0.05209,0.05262,30,96.0,1923,1969,1965,415
32,32,10.0,0.05439,0.05469,0.05412,0.05469,30,96.0,1851,1968,1965,423
32,64,20.0,0.06594,0.06705,0.06549,0.06705,30,96.0,1526,1980,1980,408
32,128,40.0,0.07518,0.07555,0.07494,0.07555,30,96.0,1339,1980,1980,401
32,256,80.0,0.10792,0.10812,0.10760,0.10812,30,96.0,933,1980,1980,361
32,320,100.0,0.13387,0.13500,0.13241,0.13500,30,96.0,752,1980,1980,361
32,384,120.0,0.14776,0.14892,0.14644,0.14892,30,96.0,681,1980,1980,357
32,448,140.0,0.17597,0.18047,0.17497,0.18047,30,96.0,572,1980,1980,357
32,512,160.0,0.18434,0.18551,0.18314,0.18551,30,96.0,546,1980,1980,360
32,640,200.0,0.22802,0.22964,0.22658,0.22964,30,96.0,441,1980,1980,379
32,768,240.0,0.25001,0.25106,0.24799,0.25106,30,96.0,403,1980,1980,381
32,1024,320.0,0.18974,0.19016,0.18925,0.19016,30,96.0,531,1980,1980,388
32,1536,480.0,0.20484,0.20569,0.20414,0.20569,30,96.0,491,1980,1980,388
32,2048,640.0,0.25748,0.25911,0.25536,0.25911,30,96.0,391,1980,1980,387
32,3072,960.0,0.35703,0.35860,0.35593,0.35860,30,96.0,282,1980,1980,387
32,4096,1280.0,0.41852,0.42017,0.41704,0.42017,30,96.0,241,1980,1980,415
32,8192,2560.0,0.79549,0.79867,0.79296,0.79867,30,96.0,127,1980,1980,415
64,16,2.5,0.07447,0.07512,0.07410,0.07512,30,192.0,2704,1956,1950,429
64,32,5.0,0.08265,0.08314,0.08202,0.08314,30,192.0,2436,1970,1965,429
64,64,10.0,0.08705,0.08786,0.08628,0.08786,30,192.0,2313,1980,1980,422
64,128,20.0,0.09377,0.09419,0.09342,0.09419,30,192.0,2147,1980,1980,413
64,256,40.0,0.12469,0.12535,0.12386,0.12535,30,192.0,1615,1980,1980,394
64,320,50.0,0.15377,0.15420,0.15331,0.15420,30,192.0,1309,1980,1980,393
64,384,60.0,0.15668,0.15766,0.15626,0.15766,30,192.0,1285,1980,1980,372
64,448,70.0,0.19326,0.19452,0.19220,0.19452,30,192.0,1042,1980,1980,384
64,512,80.0,0.19536,0.19641,0.19446,0.19641,30,192.0,1031,1980,1980,384
64,640,100.0,0.24756,0.24910,0.24692,0.24910,30,192.0,813,1980,1980,376
64,768,120.0,0.26629,0.26761,0.26494,0.26761,30,192.0,756,1980,1980,389
64,1024,160.0,0.20281,0.20522,0.20195,0.20522,30,192.0,993,1980,1980,403
64,1536,240.0,0.21484,0.21545,0.21415,0.21545,30,192.0,937,1980,1980,403
64,2048,320.0,0.26772,0.26883,0.26656,0.26883,30,192.0,752,1980,1980,414
64,3072,480.0,0.38560,0.38769,0.38239,0.38769,30,192.0,522,1980,1980,414
64,4096,640.0,0.42466,0.42690,0.42347,0.42690,30,192.0,474,1980,1980,447
64,8192,1280.0,0.80734,0.81975,0.80422,0.81975,30,192.0,249,1980,1980,439
128,16,1.2,0.12320,0.12381,0.12222,0.12381,30,384.0,3268,1963,1950,440
128,32,2.5,0.12861,0.12915,0.12809,0.12915,30,384.0,3131,1965,1965,449
128,64,5.0,0.13226,0.13327,0.13195,0.13327,30,384.0,3044,1977,1965,442
128,128,10.0,0.13068,0.13115,0.13026,0.13115,30,384.0,3081,1980,1980,436
128,256,20.0,0.17527,0.17590,0.17478,0.17590,30,384.0,2297,1980,1980,422
128,320,25.0,0.17949,0.18049,0.17834,0.18049,30,384.0,2243,1980,1980,422
128,384,30.0,0.18196,0.18764,0.18098,0.18764,30,384.0,2213,1980,1980,422
128,448,35.0,0.22295,0.22357,0.22203,0.22357,30,384.0,1806,1980,1980,400
128,512,40.0,0.22595,0.23073,0.22453,0.23073,30,384.0,1782,1980,1980,394
128,640,50.0,0.27457,0.27636,0.27325,0.27636,30,384.0,1467,1980,1980,398
128,768,60.0,0.28066,0.28225,0.27980,0.28225,30,384.0,1435,1980,1980,418
128,1024,80.0,0.23198,0.23267,0.23155,0.23267,30,384.0,1736,1980,1980,418
128,1536,120.0,0.23254,0.23320,0.23189,0.23320,30,384.0,1732,1980,1980,443
128,2048,160.0,0.29890,0.29959,0.29820,0.29959,30,384.0,1347,1980,1980,443
128,3072,240.0,0.40120,0.40805,0.39891,0.40805,30,384.0,1004,1980,1980,467
128,4096,320.0,0.47693,0.47758,0.47563,0.47758,30,384.0,844,1980,1980,467
128,8192,640.0,0.81362,0.81591,0.81190,0.81591,30,384.0,495,1980,1980,479
160,16,1.0,0.15635,0.15769,0.15459,0.15769,30,480.0,3219,1974,1965,491
192,32,1.7,0.17103,0.17249,0.17034,0.17249,30,576.0,3531,1965,1965,485
192,64,3.3,0.17539,0.18114,0.17484,0.18114,30,576.0,3444,1971,1965,479
192,128,6.7,0.17995,0.18097,0.17900,0.18097,30,576.0,3356,1980,1980,469
192,256,13.3,0.18612,0.18670,0.18560,0.18670,30,576.0,3245,1980,1980,463
192,320,16.7,0.22124,0.22321,0.21982,0.22321,30,576.0,2730,1980,1980,457
192,384,20.0,0.24477,0.24592,0.24266,0.24592,30,576.0,2468,1980,1980,453
192,448,23.3,0.24980,0.25105,0.24851,0.25105,30,576.0,2418,1980,1980,435
192,512,26.7,0.25265,0.25465,0.25111,0.25465,30,576.0,2391,1980,1980,435
192,640,33.3,0.33029,0.33349,0.32792,0.33349,30,576.0,1829,1980,1980,433
192,768,40.0,0.33728,0.33864,0.33482,0.33864,30,576.0,1791,1980,1980,440
192,1024,53.3,0.25968,0.26133,0.25870,0.26133,30,576.0,2326,1980,1980,444
192,1536,80.0,0.29972,0.30088,0.29851,0.30088,30,576.0,2015,1980,1980,457
192,2048,106.7,0.32257,0.32430,0.32138,0.32430,30,576.0,1872,1980,1980,457
192,3072,160.0,0.43337,0.43462,0.43232,0.43462,30,576.0,1394,1980,1980,451
192,4096,213.3,0.48875,0.49033,0.48765,0.49033,30,576.0,1236,1980,1980,451
192,8192,426.7,0.91365,0.92237,0.90963,0.92237,30,576.0,661,1972,1965,458
160,16,1.0,0.15598,0.15742,0.15477,0.15742,30,480.0,3227,1933,1920,459
256,32,1.2,0.21699,0.22317,0.21609,0.22317,30,768.0,3711,1965,1965,458
256,64,2.5,0.22078,0.22194,0.21999,0.22194,30,768.0,3648,1967,1965,457
256,128,5.0,0.22082,0.22136,0.22012,0.22136,30,768.0,3647,1980,1980,457
256,256,10.0,0.23361,0.23489,0.23288,0.23489,30,768.0,3447,1980,1980,456
256,320,12.5,0.23746,0.23874,0.23657,0.23874,30,768.0,3391,1980,1980,456
256,384,15.0,0.24043,0.24671,0.23938,0.24671,30,768.0,3349,1980,1980,452
256,448,17.5,0.31724,0.31861,0.31469,0.31861,30,768.0,2538,1980,1980,438
256,512,20.0,0.31975,0.32978,0.31755,0.32978,30,768.0,2519,1980,1980,443
256,640,25.0,0.32574,0.32722,0.32337,0.32722,30,768.0,2472,1980,1980,444
256,768,30.0,0.33155,0.33326,0.32888,0.33326,30,768.0,2429,1980,1980,431
256,1024,40.0,0.32506,0.33762,0.32305,0.33762,30,768.0,2477,1980,1980,439
256,1536,60.0,0.29469,0.29602,0.29374,0.29602,30,768.0,2733,1972,1965,446
256,2048,80.0,0.39632,0.39814,0.39531,0.39814,30,768.0,2032,1965,1965,459
256,3072,120.0,0.44551,0.45338,0.44372,0.45338,30,768.0,1808,1970,1965,466
256,4096,160.0,0.58612,0.58858,0.58494,0.58858,30,768.0,1374,1980,1980,466
256,8192,320.0,0.91859,0.92266,0.91597,0.92266,30,768.0,877,1980,1980,470
160,16,1.0,0.15651,0.15771,0.15480,0.15771,30,480.0,3216,1954,1950,493
320,32,1.0,0.26437,0.26624,0.26341,0.26624,30,960.0,3808,1965,1965,488
384,64,1.7,0.30852,0.30909,0.30795,0.30909,30,1152.0,3915,1979,1965,477
384,128,3.3,0.30947,0.31063,0.30859,0.31063,30,1152.0,3903,1980,1980,475
384,256,6.7,0.32278,0.32344,0.32135,0.32344,30,1152.0,3742,1980,1980,465
384,320,8.3,0.32888,0.33072,0.32788,0.33072,30,1152.0,3673,1980,1980,467
384,384,10.0,0.33037,0.33142,0.32885,0.33142,30,1152.0,3656,1980,1980,455
384,448,11.7,0.33838,0.34074,0.33634,0.34074,30,1152.0,3570,1980,1980,452
384,512,13.3,0.34115,0.34217,0.33878,0.34217,30,1152.0,3541,1980,1980,471
384,640,16.7,0.41320,0.41649,0.41062,0.41649,30,1152.0,2923,1980,1980,471
384,768,20.0,0.46824,0.47313,0.46415,0.47313,30,1152.0,2580,1980,1980,472
384,1024,26.7,0.35732,0.35825,0.35577,0.35825,30,1152.0,3381,1980,1980,479
384,1536,40.0,0.39061,0.39194,0.38862,0.39194,30,1152.0,3092,1980,1980,472
384,2048,53.3,0.41509,0.41612,0.41388,0.41612,30,1152.0,2910,1980,1980,480
384,3072,80.0,0.57875,0.58109,0.57486,0.58109,30,1152.0,2087,1979,1965,494
384,4096,106.7,0.55415,0.55692,0.55250,0.55692,30,1152.0,2180,1965,1965,494
384,8192,213.3,0.94458,0.94794,0.94208,0.94794,30,1152.0,1279,1965,1965,497
160,16,1.0,0.15656,0.15813,0.15438,0.15813,30,480.0,3215,1911,1890,504
320,32,1.0,0.26407,0.26546,0.26318,0.26546,30,960.0,3812,1965,1965,501
512,64,1.2,0.39524,0.39647,0.39380,0.39647,30,1536.0,4075,1969,1965,495
512,128,2.5,0.39877,0.39956,0.39819,0.39956,30,1536.0,4039,1980,1980,485
512,256,5.0,0.41027,0.41172,0.40900,0.41172,30,1536.0,3926,1980,1980,479
512,320,6.2,0.41424,0.41581,0.41290,0.41581,30,1536.0,3888,1980,1980,480
512,384,7.5,0.41837,0.41999,0.41686,0.41999,30,1536.0,3850,1980,1980,470
512,448,8.8,0.43180,0.43384,0.42927,0.43384,30,1536.0,3730,1980,1980,466
512,512,10.0,0.43475,0.43720,0.43306,0.43720,30,1536.0,3705,1980,1980,474
512,640,12.5,0.44102,0.44387,0.43830,0.44387,30,1536.0,3652,1980,1980,474
512,768,15.0,0.44672,0.44858,0.44551,0.44858,30,1536.0,3605,1980,1980,447
512,1024,20.0,0.45042,0.45194,0.44827,0.45194,30,1536.0,3576,1980,1980,443
512,1536,30.0,0.49127,0.49392,0.48883,0.49392,30,1536.0,3278,1980,1980,443
512,2048,40.0,0.51277,0.51353,0.51130,0.51353,30,1536.0,3141,1980,1980,460
512,3072,60.0,0.55816,0.56071,0.55466,0.56071,30,1536.0,2886,1980,1980,460
512,4096,80.0,0.66333,0.66603,0.66118,0.66603,30,1536.0,2428,1980,1980,457
512,8192,160.0,1.13536,1.15955,1.13219,1.15955,30,1536.0,1419,1950,1950,468
