c,t,peak_alloc_mib,peak_reserved_mib,naive_ct_buffer_mib,p50_ms,min_ms,max_ms
256,32768,9.0625,0.0,8.0625,0.08048000186681747,0.07840000092983246,0.10812799632549286
512,32768,17.25,0.0,16.25,0.09100800007581711,0.08908800035715103,0.13078400492668152
1024,32768,35.0,0.0,33.0,0.11619199812412262,0.11443199962377548,0.1377280056476593
2048,32768,69.0,0.0,68.0,0.18876799941062927,0.18592000007629395,0.21209600567817688
4096,32768,145.0,0.0,144.0,0.32182401418685913,0.31968000531196594,0.3372479975223541
8192,32768,321.0,0.0,320.0,0.6021440029144287,0.5968639850616455,0.6142079830169678
256,131072,33.0625,0.0,32.0625,0.11286400258541107,0.11126399785280228,0.29795199632644653
512,131072,65.25,0.0,64.25,0.17785599827766418,0.17615999281406403,0.18995200097560883
1024,131072,131.0,0.0,129.0,0.29868799448013306,0.29683199524879456,0.31225600838661194
2048,131072,261.0,0.0,260.0,0.5417600274085999,0.5392959713935852,0.5552319884300232
4096,131072,529.0,0.0,528.0,0.9926400184631348,0.9878079891204834,1.0044159889221191
8192,131072,1089.0,0.0,1088.0,1.9583359956741333,1.9533439874649048,1.9857280254364014
256,262144,65.0625,0.0,64.0625,0.1619199961423874,0.15942400693893433,0.18476800620555878
512,262144,129.25,0.0,128.25,0.26764801144599915,0.26495999097824097,0.2890560030937195
1024,262144,259.0,0.0,257.0,0.4713920056819916,0.4678080081939697,0.48848000168800354
2048,262144,517.0,0.0,516.0,0.8561599850654602,0.8529599905014038,0.876416027545929
4096,262144,1041.0,0.0,1040.0,1.6595840454101562,1.6568959951400757,1.6915839910507202
8192,262144,2113.0,0.0,2112.0,3.2090559005737305,3.204224109649658,3.23471999168396
