ctx_bucket,new_bucket,requests,new_tokens,share_of_prefill
"(0, 16384]","(0, 512]",880,275648,0.0010
"(0, 16384]","(512, 2048]",293,318912,0.0012
"(0, 16384]","(2048, 4096]",4646,13169600,0.0500
"(0, 16384]","(4096, 8192]",541,3321728,0.0126
"(0, 16384]","(8192, 16384]",531,6123264,0.0232
"(16384, 32768]","(0, 512]",744,220352,0.0008
"(16384, 32768]","(512, 2048]",1120,1196160,0.0045
"(16384, 32768]","(2048, 4096]",444,1301184,0.0049
"(16384, 32768]","(4096, 8192]",211,1233216,0.0047
"(16384, 32768]","(8192, 16384]",57,605952,0.0023
"(16384, 32768]","(16384, 32768]",395,9313088,0.0353
"(32768, 65536]","(0, 512]",3207,953920,0.0036
"(32768, 65536]","(512, 2048]",5884,6897792,0.0262
"(32768, 65536]","(2048, 4096]",2927,8456128,0.0321
"(32768, 65536]","(4096, 8192]",1596,9053888,0.0344
"(32768, 65536]","(8192, 16384]",641,7321152,0.0278
"(32768, 65536]","(16384, 32768]",290,6210816,0.0236
"(32768, 65536]","(32768, 65536]",465,21750912,0.0825
"(65536, 131072]","(0, 512]",4919,1404224,0.0053
"(65536, 131072]","(512, 2048]",8186,9841024,0.0373
"(65536, 131072]","(2048, 4096]",3937,11287488,0.0428
"(65536, 131072]","(4096, 8192]",2129,12109184,0.0460
"(65536, 131072]","(8192, 16384]",981,11353472,0.0431
"(65536, 131072]","(16384, 32768]",518,11708288,0.0444
"(65536, 131072]","(32768, 65536]",178,8095104,0.0307
"(65536, 131072]","(65536, 262144]",282,26472704,0.1005
"(131072, 196608]","(0, 512]",3369,926400,0.0035
"(131072, 196608]","(512, 2048]",5579,6849088,0.0260
"(131072, 196608]","(2048, 4096]",2698,7597440,0.0288
"(131072, 196608]","(4096, 8192]",1147,6534336,0.0248
"(131072, 196608]","(8192, 16384]",422,4865472,0.0185
"(131072, 196608]","(16384, 32768]",224,4927296,0.0187
"(131072, 196608]","(32768, 65536]",55,2335360,0.0089
"(131072, 196608]","(65536, 262144]",120,15133504,0.0574
"(196608, 262144]","(0, 512]",2155,582208,0.0022
"(196608, 262144]","(512, 2048]",3144,4031424,0.0153
"(196608, 262144]","(2048, 4096]",1573,4390080,0.0167
"(196608, 262144]","(4096, 8192]",590,3433664,0.0130
"(196608, 262144]","(8192, 16384]",231,2630336,0.0100
"(196608, 262144]","(16384, 32768]",91,1977984,0.0075
"(196608, 262144]","(32768, 65536]",25,1047552,0.0040
"(196608, 262144]","(65536, 262144]",35,6256896,0.0237
