op,n,bytes,p50_ms,p99_ms,min_ms,max_ms
allreduce,1,4096,0.003110400028526783,0.0037647999823093416,0.0030735999345779417,0.0037647999823093416
allreduce,8,32768,0.0032472001388669015,0.0037935998290777205,0.003179199993610382,0.0037935998290777205
allreduce,16,65536,0.003256800025701523,0.0039023999124765396,0.003190400078892708,0.0039023999124765396
allreduce,32,131072,0.0033928001299500465,0.004027200117707253,0.0033312000334262846,0.004027200117707253
allreduce,64,262144,0.00421760007739067,0.00488319993019104,0.0039792001247406,0.00488319993019104
allreduce,128,524288,0.005698399990797043,0.006351999938488007,0.005640000104904175,0.006351999938488007
allreduce,256,1048576,0.007185599952936173,0.007745599746704102,0.007063999772071838,0.007745599746704102
allreduce,512,2097152,0.012079999968409538,0.012675200402736665,0.011929599940776825,0.012675200402736665
allreduce,1024,4194304,0.020553600043058395,0.02129279971122742,0.020366400480270386,0.02129279971122742
allreduce,2048,8388608,0.03854240030050278,0.03916159868240356,0.03819040060043335,0.03916159868240356
allreduce,4096,16777216,0.07265679836273192,0.1953760027885437,0.07220799922943115,0.1953760027885437
allreduce,8192,33554432,0.14113279581069949,0.1450991988182068,0.1408687949180603,0.1450991988182068
allreduce,16384,67108864,0.27913119792938235,0.2821264028549194,0.2768944025039673,0.2821264028549194
